VendorCode,VendorName
P001,Nyatsime Transport (Pvt) Ltd
P002,NYATSIME TRANSPORT
P003,Nyatsime Transports Pvt Ltd
P004,Chinhoyi Hardware & Supplies
P005,Chinhoyi Hardware and Supplies (Private) Limited
P006,Delta Beverages Ltd
P007,Delta Beverage Limited
P008,Sunrise Trading Co (Pvt) Ltd
P009,Sunrise Tradings
P010,Zvishavane Steel & Tube
P011,Zvishavane Steel and Tubes
P012,Kwekwe Auto Spares
P013,Marondera Milling Company
P014,Masvingo Chemicals Pvt Ltd
P015,Bulawayo Printers & Stationers
P016,Gweru Engineering Works
P017,Mutare Timber Products
P018,Hwange Coal Suppliers
P019,Kadoma Brickworks
P020,Chiredzi Estates Limited
