Period,PeriodEndDate,FromCurrency,ToCurrency,AverageRate,ClosingRate
2024-01,2024-01-31,ZAR,USD,0.05,0.05
2024-01,2024-01-31,GBP,USD,1.31,1.3
2024-01,2024-01-31,EUR,USD,1.07,1.07
2024-01,2024-01-31,ZWG,USD,0.04,0.04
2024-02,2024-02-29,ZAR,USD,0.05,0.05
2024-02,2024-02-29,GBP,USD,1.23,1.23
2024-02,2024-02-29,EUR,USD,1.1,1.1
2024-02,2024-02-29,ZWG,USD,0.04,0.04
2024-03,2024-03-31,ZAR,USD,0.05,0.05
2024-03,2024-03-31,GBP,USD,1.26,1.27
2024-03,2024-03-31,EUR,USD,1.07,1.07
2024-03,2024-03-31,ZWG,USD,0.04,0.04
2024-04,2024-04-30,ZAR,USD,0.05,0.05
2024-04,2024-04-30,GBP,USD,1.27,1.26
2024-04,2024-04-30,EUR,USD,1.11,1.11
2024-04,2024-04-30,ZWG,USD,0.04,0.04
2024-05,2024-05-31,ZAR,USD,0.05,0.05
2024-05,2024-05-31,GBP,USD,1.3,1.29
2024-05,2024-05-31,EUR,USD,1.06,1.07
2024-05,2024-05-31,ZWG,USD,0.04,0.04
2024-06,2024-06-30,ZAR,USD,0.05,0.05
2024-06,2024-06-30,GBP,USD,1.29,1.28
2024-06,2024-06-30,EUR,USD,1.06,1.05
2024-06,2024-06-30,ZWG,USD,0.04,0.04
2024-07,2024-07-31,ZAR,USD,0.05,0.05
2024-07,2024-07-31,GBP,USD,1.27,1.27
2024-07,2024-07-31,EUR,USD,1.06,1.06
2024-07,2024-07-31,ZWG,USD,0.04,0.04
2024-08,2024-08-31,ZAR,USD,0.05,0.05
2024-08,2024-08-31,GBP,USD,1.31,1.3
2024-08,2024-08-31,EUR,USD,1.05,1.04
2024-08,2024-08-31,ZWG,USD,0.04,0.04
2024-09,2024-09-30,ZAR,USD,0.05,0.05
2024-09,2024-09-30,GBP,USD,1.24,1.24
2024-09,2024-09-30,EUR,USD,1.08,1.09
2024-09,2024-09-30,ZWG,USD,0.04,0.04
2024-10,2024-10-31,ZAR,USD,0.05,0.05
2024-10,2024-10-31,GBP,USD,1.24,1.25
2024-10,2024-10-31,EUR,USD,1.09,1.09
2024-10,2024-10-31,ZWG,USD,0.04,0.04
2024-11,2024-11-30,ZAR,USD,0.06,0.06
2024-11,2024-11-30,GBP,USD,1.24,1.24
2024-11,2024-11-30,EUR,USD,1.05,1.05
2024-11,2024-11-30,ZWG,USD,0.04,0.04
2024-12,2024-12-31,ZAR,USD,0.05,0.05
2024-12,2024-12-31,GBP,USD,1.25,1.24
2024-12,2024-12-31,EUR,USD,1.08,1.08
2024-12,2024-12-31,ZWG,USD,0.04,0.04
2025-01,2025-01-31,ZAR,USD,0.05,0.05
2025-01,2025-01-31,GBP,USD,1.29,1.29
2025-01,2025-01-31,EUR,USD,1.11,1.11
2025-01,2025-01-31,ZWG,USD,0.04,0.04
2025-02,2025-02-28,ZAR,USD,0.05,0.05
2025-02,2025-02-28,GBP,USD,1.28,1.28
2025-02,2025-02-28,EUR,USD,1.08,1.08
2025-02,2025-02-28,ZWG,USD,0.04,0.04
2025-03,2025-03-31,ZAR,USD,0.05,0.05
2025-03,2025-03-31,GBP,USD,1.24,1.24
2025-03,2025-03-31,EUR,USD,1.07,1.08
2025-03,2025-03-31,ZWG,USD,0.04,0.04
2025-04,2025-04-30,ZAR,USD,0.05,0.05
2025-04,2025-04-30,GBP,USD,1.3,1.29
2025-04,2025-04-30,EUR,USD,1.06,1.07
2025-04,2025-04-30,ZWG,USD,0.04,0.04
2025-05,2025-05-31,ZAR,USD,0.05,0.05
2025-05,2025-05-31,GBP,USD,1.27,1.27
2025-05,2025-05-31,EUR,USD,1.09,1.1
2025-05,2025-05-31,ZWG,USD,0.04,0.04
2025-06,2025-06-30,ZAR,USD,0.05,0.05
2025-06,2025-06-30,GBP,USD,1.26,1.26
2025-06,2025-06-30,EUR,USD,1.08,1.09
2025-06,2025-06-30,ZWG,USD,0.04,0.04
2025-07,2025-07-31,ZAR,USD,0.05,0.05
2025-07,2025-07-31,GBP,USD,1.26,1.27
2025-07,2025-07-31,EUR,USD,1.08,1.08
2025-07,2025-07-31,ZWG,USD,0.04,0.04
2025-08,2025-08-31,ZAR,USD,0.05,0.05
2025-08,2025-08-31,GBP,USD,1.25,1.24
2025-08,2025-08-31,EUR,USD,1.06,1.07
2025-08,2025-08-31,ZWG,USD,0.04,0.04
2025-09,2025-09-30,ZAR,USD,0.06,0.06
2025-09,2025-09-30,GBP,USD,1.26,1.25
2025-09,2025-09-30,EUR,USD,1.08,1.09
2025-09,2025-09-30,ZWG,USD,0.04,0.04
