InvoiceNo,CustomerID,InvoiceDate,DueDate,Currency,AmountUSD,AmountReceivedUSD,DaysOverdue,AgeingBucket,DisputedFlag,AsAtDate
SI-202500000,C3004,2025-02-08,2025-04-09,EUR,31095.16,0.0,174,91-180 days,No,2025-09-30
SI-202500001,C3009,2025-05-02,2025-06-01,USD,79862.79,0.0,121,91-180 days,No,2025-09-30
SI-202500002,C3010,2025-04-28,2025-05-28,USD,4907.79,0.0,125,91-180 days,No,2025-09-30
SI-202500003,C3011,2025-05-07,2025-06-06,USD,14124.37,0.0,116,91-180 days,No,2025-09-30
SI-202500004,C3012,2025-07-24,2025-09-22,USD,65567.16,65567.16,8,1-30 days,No,2025-09-30
SI-202500005,C3004,2025-01-14,2025-03-15,EUR,9461.93,0.0,199,Over 180 days,No,2025-09-30
SI-202500006,C3008,2025-05-14,2025-06-13,USD,4874.15,0.0,109,91-180 days,No,2025-09-30
SI-202500007,C3003,2025-06-14,2025-07-14,GBP,5014.13,0.0,78,61-90 days,No,2025-09-30
SI-202500008,C3011,2025-07-21,2025-08-20,USD,9682.99,0.0,41,31-60 days,No,2025-09-30
SI-202500009,C3016,2025-03-11,2025-04-10,GBP,62530.1,0.0,173,91-180 days,No,2025-09-30
SI-202500010,C3009,2025-04-14,2025-05-14,USD,4411.29,0.0,139,91-180 days,No,2025-09-30
SI-202500011,C3015,2025-01-27,2025-02-26,USD,28170.27,0.0,216,Over 180 days,No,2025-09-30
SI-202500012,C3018,2025-02-06,2025-03-08,USD,14017.44,0.0,206,Over 180 days,No,2025-09-30
SI-202500013,C3010,2025-03-19,2025-04-18,USD,9187.77,0.0,165,91-180 days,No,2025-09-30
SI-202500014,C3003,2025-09-14,2025-10-14,GBP,28669.44,10034.3,0,Current,No,2025-09-30
SI-202500015,C3001,2025-03-01,2025-04-15,USD,44493.53,0.0,168,91-180 days,No,2025-09-30
SI-202500016,C3013,2025-01-21,2025-03-07,USD,18343.8,0.0,207,Over 180 days,No,2025-09-30
SI-202500017,C3004,2025-03-28,2025-05-27,EUR,14859.06,0.0,126,91-180 days,No,2025-09-30
SI-202500018,C3017,2025-05-05,2025-06-04,USD,17643.79,0.0,118,91-180 days,No,2025-09-30
SI-202500019,C3018,2025-09-07,2025-10-07,USD,7713.06,4627.84,0,Current,No,2025-09-30
SI-202500020,C3010,2025-09-02,2025-10-02,USD,23633.73,0.0,0,Current,No,2025-09-30
SI-202500021,C3002,2025-05-15,2025-06-14,ZAR,9073.68,0.0,108,91-180 days,No,2025-09-30
SI-202500022,C3010,2025-03-20,2025-04-19,USD,9777.18,0.0,164,91-180 days,No,2025-09-30
SI-202500023,C3016,2025-04-15,2025-05-15,GBP,68628.67,0.0,138,91-180 days,No,2025-09-30
SI-202500024,C3008,2025-03-28,2025-04-27,USD,22560.61,0.0,156,91-180 days,No,2025-09-30
SI-202500025,C3006,2025-06-26,2025-08-25,USD,20497.53,0.0,36,31-60 days,No,2025-09-30
SI-202500026,C3016,2025-08-29,2025-09-28,GBP,3800.43,1330.15,2,1-30 days,No,2025-09-30
SI-202500027,C3013,2025-05-20,2025-07-04,USD,24929.29,0.0,88,61-90 days,No,2025-09-30
SI-202500028,C3011,2025-07-08,2025-08-07,USD,7472.06,0.0,54,31-60 days,No,2025-09-30
SI-202500029,C3006,2025-07-16,2025-09-14,USD,81511.25,0.0,16,1-30 days,No,2025-09-30
SI-202500030,C3007,2025-03-27,2025-04-26,USD,8684.91,0.0,157,91-180 days,No,2025-09-30
SI-202500031,C3005,2025-05-06,2025-06-05,USD,20538.7,0.0,117,91-180 days,No,2025-09-30
SI-202500032,C3017,2025-07-24,2025-08-23,USD,27462.52,0.0,38,31-60 days,No,2025-09-30
SI-202500033,C3006,2025-03-29,2025-05-28,USD,3611.04,0.0,125,91-180 days,No,2025-09-30
SI-202500034,C3004,2025-05-27,2025-07-26,EUR,27235.05,0.0,66,61-90 days,No,2025-09-30
SI-202500035,C3018,2025-04-19,2025-05-19,USD,8414.06,0.0,134,91-180 days,No,2025-09-30
SI-202500036,C3003,2025-02-09,2025-03-11,GBP,42732.05,0.0,203,Over 180 days,No,2025-09-30
SI-202500037,C3011,2025-04-02,2025-05-02,USD,18470.11,0.0,151,91-180 days,No,2025-09-30
SI-202500038,C3001,2025-06-01,2025-07-16,USD,13525.16,0.0,76,61-90 days,No,2025-09-30
SI-202500039,C3006,2025-01-15,2025-03-16,USD,47075.18,0.0,198,Over 180 days,No,2025-09-30
SI-202500040,C3005,2025-03-30,2025-04-29,USD,30575.46,0.0,154,91-180 days,No,2025-09-30
SI-202500041,C3008,2025-06-05,2025-07-05,USD,28304.97,0.0,87,61-90 days,No,2025-09-30
SI-202500042,C3014,2025-03-21,2025-05-05,USD,77689.7,0.0,148,91-180 days,No,2025-09-30
SI-202500043,C3008,2025-02-23,2025-03-25,USD,15972.16,0.0,189,Over 180 days,No,2025-09-30
SI-202500044,C3013,2025-02-27,2025-04-13,USD,28699.61,0.0,170,91-180 days,No,2025-09-30
SI-202500045,C3005,2025-02-14,2025-03-16,USD,64844.87,0.0,198,Over 180 days,No,2025-09-30
SI-202500046,C3009,2025-04-28,2025-05-28,USD,15469.51,0.0,125,91-180 days,No,2025-09-30
SI-202500047,C3018,2025-07-11,2025-08-10,USD,7618.91,2666.62,51,31-60 days,No,2025-09-30
SI-202500048,C3013,2025-06-24,2025-08-08,USD,22439.87,22439.87,53,31-60 days,No,2025-09-30
SI-202500049,C3015,2025-05-22,2025-06-21,USD,48171.79,0.0,101,91-180 days,No,2025-09-30
SI-202500050,C3007,2025-01-18,2025-02-17,USD,67932.57,0.0,225,Over 180 days,No,2025-09-30
SI-202500051,C3017,2025-08-06,2025-09-05,USD,4327.47,4327.47,25,1-30 days,No,2025-09-30
SI-202500052,C3006,2025-09-16,2025-11-15,USD,13790.17,8274.1,0,Current,No,2025-09-30
SI-202500053,C3010,2025-07-11,2025-08-10,USD,68254.38,0.0,51,31-60 days,No,2025-09-30
SI-202500054,C3016,2025-02-04,2025-03-06,GBP,24802.81,0.0,208,Over 180 days,No,2025-09-30
SI-202500055,C3011,2025-01-13,2025-02-12,USD,29973.7,0.0,230,Over 180 days,No,2025-09-30
SI-202500056,C3011,2025-08-03,2025-09-02,USD,81190.33,28416.62,28,1-30 days,No,2025-09-30
SI-202500057,C3011,2025-08-15,2025-09-14,USD,48190.44,0.0,16,1-30 days,No,2025-09-30
SI-202500058,C3015,2025-02-13,2025-03-15,USD,13153.47,0.0,199,Over 180 days,No,2025-09-30
SI-202500059,C3010,2025-01-15,2025-02-14,USD,9138.69,0.0,228,Over 180 days,No,2025-09-30
SI-202500060,C3018,2025-01-19,2025-02-18,USD,8964.44,0.0,224,Over 180 days,No,2025-09-30
SI-202500061,C3017,2025-02-10,2025-03-12,USD,4224.9,0.0,202,Over 180 days,No,2025-09-30
SI-202500062,C3005,2025-07-15,2025-08-14,USD,9935.74,0.0,47,31-60 days,Yes,2025-09-30
SI-202500063,C3014,2025-06-16,2025-07-31,USD,23815.84,0.0,61,61-90 days,No,2025-09-30
SI-202500064,C3014,2025-06-27,2025-08-11,USD,62619.31,37571.59,50,31-60 days,No,2025-09-30
SI-202500065,C3005,2025-06-11,2025-07-11,USD,19798.22,0.0,81,61-90 days,No,2025-09-30
SI-202500066,C3002,2025-06-27,2025-07-27,ZAR,14397.16,0.0,65,61-90 days,No,2025-09-30
SI-202500067,C3002,2025-03-13,2025-04-12,ZAR,4150.1,0.0,171,91-180 days,No,2025-09-30
SI-202500068,C3004,2025-06-24,2025-08-23,EUR,21762.91,13057.75,38,31-60 days,No,2025-09-30
SI-202500069,C3005,2025-09-20,2025-10-20,USD,49948.11,29968.87,0,Current,No,2025-09-30
SI-202500070,C3016,2025-01-29,2025-02-28,GBP,8642.9,0.0,214,Over 180 days,No,2025-09-30
SI-202500071,C3009,2025-07-30,2025-08-29,USD,23198.24,0.0,32,31-60 days,No,2025-09-30
SI-202500072,C3002,2025-04-27,2025-05-27,ZAR,8014.79,0.0,126,91-180 days,No,2025-09-30
SI-202500073,C3001,2025-09-13,2025-10-28,USD,8792.68,8792.68,0,Current,No,2025-09-30
SI-202500074,C3011,2025-03-19,2025-04-18,USD,25580.03,0.0,165,91-180 days,No,2025-09-30
SI-202500075,C3010,2025-08-21,2025-09-20,USD,19281.66,0.0,10,1-30 days,No,2025-09-30
SI-202500076,C3018,2025-07-20,2025-08-19,USD,14635.56,0.0,42,31-60 days,No,2025-09-30
SI-202500077,C3012,2025-07-31,2025-09-29,USD,20678.16,7237.36,1,1-30 days,Yes,2025-09-30
SI-202500078,C3007,2025-07-02,2025-08-01,USD,12934.46,7760.68,60,31-60 days,No,2025-09-30
SI-202500079,C3004,2025-02-04,2025-04-05,EUR,30291.53,0.0,178,91-180 days,No,2025-09-30
SI-202500080,C3013,2025-09-06,2025-10-21,USD,21630.21,0.0,0,Current,No,2025-09-30
SI-202500081,C3004,2025-04-04,2025-06-03,EUR,70562.04,0.0,119,91-180 days,No,2025-09-30
SI-202500082,C3011,2025-03-21,2025-04-20,USD,25713.04,0.0,163,91-180 days,No,2025-09-30
SI-202500083,C3018,2025-05-20,2025-06-19,USD,12416.83,0.0,103,91-180 days,No,2025-09-30
SI-202500084,C3002,2025-07-29,2025-08-28,ZAR,78510.07,0.0,33,31-60 days,Yes,2025-09-30
SI-202500085,C3005,2025-06-05,2025-07-05,USD,4953.9,0.0,87,61-90 days,No,2025-09-30
SI-202500086,C3013,2025-05-04,2025-06-18,USD,14131.74,0.0,104,91-180 days,No,2025-09-30
SI-202500087,C3015,2025-04-18,2025-05-18,USD,15913.89,0.0,135,91-180 days,No,2025-09-30
SI-202500088,C3007,2025-06-11,2025-07-11,USD,11727.23,0.0,81,61-90 days,No,2025-09-30
SI-202500089,C3005,2025-02-08,2025-03-10,USD,62226.71,0.0,204,Over 180 days,No,2025-09-30
SI-202500090,C3013,2025-02-04,2025-03-21,USD,4679.22,0.0,193,Over 180 days,No,2025-09-30
SI-202500091,C3013,2025-04-27,2025-06-11,USD,17598.47,0.0,111,91-180 days,No,2025-09-30
SI-202500092,C3003,2025-08-13,2025-09-12,GBP,47409.02,28445.41,18,1-30 days,No,2025-09-30
SI-202500093,C3013,2025-05-06,2025-06-20,USD,46553.72,0.0,102,91-180 days,No,2025-09-30
SI-202500094,C3002,2025-03-14,2025-04-13,ZAR,38422.81,0.0,170,91-180 days,No,2025-09-30
SI-202500095,C3011,2025-04-19,2025-05-19,USD,17869.78,0.0,134,91-180 days,No,2025-09-30
SI-202500096,C3014,2025-09-15,2025-10-30,USD,44357.17,44357.17,0,Current,No,2025-09-30
SI-202500097,C3011,2025-03-31,2025-04-30,USD,25746.55,0.0,153,91-180 days,No,2025-09-30
SI-202500098,C3004,2025-08-23,2025-10-22,EUR,3669.49,1284.32,0,Current,No,2025-09-30
SI-202500099,C3003,2025-01-24,2025-02-23,GBP,15949.88,0.0,219,Over 180 days,No,2025-09-30
SI-202500100,C3008,2025-01-16,2025-02-15,USD,29264.26,0.0,227,Over 180 days,No,2025-09-30
SI-202500101,C3011,2025-04-21,2025-05-21,USD,23728.47,0.0,132,91-180 days,No,2025-09-30
SI-202500102,C3006,2025-05-26,2025-07-25,USD,31528.17,0.0,67,61-90 days,No,2025-09-30
SI-202500103,C3004,2025-08-08,2025-10-07,EUR,8262.37,0.0,0,Current,No,2025-09-30
SI-202500104,C3010,2025-08-24,2025-09-23,USD,44396.46,26637.88,7,1-30 days,No,2025-09-30
SI-202500105,C3011,2025-03-15,2025-04-14,USD,8766.71,0.0,169,91-180 days,No,2025-09-30
SI-202500106,C3004,2025-02-08,2025-04-09,EUR,48903.13,0.0,174,91-180 days,No,2025-09-30
SI-202500107,C3001,2025-03-23,2025-05-07,USD,58867.49,0.0,146,91-180 days,No,2025-09-30
SI-202500108,C3017,2025-03-17,2025-04-16,USD,27379.85,0.0,167,91-180 days,No,2025-09-30
SI-202500109,C3007,2025-04-24,2025-05-24,USD,13062.1,0.0,129,91-180 days,No,2025-09-30
SI-202500110,C3011,2025-07-18,2025-08-17,USD,23606.56,8262.3,44,31-60 days,No,2025-09-30
SI-202500111,C3003,2025-07-12,2025-08-11,GBP,3838.04,0.0,50,31-60 days,No,2025-09-30
SI-202500112,C3014,2025-01-30,2025-03-16,USD,75773.02,0.0,198,Over 180 days,No,2025-09-30
SI-202500113,C3016,2025-07-12,2025-08-11,GBP,36603.55,0.0,50,31-60 days,No,2025-09-30
SI-202500114,C3005,2025-03-01,2025-03-31,USD,8183.99,0.0,183,Over 180 days,No,2025-09-30
SI-202500115,C3017,2025-02-19,2025-03-21,USD,12558.35,0.0,193,Over 180 days,No,2025-09-30
SI-202500116,C3016,2025-09-03,2025-10-03,GBP,7554.76,0.0,0,Current,No,2025-09-30
SI-202500117,C3014,2025-05-03,2025-06-17,USD,14477.39,0.0,105,91-180 days,No,2025-09-30
SI-202500118,C3001,2025-04-05,2025-05-20,USD,21412.29,0.0,133,91-180 days,No,2025-09-30
SI-202500119,C3001,2025-05-16,2025-06-30,USD,68420.61,0.0,92,91-180 days,No,2025-09-30
SI-202500120,C3017,2025-02-16,2025-03-18,USD,45781.73,0.0,196,Over 180 days,No,2025-09-30
SI-202500121,C3009,2025-07-02,2025-08-01,USD,8447.7,5068.62,60,31-60 days,No,2025-09-30
SI-202500122,C3003,2025-03-17,2025-04-16,GBP,76042.21,0.0,167,91-180 days,No,2025-09-30
SI-202500123,C3005,2025-07-17,2025-08-16,USD,28733.63,28733.63,45,31-60 days,No,2025-09-30
SI-202500124,C3011,2025-09-07,2025-10-07,USD,11431.79,4001.13,0,Current,No,2025-09-30
SI-202500125,C3008,2025-05-02,2025-06-01,USD,4141.94,0.0,121,91-180 days,No,2025-09-30
SI-202500126,C3006,2025-04-03,2025-06-02,USD,23321.97,0.0,120,91-180 days,No,2025-09-30
SI-202500127,C3004,2025-04-12,2025-06-11,EUR,9350.1,0.0,111,91-180 days,No,2025-09-30
SI-202500128,C3014,2025-07-20,2025-09-03,USD,3792.38,0.0,27,1-30 days,No,2025-09-30
SI-202500129,C3005,2025-06-02,2025-07-02,USD,36215.83,0.0,90,61-90 days,No,2025-09-30
SI-202500130,C3005,2025-03-19,2025-04-18,USD,31338.67,0.0,165,91-180 days,No,2025-09-30
SI-202500131,C3018,2025-09-06,2025-10-06,USD,69392.74,41635.64,0,Current,No,2025-09-30
SI-202500132,C3016,2025-04-17,2025-05-17,GBP,40915.5,0.0,136,91-180 days,No,2025-09-30
SI-202500133,C3015,2025-06-15,2025-07-15,USD,12241.68,0.0,77,61-90 days,No,2025-09-30
SI-202500134,C3015,2025-06-27,2025-07-27,USD,50288.16,0.0,65,61-90 days,No,2025-09-30
SI-202500135,C3008,2025-06-02,2025-07-02,USD,50274.65,0.0,90,61-90 days,No,2025-09-30
SI-202500136,C3016,2025-08-12,2025-09-11,GBP,11521.37,0.0,19,1-30 days,No,2025-09-30
SI-202500137,C3005,2025-07-23,2025-08-22,USD,70150.54,42090.32,39,31-60 days,No,2025-09-30
SI-202500138,C3015,2025-03-05,2025-04-04,USD,81436.77,0.0,179,91-180 days,No,2025-09-30
SI-202500139,C3018,2025-05-19,2025-06-18,USD,7391.47,0.0,104,91-180 days,Yes,2025-09-30
SI-202500140,C3003,2025-08-27,2025-09-26,GBP,10114.72,3540.15,4,1-30 days,No,2025-09-30
SI-202500141,C3003,2025-04-18,2025-05-18,GBP,15069.89,0.0,135,91-180 days,No,2025-09-30
SI-202500142,C3009,2025-03-09,2025-04-08,USD,4857.46,0.0,175,91-180 days,No,2025-09-30
SI-202500143,C3002,2025-03-21,2025-04-20,ZAR,13608.43,0.0,163,91-180 days,No,2025-09-30
SI-202500144,C3013,2025-05-16,2025-06-30,USD,4250.39,0.0,92,91-180 days,No,2025-09-30
SI-202500145,C3012,2025-02-07,2025-04-08,USD,3970.03,0.0,175,91-180 days,No,2025-09-30
SI-202500146,C3002,2025-02-27,2025-03-29,ZAR,40112.94,0.0,185,Over 180 days,No,2025-09-30
SI-202500147,C3015,2025-09-18,2025-10-18,USD,3973.22,2383.93,0,Current,No,2025-09-30
SI-202500148,C3016,2025-02-15,2025-03-17,GBP,22213.01,0.0,197,Over 180 days,No,2025-09-30
SI-202500149,C3010,2025-06-01,2025-07-01,USD,71950.21,0.0,91,91-180 days,No,2025-09-30
SI-202500150,C3002,2025-03-26,2025-04-25,ZAR,4551.56,0.0,158,91-180 days,No,2025-09-30
SI-202500151,C3014,2025-04-30,2025-06-14,USD,7536.64,0.0,108,91-180 days,Yes,2025-09-30
SI-202500152,C3001,2025-02-05,2025-03-22,USD,23697.19,0.0,192,Over 180 days,No,2025-09-30
SI-202500153,C3006,2025-09-02,2025-11-01,USD,22943.39,0.0,0,Current,No,2025-09-30
SI-202500154,C3016,2025-06-16,2025-07-16,GBP,63759.04,0.0,76,61-90 days,No,2025-09-30
SI-202500155,C3009,2025-06-15,2025-07-15,USD,12792.76,0.0,77,61-90 days,No,2025-09-30
SI-202500156,C3005,2025-07-22,2025-08-21,USD,20399.04,0.0,40,31-60 days,No,2025-09-30
SI-202500157,C3008,2025-06-02,2025-07-02,USD,25646.26,0.0,90,61-90 days,No,2025-09-30
SI-202500158,C3006,2025-08-14,2025-10-13,USD,46603.58,16311.25,0,Current,No,2025-09-30
SI-202500159,C3010,2025-09-09,2025-10-09,USD,12986.86,7792.12,0,Current,No,2025-09-30
SI-202500160,C3003,2025-08-22,2025-09-21,GBP,73128.24,25594.88,9,1-30 days,No,2025-09-30
SI-202500161,C3010,2025-07-19,2025-08-18,USD,7492.52,0.0,43,31-60 days,No,2025-09-30
SI-202500162,C3010,2025-06-18,2025-07-18,USD,12066.17,0.0,74,61-90 days,No,2025-09-30
SI-202500163,C3013,2025-07-01,2025-08-15,USD,19603.32,0.0,46,31-60 days,No,2025-09-30
SI-202500164,C3018,2025-04-20,2025-05-20,USD,28740.29,0.0,133,91-180 days,No,2025-09-30
SI-202500165,C3010,2025-04-20,2025-05-20,USD,4620.97,0.0,133,91-180 days,No,2025-09-30
SI-202500166,C3009,2025-04-22,2025-05-22,USD,14101.38,0.0,131,91-180 days,No,2025-09-30
SI-202500167,C3006,2025-09-22,2025-11-21,USD,43436.39,43436.39,0,Current,No,2025-09-30
SI-202500168,C3015,2025-02-17,2025-03-19,USD,28727.79,0.0,195,Over 180 days,No,2025-09-30
SI-202500169,C3005,2025-02-19,2025-03-21,USD,4572.24,0.0,193,Over 180 days,No,2025-09-30
SI-202500170,C3005,2025-07-03,2025-08-02,USD,3747.74,1311.71,59,31-60 days,No,2025-09-30
SI-202500171,C3005,2025-07-05,2025-08-04,USD,14471.6,14471.6,57,31-60 days,No,2025-09-30
SI-202500172,C3011,2025-05-26,2025-06-25,USD,29763.55,0.0,97,91-180 days,No,2025-09-30
SI-202500173,C3003,2025-05-11,2025-06-10,GBP,21291.26,0.0,112,91-180 days,No,2025-09-30
SI-202500174,C3008,2025-04-28,2025-05-28,USD,15309.81,0.0,125,91-180 days,No,2025-09-30
SI-202500175,C3011,2025-02-04,2025-03-06,USD,23090.62,0.0,208,Over 180 days,No,2025-09-30
SI-202500176,C3018,2025-02-12,2025-03-14,USD,48965.41,0.0,200,Over 180 days,No,2025-09-30
SI-202500177,C3007,2025-06-01,2025-07-01,USD,7332.46,0.0,91,91-180 days,No,2025-09-30
SI-202500178,C3006,2025-02-24,2025-04-25,USD,14034.52,0.0,158,91-180 days,Yes,2025-09-30
SI-202500179,C3015,2025-02-07,2025-03-09,USD,18706.91,0.0,205,Over 180 days,No,2025-09-30
SI-202500180,C3016,2025-06-22,2025-07-22,GBP,18016.16,0.0,70,61-90 days,No,2025-09-30
SI-202500181,C3006,2025-04-17,2025-06-16,USD,20958.99,0.0,106,91-180 days,No,2025-09-30
SI-202500182,C3009,2025-04-07,2025-05-07,USD,22580.3,0.0,146,91-180 days,No,2025-09-30
SI-202500183,C3011,2025-06-07,2025-07-07,USD,21769.1,0.0,85,61-90 days,No,2025-09-30
SI-202500184,C3017,2025-05-18,2025-06-17,USD,23903.62,0.0,105,91-180 days,No,2025-09-30
SI-202500185,C3001,2025-03-14,2025-04-28,USD,42792.45,0.0,155,91-180 days,No,2025-09-30
SI-202500186,C3009,2025-08-02,2025-09-01,USD,42176.27,0.0,29,1-30 days,No,2025-09-30
SI-202500187,C3004,2025-03-02,2025-05-01,EUR,26382.09,0.0,152,91-180 days,No,2025-09-30
SI-202500188,C3017,2025-02-25,2025-03-27,USD,58634.8,0.0,187,Over 180 days,No,2025-09-30
SI-202500189,C3016,2025-05-23,2025-06-22,GBP,71900.57,0.0,100,91-180 days,No,2025-09-30
SI-202500190,C3015,2025-03-11,2025-04-10,USD,13232.99,0.0,173,91-180 days,No,2025-09-30
SI-202500191,C3002,2025-09-02,2025-10-02,ZAR,58492.1,35095.26,0,Current,Yes,2025-09-30
SI-202500192,C3006,2025-03-31,2025-05-30,USD,14982.35,0.0,123,91-180 days,No,2025-09-30
SI-202500193,C3016,2025-02-28,2025-03-30,GBP,8512.51,0.0,184,Over 180 days,No,2025-09-30
SI-202500194,C3012,2025-06-13,2025-08-12,USD,13636.95,8182.17,49,31-60 days,No,2025-09-30
SI-202500195,C3016,2025-06-12,2025-07-12,GBP,25947.92,0.0,80,61-90 days,No,2025-09-30
SI-202500196,C3009,2025-07-07,2025-08-06,USD,21021.97,0.0,55,31-60 days,No,2025-09-30
SI-202500197,C3013,2025-08-27,2025-10-11,USD,30395.52,18237.31,0,Current,No,2025-09-30
SI-202500198,C3014,2025-03-05,2025-04-19,USD,7610.7,0.0,164,91-180 days,No,2025-09-30
SI-202500199,C3011,2025-02-23,2025-03-25,USD,8047.59,0.0,189,Over 180 days,No,2025-09-30
SI-202500200,C3014,2025-02-25,2025-04-11,USD,30680.89,0.0,172,91-180 days,No,2025-09-30
SI-202500201,C3018,2025-02-03,2025-03-05,USD,49859.68,0.0,209,Over 180 days,No,2025-09-30
SI-202500202,C3007,2025-01-18,2025-02-17,USD,10013.47,0.0,225,Over 180 days,No,2025-09-30
SI-202500203,C3006,2025-08-13,2025-10-12,USD,8063.71,8063.71,0,Current,No,2025-09-30
SI-202500204,C3016,2025-08-17,2025-09-16,GBP,7332.41,0.0,14,1-30 days,No,2025-09-30
SI-202500205,C3016,2025-03-10,2025-04-09,GBP,8350.2,0.0,174,91-180 days,No,2025-09-30
SI-202500206,C3005,2025-01-28,2025-02-27,USD,4749.07,0.0,215,Over 180 days,No,2025-09-30
SI-202500207,C3003,2025-09-05,2025-10-05,GBP,28177.07,28177.07,0,Current,No,2025-09-30
SI-202500208,C3009,2025-03-21,2025-04-20,USD,35881.42,0.0,163,91-180 days,No,2025-09-30
SI-202500209,C3010,2025-09-05,2025-10-05,USD,4958.56,4958.56,0,Current,No,2025-09-30
SI-202500210,C3018,2025-08-25,2025-09-24,USD,4133.95,0.0,6,1-30 days,No,2025-09-30
SI-202500211,C3001,2025-09-16,2025-10-31,USD,9651.38,5790.83,0,Current,No,2025-09-30
SI-202500212,C3007,2025-03-22,2025-04-21,USD,11898.0,0.0,162,91-180 days,No,2025-09-30
SI-202500213,C3009,2025-05-19,2025-06-18,USD,4069.35,0.0,104,91-180 days,No,2025-09-30
SI-202500214,C3016,2025-06-18,2025-07-18,GBP,59584.42,0.0,74,61-90 days,No,2025-09-30
SI-202500215,C3002,2025-07-30,2025-08-29,ZAR,60402.85,21141.0,32,31-60 days,No,2025-09-30
SI-202500216,C3001,2025-09-15,2025-10-30,USD,25786.05,9025.12,0,Current,No,2025-09-30
SI-202500217,C3011,2025-04-16,2025-05-16,USD,46811.98,0.0,137,91-180 days,No,2025-09-30
SI-202500218,C3003,2025-05-30,2025-06-29,GBP,42658.93,0.0,93,91-180 days,No,2025-09-30
SI-202500219,C3003,2025-04-07,2025-05-07,GBP,9541.56,0.0,146,91-180 days,No,2025-09-30
SI-202500220,C3007,2025-03-10,2025-04-09,USD,59940.49,0.0,174,91-180 days,No,2025-09-30
SI-202500221,C3014,2025-06-20,2025-08-04,USD,4579.59,1602.86,57,31-60 days,No,2025-09-30
SI-202500222,C3001,2025-01-26,2025-03-12,USD,39640.68,0.0,202,Over 180 days,No,2025-09-30
SI-202500223,C3018,2025-03-17,2025-04-16,USD,37765.81,0.0,167,91-180 days,No,2025-09-30
SI-202500224,C3015,2025-02-05,2025-03-07,USD,36888.53,0.0,207,Over 180 days,No,2025-09-30
SI-202500225,C3017,2025-07-18,2025-08-17,USD,4451.81,1558.13,44,31-60 days,No,2025-09-30
SI-202500226,C3014,2025-04-03,2025-05-18,USD,4606.32,0.0,135,91-180 days,No,2025-09-30
SI-202500227,C3015,2025-09-04,2025-10-04,USD,47052.26,28231.36,0,Current,No,2025-09-30
SI-202500228,C3008,2025-02-15,2025-03-17,USD,28542.75,0.0,197,Over 180 days,No,2025-09-30
SI-202500229,C3002,2025-04-03,2025-05-03,ZAR,48281.29,0.0,150,91-180 days,No,2025-09-30
SI-202500230,C3002,2025-04-20,2025-05-20,ZAR,36252.87,0.0,133,91-180 days,No,2025-09-30
SI-202500231,C3013,2025-03-30,2025-05-14,USD,22874.63,0.0,139,91-180 days,No,2025-09-30
SI-202500232,C3012,2025-03-12,2025-05-11,USD,11664.78,0.0,142,91-180 days,No,2025-09-30
SI-202500233,C3014,2025-07-22,2025-09-05,USD,4582.4,0.0,25,1-30 days,No,2025-09-30
SI-202500234,C3004,2025-07-20,2025-09-18,EUR,12188.35,0.0,12,1-30 days,No,2025-09-30
SI-202500235,C3003,2025-07-06,2025-08-05,GBP,4256.24,4256.24,56,31-60 days,No,2025-09-30
SI-202500236,C3017,2025-03-15,2025-04-14,USD,22967.19,0.0,169,91-180 days,No,2025-09-30
SI-202500237,C3004,2025-07-23,2025-09-21,EUR,20483.35,20483.35,9,1-30 days,No,2025-09-30
SI-202500238,C3007,2025-07-27,2025-08-26,USD,75507.34,75507.34,35,31-60 days,No,2025-09-30
SI-202500239,C3001,2025-08-08,2025-09-22,USD,62343.07,62343.07,8,1-30 days,No,2025-09-30
SI-202500240,C3009,2025-05-21,2025-06-20,USD,4408.89,0.0,102,91-180 days,No,2025-09-30
SI-202500241,C3009,2025-09-14,2025-10-14,USD,14970.61,5239.71,0,Current,No,2025-09-30
SI-202500242,C3011,2025-06-12,2025-07-12,USD,8469.61,0.0,80,61-90 days,No,2025-09-30
SI-202500243,C3003,2025-07-27,2025-08-26,GBP,23490.9,8221.82,35,31-60 days,No,2025-09-30
SI-202500244,C3012,2025-02-28,2025-04-29,USD,66105.48,0.0,154,91-180 days,No,2025-09-30
SI-202500245,C3018,2025-07-10,2025-08-09,USD,22456.7,0.0,52,31-60 days,No,2025-09-30
SI-202500246,C3001,2025-06-20,2025-08-04,USD,46411.86,27847.12,57,31-60 days,No,2025-09-30
SI-202500247,C3004,2025-09-06,2025-11-05,EUR,30921.52,0.0,0,Current,No,2025-09-30
SI-202500248,C3005,2025-07-14,2025-08-13,USD,14858.63,0.0,48,31-60 days,No,2025-09-30
SI-202500249,C3008,2025-09-07,2025-10-07,USD,8976.38,3141.73,0,Current,No,2025-09-30
SI-202500250,C3006,2025-02-26,2025-04-27,USD,24349.46,0.0,156,91-180 days,No,2025-09-30
SI-202500251,C3012,2025-07-24,2025-09-22,USD,4453.7,1558.79,8,1-30 days,No,2025-09-30
SI-202500252,C3004,2025-05-21,2025-07-20,EUR,63680.58,0.0,72,61-90 days,No,2025-09-30
SI-202500253,C3006,2025-07-15,2025-09-13,USD,14717.6,8830.56,17,1-30 days,No,2025-09-30
SI-202500254,C3012,2025-07-19,2025-09-17,USD,80692.68,28242.44,13,1-30 days,No,2025-09-30
SI-202500255,C3013,2025-02-17,2025-04-03,USD,18357.37,0.0,180,91-180 days,No,2025-09-30
SI-202500256,C3017,2025-03-17,2025-04-16,USD,14836.88,0.0,167,91-180 days,No,2025-09-30
SI-202500257,C3003,2025-06-14,2025-07-14,GBP,21421.82,0.0,78,61-90 days,No,2025-09-30
SI-202500258,C3006,2025-06-30,2025-08-29,USD,8912.37,0.0,32,31-60 days,No,2025-09-30
SI-202500259,C3010,2025-04-23,2025-05-23,USD,20840.92,0.0,130,91-180 days,No,2025-09-30
SI-202500260,C3009,2025-08-29,2025-09-28,USD,4187.99,2512.79,2,1-30 days,No,2025-09-30
SI-202500261,C3012,2025-06-14,2025-08-13,USD,4287.22,4287.22,48,31-60 days,No,2025-09-30
SI-202500262,C3002,2025-01-15,2025-02-14,ZAR,27302.97,0.0,228,Over 180 days,No,2025-09-30
SI-202500263,C3009,2025-01-29,2025-02-28,USD,49777.26,0.0,214,Over 180 days,No,2025-09-30
SI-202500264,C3016,2025-06-10,2025-07-10,GBP,46500.96,0.0,82,61-90 days,No,2025-09-30
SI-202500265,C3005,2025-02-15,2025-03-17,USD,23252.53,0.0,197,Over 180 days,No,2025-09-30
SI-202500266,C3004,2025-02-11,2025-04-12,EUR,18894.8,0.0,171,91-180 days,No,2025-09-30
SI-202500267,C3008,2025-06-15,2025-07-15,USD,4638.31,0.0,77,61-90 days,No,2025-09-30
SI-202500268,C3008,2025-02-17,2025-03-19,USD,8302.21,0.0,195,Over 180 days,No,2025-09-30
SI-202500269,C3015,2025-03-11,2025-04-10,USD,29132.5,0.0,173,91-180 days,No,2025-09-30
SI-202500270,C3008,2025-09-11,2025-10-11,USD,4629.88,1620.46,0,Current,No,2025-09-30
SI-202500271,C3012,2025-04-17,2025-06-16,USD,19132.39,0.0,106,91-180 days,No,2025-09-30
SI-202500272,C3016,2025-05-07,2025-06-06,GBP,11834.39,0.0,116,91-180 days,No,2025-09-30
SI-202500273,C3014,2025-01-30,2025-03-16,USD,81427.99,0.0,198,Over 180 days,No,2025-09-30
SI-202500274,C3014,2025-05-16,2025-06-30,USD,4466.69,0.0,92,91-180 days,No,2025-09-30
SI-202500275,C3018,2025-05-05,2025-06-04,USD,39469.51,0.0,118,91-180 days,No,2025-09-30
SI-202500276,C3002,2025-03-10,2025-04-09,ZAR,36411.21,0.0,174,91-180 days,No,2025-09-30
SI-202500277,C3015,2025-04-25,2025-05-25,USD,73291.93,0.0,128,91-180 days,No,2025-09-30
SI-202500278,C3018,2025-04-28,2025-05-28,USD,38181.02,0.0,125,91-180 days,No,2025-09-30
SI-202500279,C3004,2025-05-03,2025-07-02,EUR,21726.37,0.0,90,61-90 days,No,2025-09-30
SI-202500280,C3006,2025-03-15,2025-05-14,USD,72374.84,0.0,139,91-180 days,No,2025-09-30
SI-202500281,C3010,2025-08-13,2025-09-12,USD,22775.29,0.0,18,1-30 days,No,2025-09-30
SI-202500282,C3001,2025-08-21,2025-10-05,USD,67472.21,67472.21,0,Current,No,2025-09-30
SI-202500283,C3016,2025-01-23,2025-02-22,GBP,9422.85,0.0,220,Over 180 days,No,2025-09-30
SI-202500284,C3017,2025-05-10,2025-06-09,USD,18966.12,0.0,113,91-180 days,No,2025-09-30
SI-202500285,C3017,2025-02-22,2025-03-24,USD,23229.73,0.0,190,Over 180 days,No,2025-09-30
SI-202500286,C3006,2025-06-05,2025-08-04,USD,19954.47,19954.47,57,31-60 days,No,2025-09-30
SI-202500287,C3017,2025-04-16,2025-05-16,USD,25262.3,0.0,137,91-180 days,No,2025-09-30
SI-202500288,C3015,2025-04-10,2025-05-10,USD,15116.33,0.0,143,91-180 days,No,2025-09-30
SI-202500289,C3009,2025-06-09,2025-07-09,USD,4477.2,0.0,83,61-90 days,No,2025-09-30
SI-202500290,C3007,2025-01-15,2025-02-14,USD,21506.48,0.0,228,Over 180 days,No,2025-09-30
SI-202500291,C3018,2025-06-29,2025-07-29,USD,4794.47,0.0,63,61-90 days,No,2025-09-30
SI-202500292,C3010,2025-01-23,2025-02-22,USD,4954.57,0.0,220,Over 180 days,No,2025-09-30
SI-202500293,C3006,2025-01-27,2025-03-28,USD,30259.16,0.0,186,Over 180 days,No,2025-09-30
SI-202500294,C3015,2025-06-06,2025-07-06,USD,4073.34,0.0,86,61-90 days,No,2025-09-30
SI-202500295,C3017,2025-04-02,2025-05-02,USD,26689.56,0.0,151,91-180 days,No,2025-09-30
SI-202500296,C3004,2025-09-05,2025-11-04,EUR,15118.28,5291.4,0,Current,No,2025-09-30
SI-202500297,C3016,2025-05-04,2025-06-03,GBP,22281.52,0.0,119,91-180 days,No,2025-09-30
SI-202500298,C3014,2025-01-28,2025-03-14,USD,46199.34,0.0,200,Over 180 days,No,2025-09-30
SI-202500299,C3004,2025-07-17,2025-09-15,EUR,21572.53,21572.53,15,1-30 days,No,2025-09-30
SI-202500300,C3018,2025-04-19,2025-05-19,USD,9524.67,0.0,134,91-180 days,No,2025-09-30
SI-202500301,C3005,2025-03-26,2025-04-25,USD,45791.72,0.0,158,91-180 days,No,2025-09-30
SI-202500302,C3009,2025-03-13,2025-04-12,USD,66962.37,0.0,171,91-180 days,No,2025-09-30
SI-202500303,C3004,2025-04-16,2025-06-15,EUR,45257.84,0.0,107,91-180 days,No,2025-09-30
SI-202500304,C3009,2025-03-14,2025-04-13,USD,11437.83,0.0,170,91-180 days,No,2025-09-30
SI-202500305,C3014,2025-03-09,2025-04-23,USD,25807.05,0.0,160,91-180 days,No,2025-09-30
SI-202500306,C3011,2025-03-02,2025-04-01,USD,69451.57,0.0,182,Over 180 days,No,2025-09-30
SI-202500307,C3015,2025-07-26,2025-08-25,USD,58320.95,20412.33,36,31-60 days,No,2025-09-30
SI-202500308,C3014,2025-04-02,2025-05-17,USD,8154.45,0.0,136,91-180 days,No,2025-09-30
SI-202500309,C3004,2025-09-20,2025-11-19,EUR,4559.01,0.0,0,Current,No,2025-09-30
SI-202500310,C3008,2025-05-26,2025-06-25,USD,8987.82,0.0,97,91-180 days,No,2025-09-30
SI-202500311,C3006,2025-04-04,2025-06-03,USD,66068.8,0.0,119,91-180 days,No,2025-09-30
SI-202500312,C3001,2025-08-28,2025-10-12,USD,15408.49,0.0,0,Current,No,2025-09-30
SI-202500313,C3014,2025-04-01,2025-05-16,USD,4633.29,0.0,137,91-180 days,No,2025-09-30
SI-202500314,C3005,2025-05-24,2025-06-23,USD,26211.61,0.0,99,91-180 days,No,2025-09-30
SI-202500315,C3006,2025-02-15,2025-04-16,USD,38928.57,0.0,167,91-180 days,Yes,2025-09-30
SI-202500316,C3008,2025-08-30,2025-09-29,USD,8839.92,5303.95,1,1-30 days,No,2025-09-30
SI-202500317,C3002,2025-09-17,2025-10-17,ZAR,4739.21,0.0,0,Current,No,2025-09-30
SI-202500318,C3011,2025-09-03,2025-10-03,USD,10093.2,0.0,0,Current,No,2025-09-30
SI-202500319,C3002,2025-02-02,2025-03-04,ZAR,15067.39,0.0,210,Over 180 days,No,2025-09-30
SI-202500320,C3012,2025-03-23,2025-05-22,USD,41690.5,0.0,131,91-180 days,No,2025-09-30
SI-202500321,C3002,2025-04-06,2025-05-06,ZAR,4201.21,0.0,147,91-180 days,No,2025-09-30
SI-202500322,C3003,2025-08-26,2025-09-25,GBP,18851.81,18851.81,5,1-30 days,No,2025-09-30
SI-202500323,C3015,2025-07-20,2025-08-19,USD,45464.01,0.0,42,31-60 days,No,2025-09-30
SI-202500324,C3017,2025-08-20,2025-09-19,USD,61050.43,0.0,11,1-30 days,No,2025-09-30
SI-202500325,C3008,2025-04-24,2025-05-24,USD,3581.5,0.0,129,91-180 days,No,2025-09-30
SI-202500326,C3010,2025-07-26,2025-08-25,USD,68437.43,0.0,36,31-60 days,No,2025-09-30
SI-202500327,C3015,2025-06-25,2025-07-25,USD,7600.37,0.0,67,61-90 days,No,2025-09-30
SI-202500328,C3013,2025-04-12,2025-05-27,USD,38654.9,0.0,126,91-180 days,No,2025-09-30
SI-202500329,C3002,2025-09-22,2025-10-22,ZAR,8458.57,0.0,0,Current,No,2025-09-30
SI-202500330,C3014,2025-05-16,2025-06-30,USD,15865.41,0.0,92,91-180 days,No,2025-09-30
SI-202500331,C3015,2025-07-15,2025-08-14,USD,63595.83,63595.83,47,31-60 days,No,2025-09-30
SI-202500332,C3007,2025-07-28,2025-08-27,USD,71105.51,0.0,34,31-60 days,No,2025-09-30
SI-202500333,C3014,2025-09-20,2025-11-04,USD,38307.14,22984.28,0,Current,No,2025-09-30
SI-202500334,C3012,2025-03-28,2025-05-27,USD,12398.18,0.0,126,91-180 days,No,2025-09-30
SI-202500335,C3015,2025-09-21,2025-10-21,USD,40822.66,14287.93,0,Current,No,2025-09-30
SI-202500336,C3004,2025-06-29,2025-08-28,EUR,19293.3,19293.3,33,31-60 days,No,2025-09-30
SI-202500337,C3003,2025-06-03,2025-07-03,GBP,4806.25,0.0,89,61-90 days,No,2025-09-30
SI-202500338,C3009,2025-03-06,2025-04-05,USD,19691.77,0.0,178,91-180 days,No,2025-09-30
SI-202500339,C3001,2025-05-16,2025-06-30,USD,60933.48,0.0,92,91-180 days,No,2025-09-30
SI-202500340,C3006,2025-04-18,2025-06-17,USD,18485.89,0.0,105,91-180 days,No,2025-09-30
SI-202500341,C3007,2025-05-18,2025-06-17,USD,4738.33,0.0,105,91-180 days,No,2025-09-30
SI-202500342,C3006,2025-04-11,2025-06-10,USD,3963.24,0.0,112,91-180 days,Yes,2025-09-30
SI-202500343,C3007,2025-01-15,2025-02-14,USD,8574.04,0.0,228,Over 180 days,No,2025-09-30
SI-202500344,C3005,2025-01-20,2025-02-19,USD,49098.49,0.0,223,Over 180 days,No,2025-09-30
SI-202500345,C3009,2025-06-21,2025-07-21,USD,47625.64,0.0,71,61-90 days,No,2025-09-30
SI-202500346,C3007,2025-04-03,2025-05-03,USD,17540.23,0.0,150,91-180 days,No,2025-09-30
SI-202500347,C3014,2025-02-01,2025-03-18,USD,58748.29,0.0,196,Over 180 days,No,2025-09-30
SI-202500348,C3016,2025-01-15,2025-02-14,GBP,14297.16,0.0,228,Over 180 days,No,2025-09-30
SI-202500349,C3004,2025-02-02,2025-04-03,EUR,80722.46,0.0,180,91-180 days,No,2025-09-30
SI-202500350,C3008,2025-08-18,2025-09-17,USD,9642.43,0.0,13,1-30 days,No,2025-09-30
SI-202500351,C3004,2025-06-23,2025-08-22,EUR,3841.25,0.0,39,31-60 days,No,2025-09-30
SI-202500352,C3015,2025-09-02,2025-10-02,USD,4425.85,4425.85,0,Current,No,2025-09-30
SI-202500353,C3009,2025-08-01,2025-08-31,USD,63223.12,0.0,30,1-30 days,No,2025-09-30
SI-202500354,C3018,2025-03-14,2025-04-13,USD,22850.63,0.0,170,91-180 days,No,2025-09-30
SI-202500355,C3009,2025-09-03,2025-10-03,USD,48373.37,0.0,0,Current,No,2025-09-30
SI-202500356,C3009,2025-01-17,2025-02-16,USD,41760.69,0.0,226,Over 180 days,Yes,2025-09-30
SI-202500357,C3003,2025-03-26,2025-04-25,GBP,80055.67,0.0,158,91-180 days,No,2025-09-30
SI-202500358,C3008,2025-07-11,2025-08-10,USD,39082.27,0.0,51,31-60 days,No,2025-09-30
SI-202500359,C3007,2025-02-28,2025-03-30,USD,4810.09,0.0,184,Over 180 days,No,2025-09-30
SI-202500360,C3008,2025-09-07,2025-10-07,USD,15142.4,5299.84,0,Current,No,2025-09-30
SI-202500361,C3005,2025-08-31,2025-09-30,USD,68926.66,68926.66,0,Current,No,2025-09-30
SI-202500362,C3004,2025-01-13,2025-03-14,EUR,19572.11,0.0,200,Over 180 days,No,2025-09-30
SI-202500363,C3004,2025-08-23,2025-10-22,EUR,25010.14,0.0,0,Current,No,2025-09-30
SI-202500364,C3014,2025-07-13,2025-08-27,USD,7494.41,0.0,34,31-60 days,No,2025-09-30
SI-202500365,C3014,2025-07-31,2025-09-14,USD,77756.71,77756.71,16,1-30 days,No,2025-09-30
SI-202500366,C3003,2025-07-13,2025-08-12,GBP,38735.35,38735.35,49,31-60 days,No,2025-09-30
SI-202500367,C3004,2025-05-27,2025-07-26,EUR,4202.43,0.0,66,61-90 days,No,2025-09-30
SI-202500368,C3002,2025-02-09,2025-03-11,ZAR,36099.89,0.0,203,Over 180 days,No,2025-09-30
SI-202500369,C3010,2025-06-20,2025-07-20,USD,21120.24,0.0,72,61-90 days,No,2025-09-30
SI-202500370,C3014,2025-07-22,2025-09-05,USD,31489.37,0.0,25,1-30 days,No,2025-09-30
SI-202500371,C3018,2025-03-23,2025-04-22,USD,9536.83,0.0,161,91-180 days,No,2025-09-30
SI-202500372,C3017,2025-02-28,2025-03-30,USD,7542.66,0.0,184,Over 180 days,No,2025-09-30
SI-202500373,C3016,2025-08-09,2025-09-08,GBP,37551.46,0.0,22,1-30 days,No,2025-09-30
SI-202500374,C3015,2025-01-14,2025-02-13,USD,14881.51,0.0,229,Over 180 days,No,2025-09-30
SI-202500375,C3008,2025-02-22,2025-03-24,USD,23307.67,0.0,190,Over 180 days,No,2025-09-30
SI-202500376,C3006,2025-07-08,2025-09-06,USD,23728.51,8304.98,24,1-30 days,No,2025-09-30
SI-202500377,C3006,2025-08-10,2025-10-09,USD,23217.71,8126.2,0,Current,No,2025-09-30
SI-202500378,C3005,2025-08-21,2025-09-20,USD,59952.16,20983.26,10,1-30 days,No,2025-09-30
SI-202500379,C3006,2025-07-30,2025-09-28,USD,23037.87,13822.72,2,1-30 days,No,2025-09-30
SI-202500380,C3016,2025-02-20,2025-03-22,GBP,14520.2,0.0,192,Over 180 days,No,2025-09-30
SI-202500381,C3010,2025-06-18,2025-07-18,USD,17394.98,0.0,74,61-90 days,No,2025-09-30
SI-202500382,C3001,2025-05-16,2025-06-30,USD,9697.65,0.0,92,91-180 days,No,2025-09-30
SI-202500383,C3006,2025-06-06,2025-08-05,USD,9722.27,0.0,56,31-60 days,No,2025-09-30
SI-202500384,C3005,2025-09-08,2025-10-08,USD,39375.68,0.0,0,Current,No,2025-09-30
SI-202500385,C3004,2025-02-20,2025-04-21,EUR,23332.85,0.0,162,91-180 days,No,2025-09-30
SI-202500386,C3013,2025-08-12,2025-09-26,USD,13580.96,8148.58,4,1-30 days,No,2025-09-30
SI-202500387,C3003,2025-06-09,2025-07-09,GBP,23551.59,0.0,83,61-90 days,No,2025-09-30
SI-202500388,C3001,2025-06-14,2025-07-29,USD,26914.96,0.0,63,61-90 days,No,2025-09-30
SI-202500389,C3018,2025-08-29,2025-09-28,USD,14403.37,0.0,2,1-30 days,No,2025-09-30
SI-202500390,C3008,2025-03-29,2025-04-28,USD,8778.03,0.0,155,91-180 days,No,2025-09-30
SI-202500391,C3013,2025-06-27,2025-08-11,USD,28164.46,9857.56,50,31-60 days,No,2025-09-30
SI-202500392,C3018,2025-05-15,2025-06-14,USD,4380.07,0.0,108,91-180 days,No,2025-09-30
SI-202500393,C3002,2025-05-18,2025-06-17,ZAR,72395.67,0.0,105,91-180 days,No,2025-09-30
SI-202500394,C3001,2025-05-05,2025-06-19,USD,77669.9,0.0,103,91-180 days,No,2025-09-30
SI-202500395,C3018,2025-03-25,2025-04-24,USD,63696.58,0.0,159,91-180 days,No,2025-09-30
SI-202500396,C3002,2025-05-04,2025-06-03,ZAR,8399.4,0.0,119,91-180 days,No,2025-09-30
SI-202500397,C3010,2025-04-07,2025-05-07,USD,7439.48,0.0,146,91-180 days,No,2025-09-30
SI-202500398,C3003,2025-03-05,2025-04-04,GBP,48405.23,0.0,179,91-180 days,No,2025-09-30
SI-202500399,C3001,2025-07-27,2025-09-10,USD,15203.58,15203.58,20,1-30 days,No,2025-09-30
SI-202500400,C3004,2025-04-28,2025-06-27,EUR,31623.94,0.0,95,91-180 days,No,2025-09-30
SI-202500401,C3013,2025-05-14,2025-06-28,USD,65717.05,0.0,94,91-180 days,No,2025-09-30
SI-202500402,C3013,2025-09-06,2025-10-21,USD,7876.52,2756.78,0,Current,Yes,2025-09-30
SI-202500403,C3001,2025-05-21,2025-07-05,USD,4560.54,0.0,87,61-90 days,No,2025-09-30
SI-202500404,C3006,2025-02-18,2025-04-19,USD,12869.62,0.0,164,91-180 days,No,2025-09-30
SI-202500405,C3007,2025-02-10,2025-03-12,USD,69347.99,0.0,202,Over 180 days,No,2025-09-30
SI-202500406,C3003,2025-06-02,2025-07-02,GBP,8100.35,0.0,90,61-90 days,No,2025-09-30
SI-202500407,C3018,2025-04-30,2025-05-30,USD,74685.29,0.0,123,91-180 days,No,2025-09-30
SI-202500408,C3007,2025-09-21,2025-10-21,USD,43975.13,15391.3,0,Current,No,2025-09-30
SI-202500409,C3018,2025-09-14,2025-10-14,USD,57980.25,57980.25,0,Current,No,2025-09-30
SI-202500410,C3001,2025-05-09,2025-06-23,USD,46010.27,0.0,99,91-180 days,No,2025-09-30
SI-202500411,C3001,2025-07-22,2025-09-05,USD,5014.61,5014.61,25,1-30 days,No,2025-09-30
SI-202500412,C3014,2025-02-26,2025-04-12,USD,13838.03,0.0,171,91-180 days,No,2025-09-30
SI-202500413,C3004,2025-05-15,2025-07-14,EUR,79596.39,0.0,78,61-90 days,No,2025-09-30
SI-202500414,C3014,2025-05-27,2025-07-11,USD,4785.66,0.0,81,61-90 days,No,2025-09-30
SI-202500415,C3013,2025-02-20,2025-04-06,USD,16048.97,0.0,177,91-180 days,No,2025-09-30
SI-202500416,C3010,2025-04-09,2025-05-09,USD,13519.76,0.0,144,91-180 days,No,2025-09-30
SI-202500417,C3010,2025-07-13,2025-08-12,USD,37116.33,12990.72,49,31-60 days,No,2025-09-30
SI-202500418,C3006,2025-08-04,2025-10-03,USD,59991.46,0.0,0,Current,No,2025-09-30
SI-202500419,C3008,2025-04-12,2025-05-12,USD,21891.38,0.0,141,91-180 days,No,2025-09-30
