Month,Period,FiscalYear,ServiceLine,RevenueUSD,DirectStaffCostUSD,RechargeableExpensesUSD,OverheadAllocatedUSD,GrossProfitUSD,EngagementsDelivered,ProposalsSubmitted,ProposalsWon
2023-01-01,2023-01,2023,Forensic Accounting,16692.12,7047.37,706.5,2927.59,9644.75,7,1,4
2023-01-01,2023-01,2023,Data Analytics,20110.34,10816.22,1150.97,3604.92,9294.12,3,4,2
2023-01-01,2023-01,2023,Machine Learning & AI,16136.5,8615.99,1104.26,3858.24,7520.51,10,4,3
2023-01-01,2023-01,2023,IFRS & Technical Advisory,23900.4,11062.92,1511.93,5065.83,12837.48,4,2,2
2023-01-01,2023-01,2023,Internal Audit,24183.54,10619.05,786.68,6178.62,13564.49,2,5,0
2023-01-01,2023-01,2023,Tax Analytics,7267.28,3995.97,176.73,1596.71,3271.3,5,6,2
2023-01-01,2023-01,2023,CFO Advisory,12135.69,5112.39,711.53,3080.06,7023.29,7,4,0
2023-02-01,2023-02,2023,Forensic Accounting,34680.78,16527.93,1871.17,8972.44,18152.85,10,3,0
2023-02-01,2023-02,2023,Data Analytics,29461.79,12643.82,1050.52,6686.38,16817.97,11,2,4
2023-02-01,2023-02,2023,Machine Learning & AI,19498.8,10642.88,631.74,4688.65,8855.92,11,5,4
2023-02-01,2023-02,2023,IFRS & Technical Advisory,22535.44,12837.35,1297.33,5743.61,9698.08,9,5,3
2023-02-01,2023-02,2023,Internal Audit,25827.86,11886.07,725.4,4976.99,13941.79,10,4,1
2023-02-01,2023-02,2023,Tax Analytics,5641.95,2892.55,368.75,985.52,2749.4,3,2,4
2023-02-01,2023-02,2023,CFO Advisory,10374.18,5768.53,425.89,1711.5,4605.64,11,1,1
2023-03-01,2023-03,2023,Forensic Accounting,29752.9,16942.9,1992.23,7055.6,12810.01,5,4,0
2023-03-01,2023-03,2023,Data Analytics,18125.86,7973.54,840.6,3228.35,10152.32,3,1,2
2023-03-01,2023-03,2023,Machine Learning & AI,13239.54,5628.07,382.12,3400.42,7611.47,7,6,3
2023-03-01,2023-03,2023,IFRS & Technical Advisory,18769.15,10246.28,1048.0,3753.13,8522.87,9,5,2
2023-03-01,2023-03,2023,Internal Audit,22685.51,12628.38,885.93,4122.99,10057.13,8,4,2
2023-03-01,2023-03,2023,Tax Analytics,9056.44,4693.71,567.11,1544.55,4362.73,5,1,1
2023-03-01,2023-03,2023,CFO Advisory,7706.91,4027.26,503.95,1936.49,3679.65,5,4,2
2023-04-01,2023-04,2023,Forensic Accounting,36818.23,19725.47,813.23,5909.51,17092.76,11,2,4
2023-04-01,2023-04,2023,Data Analytics,32369.77,17995.26,1430.87,6137.05,14374.5,2,2,4
2023-04-01,2023-04,2023,Machine Learning & AI,14433.85,6956.82,701.8,2617.67,7477.04,7,3,2
2023-04-01,2023-04,2023,IFRS & Technical Advisory,26798.3,13936.85,1849.08,6444.44,12861.44,7,1,1
2023-04-01,2023-04,2023,Internal Audit,17844.88,7691.67,553.15,3470.68,10153.21,6,4,4
2023-04-01,2023-04,2023,Tax Analytics,4785.33,2583.3,285.39,1097.73,2202.03,3,6,0
2023-04-01,2023-04,2023,CFO Advisory,13088.97,5743.46,835.81,2828.1,7345.51,8,5,1
2023-05-01,2023-05,2023,Forensic Accounting,24057.17,11930.25,884.85,5203.75,12126.92,4,3,0
2023-05-01,2023-05,2023,Data Analytics,20909.37,9995.15,916.53,3538.51,10914.23,8,2,0
2023-05-01,2023-05,2023,Machine Learning & AI,9268.72,4446.53,596.45,2225.56,4822.19,6,1,1
2023-05-01,2023-05,2023,IFRS & Technical Advisory,24551.5,10726.18,1663.61,4352.74,13825.31,2,4,2
2023-05-01,2023-05,2023,Internal Audit,15191.34,7062.69,807.84,3242.11,8128.65,4,1,2
2023-05-01,2023-05,2023,Tax Analytics,7665.95,3241.66,171.13,1389.41,4424.28,11,4,4
2023-05-01,2023-05,2023,CFO Advisory,12104.78,6618.31,283.2,2806.91,5486.48,3,2,1
2023-06-01,2023-06,2023,Forensic Accounting,40198.99,22544.81,1424.42,10429.3,17654.18,3,3,2
2023-06-01,2023-06,2023,Data Analytics,23267.48,12205.43,1094.27,5863.47,11062.05,5,5,4
2023-06-01,2023-06,2023,Machine Learning & AI,19312.29,8627.85,834.29,3286.81,10684.44,2,3,0
2023-06-01,2023-06,2023,IFRS & Technical Advisory,18055.26,9325.27,592.78,4662.84,8730.0,3,2,3
2023-06-01,2023-06,2023,Internal Audit,13489.55,6211.05,334.97,2411.88,7278.5,4,2,1
2023-06-01,2023-06,2023,Tax Analytics,10944.76,5983.84,477.7,2761.45,4960.92,4,1,3
2023-06-01,2023-06,2023,CFO Advisory,7440.21,4146.3,334.41,1704.3,3293.91,4,2,2
2023-07-01,2023-07,2023,Forensic Accounting,38545.29,18917.71,1129.63,6845.5,19627.58,8,6,0
2023-07-01,2023-07,2023,Data Analytics,17873.59,9843.71,815.22,3289.79,8029.88,3,6,0
2023-07-01,2023-07,2023,Machine Learning & AI,17966.22,8915.44,730.68,3916.64,9050.79,11,4,2
2023-07-01,2023-07,2023,IFRS & Technical Advisory,27458.7,14863.62,610.94,4477.67,12595.08,8,3,4
2023-07-01,2023-07,2023,Internal Audit,12451.37,6517.97,720.39,2257.51,5933.4,2,4,0
2023-07-01,2023-07,2023,Tax Analytics,9378.67,5268.49,262.94,1940.47,4110.18,10,3,3
2023-07-01,2023-07,2023,CFO Advisory,9748.4,4383.12,363.49,2463.65,5365.28,10,4,4
2023-08-01,2023-08,2023,Forensic Accounting,36842.99,20000.16,2340.33,7088.15,16842.83,11,1,4
2023-08-01,2023-08,2023,Data Analytics,18659.22,9742.34,1187.93,3545.51,8916.87,11,4,3
2023-08-01,2023-08,2023,Machine Learning & AI,18164.44,10132.83,1009.27,3911.47,8031.61,6,5,4
2023-08-01,2023-08,2023,IFRS & Technical Advisory,18407.61,9132.84,408.0,4496.85,9274.76,10,1,1
2023-08-01,2023-08,2023,Internal Audit,14475.56,7425.73,526.39,2690.27,7049.83,9,1,2
2023-08-01,2023-08,2023,Tax Analytics,7930.42,3743.39,264.22,1398.12,4187.03,2,3,4
2023-08-01,2023-08,2023,CFO Advisory,5418.56,2646.67,128.37,1313.14,2771.89,10,4,2
2023-09-01,2023-09,2023,Forensic Accounting,31737.22,17338.26,1602.82,7412.74,14398.96,7,4,3
2023-09-01,2023-09,2023,Data Analytics,13642.26,7749.53,842.61,2723.62,5892.73,3,3,4
2023-09-01,2023-09,2023,Machine Learning & AI,22899.83,12715.74,1051.06,4012.19,10184.09,4,5,2
2023-09-01,2023-09,2023,IFRS & Technical Advisory,27232.42,12450.43,1199.99,4365.09,14781.99,9,2,0
2023-09-01,2023-09,2023,Internal Audit,26234.76,13043.56,1592.15,5000.75,13191.2,5,4,4
2023-09-01,2023-09,2023,Tax Analytics,8900.42,4899.63,307.77,1667.77,4000.79,2,6,0
2023-09-01,2023-09,2023,CFO Advisory,13281.99,7169.07,469.24,2916.88,6112.92,9,4,0
2023-10-01,2023-10,2023,Forensic Accounting,21224.33,11364.36,1201.95,4598.71,9859.97,3,5,1
2023-10-01,2023-10,2023,Data Analytics,33748.78,14841.77,1248.25,7081.65,18907.02,7,4,3
2023-10-01,2023-10,2023,Machine Learning & AI,19215.28,9620.77,797.94,4302.5,9594.51,3,6,1
2023-10-01,2023-10,2023,IFRS & Technical Advisory,19779.88,11334.05,1108.65,4009.86,8445.83,8,5,4
2023-10-01,2023-10,2023,Internal Audit,26600.26,15393.18,1786.37,6498.35,11207.07,5,3,2
2023-10-01,2023-10,2023,Tax Analytics,5567.77,2698.68,325.72,1342.58,2869.1,2,6,2
2023-10-01,2023-10,2023,CFO Advisory,9220.21,4333.66,533.2,1479.51,4886.55,4,1,2
2023-11-01,2023-11,2023,Forensic Accounting,39620.5,16896.67,2403.51,9018.99,22723.84,11,1,0
2023-11-01,2023-11,2023,Data Analytics,24246.4,12535.36,714.28,5850.45,11711.04,8,1,2
2023-11-01,2023-11,2023,Machine Learning & AI,10204.43,4425.77,543.78,2471.96,5778.65,2,2,0
2023-11-01,2023-11,2023,IFRS & Technical Advisory,22006.7,9416.7,1293.6,3839.3,12589.99,9,5,4
2023-11-01,2023-11,2023,Internal Audit,22151.74,11988.85,733.35,5039.68,10162.89,3,1,1
2023-11-01,2023-11,2023,Tax Analytics,8624.0,3928.89,342.99,1416.39,4695.1,3,4,1
2023-11-01,2023-11,2023,CFO Advisory,14312.35,8015.91,470.98,3400.59,6296.44,10,4,1
2023-12-01,2023-12,2023,Forensic Accounting,21189.85,9869.23,1345.71,4688.74,11320.62,8,6,3
2023-12-01,2023-12,2023,Data Analytics,22872.31,11745.26,463.49,3855.33,11127.05,5,5,0
2023-12-01,2023-12,2023,Machine Learning & AI,11721.71,5451.48,661.61,1992.33,6270.23,9,1,4
2023-12-01,2023-12,2023,IFRS & Technical Advisory,13139.82,7052.53,563.58,2757.12,6087.29,4,6,3
2023-12-01,2023-12,2023,Internal Audit,19841.05,9529.36,464.9,3366.68,10311.69,5,2,2
2023-12-01,2023-12,2023,Tax Analytics,6961.07,3816.94,180.89,1547.97,3144.13,2,5,0
2023-12-01,2023-12,2023,CFO Advisory,9601.38,4866.85,462.63,1977.2,4734.53,3,6,2
2024-01-01,2024-01,2024,Forensic Accounting,43379.5,22563.38,3028.6,10554.51,20816.12,6,5,0
2024-01-01,2024-01,2024,Data Analytics,27450.49,13409.44,1496.62,5962.91,14041.05,4,1,4
2024-01-01,2024-01,2024,Machine Learning & AI,23917.32,11813.77,817.57,5589.16,12103.56,8,1,1
2024-01-01,2024-01,2024,IFRS & Technical Advisory,25542.42,12490.36,1221.34,6318.05,13052.05,5,5,4
2024-01-01,2024-01,2024,Internal Audit,27608.13,12399.13,647.29,4467.32,15209.0,5,3,3
2024-01-01,2024-01,2024,Tax Analytics,8185.04,3816.21,395.6,2111.21,4368.82,7,4,1
2024-01-01,2024-01,2024,CFO Advisory,13231.06,7496.99,290.99,2235.39,5734.07,2,6,4
2024-02-01,2024-02,2024,Forensic Accounting,33625.38,14943.42,815.38,5540.31,18681.96,9,4,0
2024-02-01,2024-02,2024,Data Analytics,21689.25,10701.64,1460.84,5267.54,10987.61,3,1,1
2024-02-01,2024-02,2024,Machine Learning & AI,23364.68,10126.48,1211.08,5633.63,13238.21,2,5,1
2024-02-01,2024-02,2024,IFRS & Technical Advisory,22324.26,11483.26,1314.17,4161.0,10841.0,10,4,1
2024-02-01,2024-02,2024,Internal Audit,25480.25,11815.62,1077.9,4116.32,13664.62,6,6,0
2024-02-01,2024-02,2024,Tax Analytics,6963.57,3756.39,457.51,1661.23,3207.18,4,5,4
2024-02-01,2024-02,2024,CFO Advisory,10225.04,5554.54,341.86,1999.69,4670.5,2,5,1
2024-03-01,2024-03,2024,Forensic Accounting,28886.11,16686.69,1773.75,5127.95,12199.43,10,4,3
2024-03-01,2024-03,2024,Data Analytics,19756.71,10931.25,657.27,4081.0,8825.46,11,4,2
2024-03-01,2024-03,2024,Machine Learning & AI,14018.72,7493.48,923.31,2399.42,6525.24,9,5,3
2024-03-01,2024-03,2024,IFRS & Technical Advisory,22366.92,9982.71,745.13,4038.29,12384.21,7,3,3
2024-03-01,2024-03,2024,Internal Audit,15340.07,7218.23,869.58,3306.71,8121.84,9,3,3
2024-03-01,2024-03,2024,Tax Analytics,11109.75,5838.67,502.85,1936.73,5271.08,5,4,1
2024-03-01,2024-03,2024,CFO Advisory,14743.28,8334.41,489.67,2543.44,6408.87,9,6,4
2024-04-01,2024-04,2024,Forensic Accounting,27856.38,14583.91,919.07,6832.71,13272.47,5,3,4
2024-04-01,2024-04,2024,Data Analytics,34626.98,15582.1,1946.73,8172.75,19044.88,8,6,2
2024-04-01,2024-04,2024,Machine Learning & AI,11528.7,5862.38,737.16,2115.33,5666.32,7,4,4
2024-04-01,2024-04,2024,IFRS & Technical Advisory,31102.73,17956.34,1730.87,7269.53,13146.38,9,1,3
2024-04-01,2024-04,2024,Internal Audit,29459.28,12944.61,1693.01,5788.7,16514.67,7,2,0
2024-04-01,2024-04,2024,Tax Analytics,5731.13,2618.85,302.48,1100.65,3112.27,3,6,3
2024-04-01,2024-04,2024,CFO Advisory,13545.23,6694.24,685.61,2193.07,6850.99,2,4,1
2024-05-01,2024-05,2024,Forensic Accounting,37590.33,21161.33,1452.22,6693.22,16429.0,8,4,4
2024-05-01,2024-05,2024,Data Analytics,40293.02,22013.14,887.84,8039.21,18279.88,4,4,3
2024-05-01,2024-05,2024,Machine Learning & AI,16844.8,8286.23,1152.72,3456.65,8558.57,8,3,4
2024-05-01,2024-05,2024,IFRS & Technical Advisory,18155.35,7916.03,740.83,2976.38,10239.32,9,3,1
2024-05-01,2024-05,2024,Internal Audit,24687.44,12675.29,1044.64,5556.3,12012.15,5,4,0
2024-05-01,2024-05,2024,Tax Analytics,6373.5,3653.85,163.13,1528.78,2719.65,3,4,2
2024-05-01,2024-05,2024,CFO Advisory,7173.46,3588.55,450.35,1792.43,3584.9,4,4,0
2024-06-01,2024-06,2024,Forensic Accounting,41776.46,21541.64,2476.7,10657.17,20234.82,5,6,3
2024-06-01,2024-06,2024,Data Analytics,24213.84,10724.26,1377.72,4913.79,13489.59,5,1,3
2024-06-01,2024-06,2024,Machine Learning & AI,23394.47,13015.58,1522.66,5002.46,10378.89,6,2,3
2024-06-01,2024-06,2024,IFRS & Technical Advisory,22792.21,10305.98,1132.78,5180.3,12486.23,2,2,3
2024-06-01,2024-06,2024,Internal Audit,19439.92,9489.24,598.21,3200.58,9950.69,10,5,0
2024-06-01,2024-06,2024,Tax Analytics,7040.13,3277.31,255.57,1629.3,3762.81,2,6,0
2024-06-01,2024-06,2024,CFO Advisory,9973.52,4706.55,264.7,1731.98,5266.98,7,5,0
2024-07-01,2024-07,2024,Forensic Accounting,40088.14,23004.24,1554.36,9470.59,17083.89,4,3,3
2024-07-01,2024-07,2024,Data Analytics,28065.59,15745.12,837.17,6196.33,12320.47,9,3,1
2024-07-01,2024-07,2024,Machine Learning & AI,25609.86,11836.52,826.36,4401.45,13773.34,6,5,3
2024-07-01,2024-07,2024,IFRS & Technical Advisory,28989.1,12837.61,709.56,7067.94,16151.48,9,6,3
2024-07-01,2024-07,2024,Internal Audit,16014.02,6792.48,985.81,3691.33,9221.54,9,4,2
2024-07-01,2024-07,2024,Tax Analytics,10838.42,5835.21,472.1,2710.29,5003.21,6,2,3
2024-07-01,2024-07,2024,CFO Advisory,9331.05,5268.23,452.25,2288.06,4062.82,3,2,4
2024-08-01,2024-08,2024,Forensic Accounting,44326.08,18860.95,1478.31,8399.0,25465.14,9,5,2
2024-08-01,2024-08,2024,Data Analytics,34654.63,18558.89,2161.24,8876.13,16095.75,2,2,0
2024-08-01,2024-08,2024,Machine Learning & AI,26294.18,14548.98,925.78,5578.6,11745.2,11,2,1
2024-08-01,2024-08,2024,IFRS & Technical Advisory,32694.9,14692.71,766.44,7379.72,18002.19,6,2,3
2024-08-01,2024-08,2024,Internal Audit,27658.5,12285.99,633.48,5092.02,15372.51,2,2,3
2024-08-01,2024-08,2024,Tax Analytics,11322.86,5249.32,231.69,2464.73,6073.54,10,6,0
2024-08-01,2024-08,2024,CFO Advisory,7733.82,4428.18,502.83,1643.76,3305.64,7,4,1
2024-09-01,2024-09,2024,Forensic Accounting,24446.02,12637.53,1143.37,4144.58,11808.49,8,3,0
2024-09-01,2024-09,2024,Data Analytics,30824.31,15391.14,1903.21,7410.62,15433.17,4,2,4
2024-09-01,2024-09,2024,Machine Learning & AI,19787.23,11150.66,950.69,4102.18,8636.57,8,6,3
2024-09-01,2024-09,2024,IFRS & Technical Advisory,23522.21,12067.27,1194.85,3795.88,11454.93,7,5,4
2024-09-01,2024-09,2024,Internal Audit,17692.95,8439.61,1166.48,3728.36,9253.34,11,4,1
2024-09-01,2024-09,2024,Tax Analytics,4639.79,2084.01,113.36,759.83,2555.78,9,3,3
2024-09-01,2024-09,2024,CFO Advisory,9764.46,4142.72,505.4,2291.11,5621.74,7,4,3
2024-10-01,2024-10,2024,Forensic Accounting,42959.13,21431.72,919.68,8195.76,21527.41,11,5,4
2024-10-01,2024-10,2024,Data Analytics,28732.55,14682.29,595.66,6015.54,14050.26,8,5,3
2024-10-01,2024-10,2024,Machine Learning & AI,20660.61,11896.18,484.65,5262.5,8764.43,2,4,1
2024-10-01,2024-10,2024,IFRS & Technical Advisory,22074.27,11074.5,551.24,5278.8,10999.77,3,4,0
2024-10-01,2024-10,2024,Internal Audit,13933.78,6296.88,788.68,2665.71,7636.9,3,6,4
2024-10-01,2024-10,2024,Tax Analytics,5623.74,2574.53,217.13,1263.58,3049.21,4,1,2
2024-10-01,2024-10,2024,CFO Advisory,12769.4,5449.56,630.52,2887.86,7319.83,4,6,0
2024-11-01,2024-11,2024,Forensic Accounting,17106.98,9814.57,866.95,4071.54,7292.41,9,1,2
2024-11-01,2024-11,2024,Data Analytics,39824.4,17414.15,1279.54,7908.13,22410.26,5,4,0
2024-11-01,2024-11,2024,Machine Learning & AI,22441.06,10226.56,485.2,4556.4,12214.51,5,4,4
2024-11-01,2024-11,2024,IFRS & Technical Advisory,28926.29,16415.45,1393.14,6482.26,12510.84,2,2,2
2024-11-01,2024-11,2024,Internal Audit,26549.36,12517.88,573.73,4367.23,14031.48,3,2,4
2024-11-01,2024-11,2024,Tax Analytics,11509.13,5563.96,445.37,2209.82,5945.18,11,5,3
2024-11-01,2024-11,2024,CFO Advisory,16945.0,8787.75,1072.5,4270.89,8157.25,9,1,3
2024-12-01,2024-12,2024,Forensic Accounting,43641.88,18446.29,2300.99,10514.67,25195.59,9,5,2
2024-12-01,2024-12,2024,Data Analytics,29321.5,12816.27,1431.35,6606.84,16505.23,9,6,4
2024-12-01,2024-12,2024,Machine Learning & AI,27799.07,13557.82,1306.67,5749.19,14241.25,7,4,4
2024-12-01,2024-12,2024,IFRS & Technical Advisory,15220.2,8463.76,712.11,3850.44,6756.44,5,1,2
2024-12-01,2024-12,2024,Internal Audit,30318.16,17016.54,1530.31,7267.25,13301.62,9,1,4
2024-12-01,2024-12,2024,Tax Analytics,11990.53,5569.0,723.19,1971.97,6421.53,3,1,2
2024-12-01,2024-12,2024,CFO Advisory,15668.23,7528.76,720.18,3339.48,8139.47,4,3,4
2025-01-01,2025-01,2025,Forensic Accounting,43708.08,22744.85,2118.94,11068.83,20963.22,3,6,0
2025-01-01,2025-01,2025,Data Analytics,26097.29,14710.17,1599.99,4811.12,11387.12,5,3,0
2025-01-01,2025-01,2025,Machine Learning & AI,23046.64,11763.6,1171.36,4105.39,11283.04,8,2,1
2025-01-01,2025-01,2025,IFRS & Technical Advisory,12295.78,6526.73,486.59,2416.07,5769.05,7,2,2
2025-01-01,2025-01,2025,Internal Audit,29187.81,12685.08,884.52,6224.26,16502.73,5,2,4
2025-01-01,2025-01,2025,Tax Analytics,12154.7,6650.74,393.89,2836.16,5503.97,2,2,4
2025-01-01,2025-01,2025,CFO Advisory,9297.48,4173.2,440.01,2389.63,5124.28,11,1,2
2025-02-01,2025-02,2025,Forensic Accounting,37644.2,15904.85,2260.93,8846.69,21739.35,4,4,3
2025-02-01,2025-02,2025,Data Analytics,26796.69,13655.82,1630.54,5715.57,13140.87,5,4,1
2025-02-01,2025-02,2025,Machine Learning & AI,13108.21,6359.23,640.46,3353.07,6748.97,4,6,1
2025-02-01,2025-02,2025,IFRS & Technical Advisory,29309.97,14279.6,1734.92,7230.28,15030.37,3,6,2
2025-02-01,2025-02,2025,Internal Audit,22413.37,11450.41,1325.71,4890.27,10962.95,11,2,4
2025-02-01,2025-02,2025,Tax Analytics,11814.01,6450.02,783.07,2648.85,5363.99,3,1,0
2025-02-01,2025-02,2025,CFO Advisory,10344.08,5694.36,577.62,2060.26,4649.72,5,1,2
2025-03-01,2025-03,2025,Forensic Accounting,43950.73,22049.35,1496.5,9696.94,21901.38,9,5,2
2025-03-01,2025-03,2025,Data Analytics,40081.73,17462.84,1989.05,9136.9,22618.89,2,4,2
2025-03-01,2025-03,2025,Machine Learning & AI,19682.82,10728.65,1157.6,5040.81,8954.17,7,3,0
2025-03-01,2025-03,2025,IFRS & Technical Advisory,22013.55,11764.46,937.75,5005.24,10249.09,4,3,2
2025-03-01,2025-03,2025,Internal Audit,19444.39,9622.41,950.18,4052.15,9821.97,3,5,1
2025-03-01,2025-03,2025,Tax Analytics,9864.03,5636.23,619.69,1748.84,4227.8,7,2,4
2025-03-01,2025-03,2025,CFO Advisory,11632.0,5037.23,448.89,2493.23,6594.77,7,4,3
2025-04-01,2025-04,2025,Forensic Accounting,49145.68,23338.79,3015.99,11583.43,25806.89,8,2,2
2025-04-01,2025-04,2025,Data Analytics,42505.02,19853.88,1695.33,8680.51,22651.14,5,1,1
2025-04-01,2025-04,2025,Machine Learning & AI,13012.13,5631.51,286.08,2617.59,7380.62,7,3,0
2025-04-01,2025-04,2025,IFRS & Technical Advisory,34506.19,14835.76,1334.69,7674.76,19670.43,2,2,3
2025-04-01,2025-04,2025,Internal Audit,15519.65,7349.83,337.99,3196.0,8169.83,11,5,1
2025-04-01,2025-04,2025,Tax Analytics,8241.44,4204.2,381.5,1907.37,4037.24,3,2,1
2025-04-01,2025-04,2025,CFO Advisory,12651.16,6647.6,511.32,2740.1,6003.57,3,3,1
2025-05-01,2025-05,2025,Forensic Accounting,39399.72,17519.99,2164.39,10015.94,21879.73,2,4,1
2025-05-01,2025-05,2025,Data Analytics,35348.15,18400.84,2100.11,6024.08,16947.31,3,1,1
2025-05-01,2025-05,2025,Machine Learning & AI,19277.52,9662.07,550.2,3955.07,9615.44,2,6,2
2025-05-01,2025-05,2025,IFRS & Technical Advisory,29278.41,14309.35,1626.82,6983.77,14969.06,10,3,2
2025-05-01,2025-05,2025,Internal Audit,17594.23,7822.05,1006.47,4456.49,9772.19,6,1,4
2025-05-01,2025-05,2025,Tax Analytics,12409.72,5889.03,324.4,2625.94,6520.69,8,5,4
2025-05-01,2025-05,2025,CFO Advisory,17639.23,9563.0,1083.84,4491.68,8076.22,11,6,2
2025-06-01,2025-06,2025,Forensic Accounting,49060.8,22869.25,2822.99,12404.35,26191.55,11,6,2
2025-06-01,2025-06,2025,Data Analytics,34071.31,19497.64,1006.46,8766.31,14573.67,9,3,3
2025-06-01,2025-06,2025,Machine Learning & AI,23550.05,12581.92,545.16,4910.26,10968.13,5,3,1
2025-06-01,2025-06,2025,IFRS & Technical Advisory,13568.33,6764.23,763.31,3404.09,6804.11,9,4,1
2025-06-01,2025-06,2025,Internal Audit,12826.92,6812.12,773.21,2572.17,6014.81,4,2,3
2025-06-01,2025-06,2025,Tax Analytics,11462.14,5169.06,653.56,2204.69,6293.09,2,1,2
2025-06-01,2025-06,2025,CFO Advisory,15586.62,8110.9,414.23,3428.03,7475.72,6,3,4
2025-07-01,2025-07,2025,Forensic Accounting,23606.3,11653.91,1223.62,5843.9,11952.39,7,4,1
2025-07-01,2025-07,2025,Data Analytics,22612.6,9884.28,782.41,4039.99,12728.32,7,4,1
2025-07-01,2025-07,2025,Machine Learning & AI,10966.59,5225.11,701.42,2008.12,5741.48,5,1,4
2025-07-01,2025-07,2025,IFRS & Technical Advisory,19097.63,8715.64,703.11,4925.72,10381.99,2,1,4
2025-07-01,2025-07,2025,Internal Audit,12141.55,5630.21,606.4,2453.25,6511.34,9,4,3
2025-07-01,2025-07,2025,Tax Analytics,12359.53,6761.6,385.93,2754.23,5597.94,4,4,3
2025-07-01,2025-07,2025,CFO Advisory,10216.9,4805.58,277.97,1879.68,5411.32,4,2,1
2025-08-01,2025-08,2025,Forensic Accounting,37552.61,19214.35,1999.07,7022.86,18338.27,6,5,3
2025-08-01,2025-08,2025,Data Analytics,42182.29,20493.32,1242.1,9823.76,21688.97,2,4,0
2025-08-01,2025-08,2025,Machine Learning & AI,29352.91,15175.67,1704.81,5596.56,14177.24,6,4,3
2025-08-01,2025-08,2025,IFRS & Technical Advisory,17321.74,9237.07,1144.23,2812.95,8084.68,4,4,4
2025-08-01,2025-08,2025,Internal Audit,31235.37,14030.32,1930.41,7845.2,17205.06,5,1,3
2025-08-01,2025-08,2025,Tax Analytics,9075.0,5219.7,429.52,1937.24,3855.3,2,3,3
2025-08-01,2025-08,2025,CFO Advisory,14803.1,8252.34,473.25,2914.51,6550.76,8,2,4
2025-09-01,2025-09,2025,Forensic Accounting,33020.37,19141.89,701.2,7216.24,13878.48,9,3,3
2025-09-01,2025-09,2025,Data Analytics,37655.76,20454.83,1186.96,7436.42,17200.93,4,3,4
2025-09-01,2025-09,2025,Machine Learning & AI,22771.89,12177.13,529.66,5854.89,10594.75,7,3,1
2025-09-01,2025-09,2025,IFRS & Technical Advisory,26365.01,13946.42,1426.17,6210.69,12418.59,2,1,3
2025-09-01,2025-09,2025,Internal Audit,32152.41,15101.5,1214.92,6216.53,17050.91,8,1,3
2025-09-01,2025-09,2025,Tax Analytics,8408.48,4508.83,499.17,1605.71,3899.65,6,2,0
2025-09-01,2025-09,2025,CFO Advisory,14808.05,6381.42,366.65,2935.99,8426.64,2,5,0
