VendorID,VendorCode,VendorName,Category,BankAccount,BankName,TaxClearanceNo,Address,PaymentTerms,VendorCreatedOn,LastBankChangeDate,IsEmployeeLinked,IsActive,BankAccountMasked,HasTaxClearance,EmployeeLinkedFlag,VendorRiskFlag,GLSpendUSD,GLPostings,GLSpendSharePct,APSpendUSD,APInvoices,ThreeWayExceptions,ExceptionRatePct
V1001,STEELSUP,Steel Supplies Zimbabwe (Pvt) Ltd,Raw materials,1091616056,Stanbic Bank,TCL242067,"53 Samora Machel Ave, Mutare",45,2022-01-30,2024-09-23,No,Yes,1091**6056,Yes,No,No,1430447.61,4,4.69,209519.51,18,3,16.7
V1002,POLYPLAS,PolyPlas Holdings (Pvt) Ltd,Raw materials,1063843426,Nedbank,TCL742328,"105 Kwame Nkrumah Ave, Harare",30,2024-06-02,2025-01-09,No,Yes,1063**3426,Yes,No,No,1120089.83,5,3.67,293948.84,24,5,20.8
V1003,CHEMPRO,ChemPro Industrial Chemicals,Raw materials,1069140314,Steward Bank,TCL595741,"117 Samora Machel Ave, Harare",45,2024-01-31,2025-07-12,No,Yes,1069**0314,Yes,No,No,1176442.75,6,3.86,240021.8,14,3,21.4
V1004,PACKRITE,PackRite Packaging Solutions,Packaging,1074315612,Steward Bank,TCL707905,"86 Jason Moyo St, Gweru",30,2022-09-21,2024-06-30,No,Yes,1074**5612,Yes,No,No,1465139.51,7,4.8,230119.79,19,3,15.8
V1005,LOGIWIN,Logistics Windward Freight,Logistics,1096082780,Nedbank,TCL281879,"143 Samora Machel Ave, Mutare",30,2023-02-22,2025-04-03,No,Yes,1096**2780,Yes,No,No,1265715.39,7,4.15,371850.41,26,8,30.8
V1006,POWERCO,PowerCo Utilities Zimbabwe,Utilities,1045526849,Steward Bank,TCL305924,"113 Jason Moyo St, Gweru",30,2023-12-12,2025-04-15,No,Yes,1045**6849,Yes,No,No,933786.56,7,3.06,292358.65,24,5,20.8
V1007,TELSTAR,TelStar Communications,Telecoms,1091348727,FBC Bank,TCL450974,"137 Kwame Nkrumah Ave, Bulawayo",30,2023-12-02,2024-09-28,No,Yes,1091**8727,Yes,No,No,1164886.25,7,3.82,299528.85,22,9,40.9
V1008,SECUREG,SecureGuard Security Services,Security,1053649765,Stanbic Bank,TCL573741,"105 Fife St, Mutare",45,2024-03-21,2024-04-23,No,Yes,1053**9765,Yes,No,No,1200995.38,8,3.94,267895.67,25,10,40
V1009,FUELMAX,FuelMax Petroleum,Fuel,1059032071,CBZ Bank,TCL733022,"169 Samora Machel Ave, Harare",45,2020-05-10,2025-07-11,No,Yes,1059**2071,Yes,No,No,1338428.67,7,4.39,282088.73,26,11,42.3
V1010,INSUREC,InsureCorp Brokers,Insurance,1011999864,CBZ Bank,TCL341398,"1 Jason Moyo St, Mutare",45,2023-02-04,2025-08-08,No,Yes,1011**9864,Yes,No,No,1444406.1,7,4.73,225244.41,16,5,31.2
V1011,LEGALVL,LegalVault Attorneys,Professional services,1081257335,CBZ Bank,TCL408591,"149 Fife St, Bulawayo",30,2023-06-27,2024-05-15,No,Yes,1081**7335,Yes,No,No,1158449.31,6,3.8,327679.96,21,7,33.3
V1012,AUDITAX,Auditax Chartered Accountants,Professional services,1084547251,Steward Bank,TCL228652,"103 Jason Moyo St, Mutare",30,2023-03-12,2025-08-05,No,Yes,1084**7251,Yes,No,No,1614951.75,7,5.29,311968.92,24,10,41.7
V1013,TRAINCO,TrainCo Skills Institute,Training,1010052775,CBZ Bank,TCL847478,"140 Samora Machel Ave, Harare",45,2021-10-16,2024-08-25,No,Yes,1010**2775,Yes,No,No,1374535.86,5,4.51,73612.99,11,3,27.3
V1014,ITSUPP,IT Support Partners (Pvt) Ltd,IT services,1046341241,Steward Bank,TCL741543,"54 Boshoff Dr, Bulawayo",30,2019-02-28,2024-01-26,No,Yes,1046**1241,Yes,No,No,1122125.73,8,3.68,178574.52,20,5,25
V1015,OFFICEQ,OfficeQuip Stationers,Office supplies,1077479035,CBZ Bank,TCL192958,"188 Kwame Nkrumah Ave, Bulawayo",45,2020-08-05,2025-06-10,No,Yes,1077**9035,Yes,No,No,1082621.68,5,3.55,198422.6,19,9,47.4
V1016,MAINTEK,MainTek Engineering Services,Maintenance,1033580183,Stanbic Bank,TCL123344,"5 Kwame Nkrumah Ave, Bulawayo",60,2021-05-26,2024-09-02,No,Yes,1033**0183,Yes,No,No,1282653.05,7,4.2,160840.93,14,5,35.7
V1017,CLEANSER,CleanServ Facilities,Facilities,1090561560,FBC Bank,TCL507542,"60 Kwame Nkrumah Ave, Harare",30,2023-03-06,2025-07-20,No,Yes,1090**1560,Yes,No,No,1272605.31,6,4.17,310772.11,28,9,32.1
V1018,ADVERTS,AdvertStar Media,Marketing,1095115334,Stanbic Bank,TCL768700,"93 Fife St, Gweru",14,2022-09-02,2024-10-22,No,Yes,1095**5334,Yes,No,No,1555275.24,7,5.1,66325.48,11,4,36.4
V1019,RENTPROP,RentPro Properties,Rent,1030290488,CBZ Bank,TCL717785,"64 Fife St, Harare",30,2023-09-06,2024-03-19,No,Yes,1030**0488,Yes,No,No,973282.42,3,3.19,220594.22,18,7,38.9
V1020,SPAREPO,SparePart Outfitters,Spare parts,1088834629,Stanbic Bank,TCL525548,"69 Samora Machel Ave, Mutare",60,2019-07-21,2024-02-28,No,Yes,1088**4629,Yes,No,No,1198894.48,3,3.93,193902.86,16,3,18.8
V1021,SOFTPRO,SoftPro Licensing Africa,Software,1049918666,Steward Bank,TCL832755,"113 Kwame Nkrumah Ave, Gweru",14,2019-10-04,2024-12-31,No,Yes,1049**8666,Yes,No,No,1214119.61,3,3.98,252304.65,22,8,36.4
V1022,MEDICALX,MediCareX Health Services,Medical,1080651744,CBZ Bank,TCL167948,"86 Samora Machel Ave, Gweru",30,2020-03-24,2025-04-10,No,Yes,1080**1744,Yes,No,No,1342316.35,3,4.4,153601.17,18,6,33.3
V2001,SUP-771,R Chikafu Trading Enterprises,Professional services,104471882301,Steward Bank,,"Suite 12, Cecil House, Harare",7,2024-08-20,2024-08-20,Yes,Yes,1044****2301,No,Yes,Yes,653565.86,4,2.14,234865.15,19,4,21.1
V2002,SUP-772,Zhou Logistics & Advisory,Logistics,105512774109,Steward Bank,,"Suite 12, Cecil House, Harare",7,2024-07-09,2024-07-09,Yes,Yes,1055****4109,No,Yes,Yes,589704.64,4,1.93,393458.6,29,9,31
V2003,SUP-773,Gumbo General Suppliers,Office supplies,103390221477,Steward Bank,,"Suite 12, Cecil House, Harare",7,2024-08-30,2024-08-30,Yes,Yes,1033****1477,No,Yes,Yes,680529.96,4,2.23,204753.17,19,10,52.6
V2004,SUP-774,Meridian Consulting Group,Professional services,109911004512,Steward Bank,,"Suite 12, Cecil House, Harare",7,2024-07-16,2024-07-16,Yes,Yes,1099****4512,No,Yes,Yes,849998.74,4,2.79,194714.41,17,7,41.2
