TestID,TestName,JournalID,ExceptionDate,Description,AmountUSD,Preparer,ReasonDismissed,PopulationNote
T03,Approval-threshold avoidance,JE202401-00039,2024-01-25,Sales invoice to C3015 (VAT incl.),9824.02,USR-003,Amount carries cents and is not a round number; consistent with a genuine supplier invoice priced from a rate.,81 band hits dismissed of 111 raised
T03,Approval-threshold avoidance,JE202401-00073,2024-01-06,Receipt from customer C3006,9810.73,USR-003,"Settlement or bank line in the threshold band, not a procurement charge; the purchase-order limit does not apply.",81 band hits dismissed of 111 raised
T03,Approval-threshold avoidance,JE202401-00173,2024-01-16,Payment to vendor V1002,9876.75,USR-002,"Settlement or bank line in the threshold band, not a procurement charge; the purchase-order limit does not apply.",81 band hits dismissed of 111 raised
T03,Approval-threshold avoidance,JE202401-00176,2024-01-22,Payment to vendor V1019,9870.69,USR-002,"Settlement or bank line in the threshold band, not a procurement charge; the purchase-order limit does not apply.",81 band hits dismissed of 111 raised
T03,Approval-threshold avoidance,JE202401-00214,2024-01-31,Payment to vendor V1011,9895.62,USR-002,"Settlement or bank line in the threshold band, not a procurement charge; the purchase-order limit does not apply.",81 band hits dismissed of 111 raised
T03,Approval-threshold avoidance,JE202401-00221,2024-01-31,Salaries Head Office Finance,9981.62,USR-004,"Payroll posting in the threshold band; salaries are authorised through the payroll run, not the PO limit.",81 band hits dismissed of 111 raised
T03,Approval-threshold avoidance,JE202402-00469,2024-02-15,Payment to vendor V1007,9842.99,USR-002,"Settlement or bank line in the threshold band, not a procurement charge; the purchase-order limit does not apply.",81 band hits dismissed of 111 raised
T03,Approval-threshold avoidance,JE202402-00485,2024-02-29,Salaries Head Office Finance,9995.86,USR-004,"Payroll posting in the threshold band; salaries are authorised through the payroll run, not the PO limit.",81 band hits dismissed of 111 raised
T03,Approval-threshold avoidance,JE202402-00490,2024-02-29,Salaries Sales - Export,9783.47,USR-004,"Payroll posting in the threshold band; salaries are authorised through the payroll run, not the PO limit.",81 band hits dismissed of 111 raised
T03,Approval-threshold avoidance,JE202403-00530,2024-03-25,Sales invoice to C3014 (VAT incl.),9862.19,USR-003,Amount carries cents and is not a round number; consistent with a genuine supplier invoice priced from a rate.,81 band hits dismissed of 111 raised
T03,Approval-threshold avoidance,JE202403-00565,2024-03-30,Sales invoice to C3010 (VAT incl.),9836.73,USR-003,Amount carries cents and is not a round number; consistent with a genuine supplier invoice priced from a rate.,81 band hits dismissed of 111 raised
T03,Approval-threshold avoidance,JE202403-00603,2024-03-12,Receipt from customer C3008,9818.4,USR-003,"Settlement or bank line in the threshold band, not a procurement charge; the purchase-order limit does not apply.",81 band hits dismissed of 111 raised
T03,Approval-threshold avoidance,JE202403-00718,2024-03-08,Payment to vendor V1011,9909.32,USR-002,"Settlement or bank line in the threshold band, not a procurement charge; the purchase-order limit does not apply.",81 band hits dismissed of 111 raised
T03,Approval-threshold avoidance,JE202403-00727,2024-03-02,Payment to vendor V1002,9787.75,USR-002,"Settlement or bank line in the threshold band, not a procurement charge; the purchase-order limit does not apply.",81 band hits dismissed of 111 raised
T03,Approval-threshold avoidance,JE202403-00750,2024-03-15,Payment to vendor V1012,9816.8,USR-002,"Settlement or bank line in the threshold band, not a procurement charge; the purchase-order limit does not apply.",81 band hits dismissed of 111 raised
T03,Approval-threshold avoidance,JE202403-00754,2024-03-31,Salaries Head Office Finance,11088,USR-004,"Payroll posting in the threshold band; salaries are authorised through the payroll run, not the PO limit.",81 band hits dismissed of 111 raised
T03,Approval-threshold avoidance,JE202403-00759,2024-03-31,Salaries Sales - Export,10761.03,USR-004,"Payroll posting in the threshold band; salaries are authorised through the payroll run, not the PO limit.",81 band hits dismissed of 111 raised
T03,Approval-threshold avoidance,JE202403-00777,2024-03-04,Manual reallocation correction,9795.21,USR-002,Amount carries cents and is not a round number; consistent with a genuine supplier invoice priced from a rate.,81 band hits dismissed of 111 raised
T03,Approval-threshold avoidance,JE202404-00963,2024-04-17,Payment to vendor V1016,9977.53,USR-002,"Settlement or bank line in the threshold band, not a procurement charge; the purchase-order limit does not apply.",81 band hits dismissed of 111 raised
T03,Approval-threshold avoidance,JE202404-00985,2024-04-16,Payment to vendor V1010,9910.96,USR-002,"Settlement or bank line in the threshold band, not a procurement charge; the purchase-order limit does not apply.",81 band hits dismissed of 111 raised
T03,Approval-threshold avoidance,JE202404-01009,2024-04-09,Payment to vendor V1013,9894.79,USR-002,"Settlement or bank line in the threshold band, not a procurement charge; the purchase-order limit does not apply.",81 band hits dismissed of 111 raised
T03,Approval-threshold avoidance,JE202404-01014,2024-04-30,Salaries Head Office Finance,10732.65,USR-004,"Payroll posting in the threshold band; salaries are authorised through the payroll run, not the PO limit.",81 band hits dismissed of 111 raised
T03,Approval-threshold avoidance,JE202404-01019,2024-04-30,Salaries Sales - Export,9860.29,USR-004,"Payroll posting in the threshold band; salaries are authorised through the payroll run, not the PO limit.",81 band hits dismissed of 111 raised
T03,Approval-threshold avoidance,JE202405-01289,2024-05-31,Salaries Sales - Export,9908.89,USR-004,"Payroll posting in the threshold band; salaries are authorised through the payroll run, not the PO limit.",81 band hits dismissed of 111 raised
T03,Approval-threshold avoidance,JE202406-01408,2024-06-13,Receipt from customer C3013,9910.51,USR-003,"Settlement or bank line in the threshold band, not a procurement charge; the purchase-order limit does not apply.",81 band hits dismissed of 111 raised
T03,Approval-threshold avoidance,JE202406-01411,2024-06-02,Receipt from customer C3003,9908.98,USR-003,"Settlement or bank line in the threshold band, not a procurement charge; the purchase-order limit does not apply.",81 band hits dismissed of 111 raised
T03,Approval-threshold avoidance,JE202406-01421,2024-06-18,Receipt from customer C3002,9817.57,USR-003,"Settlement or bank line in the threshold band, not a procurement charge; the purchase-order limit does not apply.",81 band hits dismissed of 111 raised
T03,Approval-threshold avoidance,JE202406-01498,2024-06-05,Payment to vendor V1004,9826.15,USR-002,"Settlement or bank line in the threshold band, not a procurement charge; the purchase-order limit does not apply.",81 band hits dismissed of 111 raised
T03,Approval-threshold avoidance,JE202406-01531,2024-06-06,Payment to vendor V1016,9826.47,USR-002,"Settlement or bank line in the threshold band, not a procurement charge; the purchase-order limit does not apply.",81 band hits dismissed of 111 raised
T03,Approval-threshold avoidance,JE202406-01536,2024-06-04,Payment to vendor V1010,9978.69,USR-002,"Settlement or bank line in the threshold band, not a procurement charge; the purchase-order limit does not apply.",81 band hits dismissed of 111 raised
T03,Approval-threshold avoidance,JE202406-01586,2024-06-24,Credit note / revenue reclass by AP clerk,9800,USR-002,Expense posting in the band without a vendor reference; no procurement threshold applies to this account.,81 band hits dismissed of 111 raised
T03,Approval-threshold avoidance,JE202407-01806,2024-07-31,Salaries Sales - Export,9775.88,USR-004,"Payroll posting in the threshold band; salaries are authorised through the payroll run, not the PO limit.",81 band hits dismissed of 111 raised
T03,Approval-threshold avoidance,JE202408-01956,2024-08-09,Purchase invoice from V1013 (net of VAT),11437.32,USR-002,Amount carries cents and is not a round number; consistent with a genuine supplier invoice priced from a rate.,81 band hits dismissed of 111 raised
T03,Approval-threshold avoidance,JE202409-02194,2024-09-10,Receipt from customer C3004,9883.08,USR-003,"Settlement or bank line in the threshold band, not a procurement charge; the purchase-order limit does not apply.",81 band hits dismissed of 111 raised
T03,Approval-threshold avoidance,JE202409-02272,2024-09-13,Payment to vendor V1008,9891.13,USR-002,"Settlement or bank line in the threshold band, not a procurement charge; the purchase-order limit does not apply.",81 band hits dismissed of 111 raised
T03,Approval-threshold avoidance,JE202409-02326,2024-09-30,Salaries Head Office Finance,9997.4,USR-004,"Payroll posting in the threshold band; salaries are authorised through the payroll run, not the PO limit.",81 band hits dismissed of 111 raised
T03,Approval-threshold avoidance,JE202410-02582,2024-10-28,Payment to vendor V1014,9888.56,USR-002,"Settlement or bank line in the threshold band, not a procurement charge; the purchase-order limit does not apply.",81 band hits dismissed of 111 raised
T03,Approval-threshold avoidance,JE202411-02881,2024-11-30,Salaries Sales - Export,10753.79,USR-004,"Payroll posting in the threshold band; salaries are authorised through the payroll run, not the PO limit.",81 band hits dismissed of 111 raised
T03,Approval-threshold avoidance,JE202411-02890,2024-11-30,Accrual for unbilled services,12293.93,USR-005,Amount carries cents and is not a round number; consistent with a genuine supplier invoice priced from a rate.,81 band hits dismissed of 111 raised
T03,Approval-threshold avoidance,JE202412-03095,2024-12-20,Payment to vendor V1015,9836.37,USR-002,"Settlement or bank line in the threshold band, not a procurement charge; the purchase-order limit does not apply.",81 band hits dismissed of 111 raised
T03,Approval-threshold avoidance,JE202412-03098,2024-12-04,Payment to vendor V1015,9854.34,USR-002,"Settlement or bank line in the threshold band, not a procurement charge; the purchase-order limit does not apply.",81 band hits dismissed of 111 raised
T03,Approval-threshold avoidance,JE202412-03111,2024-12-12,Payment to vendor V1004,9975.19,USR-002,"Settlement or bank line in the threshold band, not a procurement charge; the purchase-order limit does not apply.",81 band hits dismissed of 111 raised
T03,Approval-threshold avoidance,JE202412-03112,2024-12-04,Payment to vendor V1021,9930.78,USR-002,"Settlement or bank line in the threshold band, not a procurement charge; the purchase-order limit does not apply.",81 band hits dismissed of 111 raised
T03,Approval-threshold avoidance,JE202412-03127,2024-12-31,Salaries Sales - Export,12050.16,USR-004,"Payroll posting in the threshold band; salaries are authorised through the payroll run, not the PO limit.",81 band hits dismissed of 111 raised
T03,Approval-threshold avoidance,JE202501-03243,2025-01-29,Receipt from customer C3003,9758.22,USR-003,"Settlement or bank line in the threshold band, not a procurement charge; the purchase-order limit does not apply.",81 band hits dismissed of 111 raised
T03,Approval-threshold avoidance,JE202501-03248,2025-01-24,Receipt from customer C3010,9771.83,USR-003,"Settlement or bank line in the threshold band, not a procurement charge; the purchase-order limit does not apply.",81 band hits dismissed of 111 raised
T03,Approval-threshold avoidance,JE202501-03274,2025-01-14,Receipt from customer C3013,9875.48,USR-003,"Settlement or bank line in the threshold band, not a procurement charge; the purchase-order limit does not apply.",81 band hits dismissed of 111 raised
T03,Approval-threshold avoidance,JE202501-03373,2025-01-31,Salaries Head Office Finance,10733.12,USR-004,"Payroll posting in the threshold band; salaries are authorised through the payroll run, not the PO limit.",81 band hits dismissed of 111 raised
T03,Approval-threshold avoidance,JE202501-03415,2025-01-16,Credit note / revenue reclass by AP clerk,9800,USR-002,Expense posting in the band without a vendor reference; no procurement threshold applies to this account.,81 band hits dismissed of 111 raised
T03,Approval-threshold avoidance,JE202502-03626,2025-02-28,Salaries Head Office Finance,12178.45,USR-004,"Payroll posting in the threshold band; salaries are authorised through the payroll run, not the PO limit.",81 band hits dismissed of 111 raised
T03,Approval-threshold avoidance,JE202502-03669,2025-02-11,Credit note / revenue reclass by AP clerk,9800,USR-002,Expense posting in the band without a vendor reference; no procurement threshold applies to this account.,81 band hits dismissed of 111 raised
T03,Approval-threshold avoidance,JE202503-03830,2025-03-10,Payment to vendor V2002,9956.71,USR-002,"Settlement or bank line in the threshold band, not a procurement charge; the purchase-order limit does not apply.",81 band hits dismissed of 111 raised
T03,Approval-threshold avoidance,JE202503-03864,2025-03-01,Payment to vendor V1017,9910.78,USR-002,"Settlement or bank line in the threshold band, not a procurement charge; the purchase-order limit does not apply.",81 band hits dismissed of 111 raised
T03,Approval-threshold avoidance,JE202503-03918,2025-03-17,Credit note / revenue reclass by AP clerk,9800,USR-002,Expense posting in the band without a vendor reference; no procurement threshold applies to this account.,81 band hits dismissed of 111 raised
T03,Approval-threshold avoidance,JE202504-04116,2025-04-19,Payment to vendor V1014,9981.12,USR-002,"Settlement or bank line in the threshold band, not a procurement charge; the purchase-order limit does not apply.",81 band hits dismissed of 111 raised
T03,Approval-threshold avoidance,JE202504-04128,2025-04-15,Payment to vendor V1012,9925.57,USR-002,"Settlement or bank line in the threshold band, not a procurement charge; the purchase-order limit does not apply.",81 band hits dismissed of 111 raised
T03,Approval-threshold avoidance,JE202504-04133,2025-04-21,Payment to vendor V1015,9882.11,USR-002,"Settlement or bank line in the threshold band, not a procurement charge; the purchase-order limit does not apply.",81 band hits dismissed of 111 raised
T03,Approval-threshold avoidance,JE202504-04151,2025-04-30,Salaries Head Office Finance,9816.67,USR-004,"Payroll posting in the threshold band; salaries are authorised through the payroll run, not the PO limit.",81 band hits dismissed of 111 raised
T03,Approval-threshold avoidance,JE202504-04156,2025-04-30,Salaries Sales - Export,9971.48,USR-004,"Payroll posting in the threshold band; salaries are authorised through the payroll run, not the PO limit.",81 band hits dismissed of 111 raised
T03,Approval-threshold avoidance,JE202505-04344,2025-05-27,Purchase invoice from V1002 (net of VAT),11247.7,USR-002,Amount carries cents and is not a round number; consistent with a genuine supplier invoice priced from a rate.,81 band hits dismissed of 111 raised
T03,Approval-threshold avoidance,JE202505-04367,2025-05-11,Purchase invoice from V1010 (net of VAT),11248.8,USR-002,Amount carries cents and is not a round number; consistent with a genuine supplier invoice priced from a rate.,81 band hits dismissed of 111 raised
T03,Approval-threshold avoidance,JE202505-04419,2025-05-31,Salaries Head Office Finance,9843.03,USR-004,"Payroll posting in the threshold band; salaries are authorised through the payroll run, not the PO limit.",81 band hits dismissed of 111 raised
T03,Approval-threshold avoidance,JE202505-04444,2025-05-31,Manual reallocation journal,9758.07,USR-012,Amount carries cents and is not a round number; consistent with a genuine supplier invoice priced from a rate.,81 band hits dismissed of 111 raised
T03,Approval-threshold avoidance,JE202505-04462,2025-05-20,Credit note / revenue reclass by AP clerk,9800,USR-002,Expense posting in the band without a vendor reference; no procurement threshold applies to this account.,81 band hits dismissed of 111 raised
T03,Approval-threshold avoidance,JE202506-04522,2025-06-12,Receipt from customer C3013,9953.23,USR-003,"Settlement or bank line in the threshold band, not a procurement charge; the purchase-order limit does not apply.",81 band hits dismissed of 111 raised
T03,Approval-threshold avoidance,JE202506-04576,2025-06-19,Receipt from customer C3014,9768.76,USR-003,"Settlement or bank line in the threshold band, not a procurement charge; the purchase-order limit does not apply.",81 band hits dismissed of 111 raised
T03,Approval-threshold avoidance,JE202506-04643,2025-06-03,Payment to vendor V1001,9936.29,USR-002,"Settlement or bank line in the threshold band, not a procurement charge; the purchase-order limit does not apply.",81 band hits dismissed of 111 raised
T03,Approval-threshold avoidance,JE202506-04659,2025-06-23,Payment to vendor V1017,9778.39,USR-002,"Settlement or bank line in the threshold band, not a procurement charge; the purchase-order limit does not apply.",81 band hits dismissed of 111 raised
T03,Approval-threshold avoidance,JE202506-04695,2025-06-30,Salaries Sales - Export,9824.46,USR-004,"Payroll posting in the threshold band; salaries are authorised through the payroll run, not the PO limit.",81 band hits dismissed of 111 raised
T03,Approval-threshold avoidance,JE202507-04874,2025-07-08,Purchase invoice from V1011 (net of VAT),11345.35,USR-002,Amount carries cents and is not a round number; consistent with a genuine supplier invoice priced from a rate.,81 band hits dismissed of 111 raised
T03,Approval-threshold avoidance,JE202507-04918,2025-07-07,Payment to vendor V1001,9896.2,USR-002,"Settlement or bank line in the threshold band, not a procurement charge; the purchase-order limit does not apply.",81 band hits dismissed of 111 raised
T03,Approval-threshold avoidance,JE202507-04947,2025-07-20,Payment to vendor V1009,9969.99,USR-002,"Settlement or bank line in the threshold band, not a procurement charge; the purchase-order limit does not apply.",81 band hits dismissed of 111 raised
T03,Approval-threshold avoidance,JE202507-04951,2025-07-31,Salaries Head Office Finance,10657.84,USR-004,"Payroll posting in the threshold band; salaries are authorised through the payroll run, not the PO limit.",81 band hits dismissed of 111 raised
T03,Approval-threshold avoidance,JE202507-04956,2025-07-31,Salaries Sales - Export,10230.58,USR-004,"Payroll posting in the threshold band; salaries are authorised through the payroll run, not the PO limit.",81 band hits dismissed of 111 raised
T03,Approval-threshold avoidance,JE202507-04965,2025-07-31,Accrual for unbilled services,12174.65,USR-005,Amount carries cents and is not a round number; consistent with a genuine supplier invoice priced from a rate.,81 band hits dismissed of 111 raised
T03,Approval-threshold avoidance,JE202508-05149,2025-08-24,Payment to vendor V1011,9916.12,USR-002,"Settlement or bank line in the threshold band, not a procurement charge; the purchase-order limit does not apply.",81 band hits dismissed of 111 raised
T03,Approval-threshold avoidance,JE202508-05165,2025-08-22,Payment to vendor V1022,9965.91,USR-002,"Settlement or bank line in the threshold band, not a procurement charge; the purchase-order limit does not apply.",81 band hits dismissed of 111 raised
T03,Approval-threshold avoidance,JE202508-05200,2025-08-31,Salaries Head Office Finance,10697.97,USR-004,"Payroll posting in the threshold band; salaries are authorised through the payroll run, not the PO limit.",81 band hits dismissed of 111 raised
T03,Approval-threshold avoidance,JE202509-05397,2025-09-06,Purchase invoice from V1006 (net of VAT),5743.19,USR-002,Amount carries cents and is not a round number; consistent with a genuine supplier invoice priced from a rate.,81 band hits dismissed of 111 raised
T03,Approval-threshold avoidance,JE202509-05424,2025-09-30,Payment to vendor V1016,9793.96,USR-002,"Settlement or bank line in the threshold band, not a procurement charge; the purchase-order limit does not apply.",81 band hits dismissed of 111 raised
T03,Approval-threshold avoidance,JE202509-05455,2025-09-30,Salaries Head Office Finance,9837.71,USR-004,"Payroll posting in the threshold band; salaries are authorised through the payroll run, not the PO limit.",81 band hits dismissed of 111 raised
T05,Weekend and after-hours journals,JE202401-00239,2024-01-23,Manual reallocation reclass,21867.52,USR-002,"Manual journal posted outside business hours that debits the suspense account and credits a balance-sheet account (a reallocation between accounts), with no expense recognised. Included in the suspense review instead.",45 weekend/after-hours journals dismissed of 66 raised
T05,Weekend and after-hours journals,JE202401-00243,2024-01-19,Manual reallocation reclass,1732.97,USR-005,"Manual journal posted outside business hours that debits the suspense account and credits a balance-sheet account (a reallocation between accounts), with no expense recognised. Included in the suspense review instead.",45 weekend/after-hours journals dismissed of 66 raised
T05,Weekend and after-hours journals,JE202401-00245,2024-01-11,Manual reallocation journal,7779.12,USR-005,"Manual journal posted outside business hours that debits the suspense account and credits a balance-sheet account (a reallocation between accounts), with no expense recognised. Included in the suspense review instead.",45 weekend/after-hours journals dismissed of 66 raised
T05,Weekend and after-hours journals,JE202401-00246,2024-01-21,Manual reallocation adjustment,14365.24,USR-001,"Manual journal posted outside business hours that debits the suspense account and credits a balance-sheet account (a reallocation between accounts), with no expense recognised. Included in the suspense review instead.",45 weekend/after-hours journals dismissed of 66 raised
T05,Weekend and after-hours journals,JE202402-00506,2024-02-14,Manual reallocation reclass,20687.96,USR-001,"Manual journal posted outside business hours that debits the suspense account and credits a balance-sheet account (a reallocation between accounts), with no expense recognised. Included in the suspense review instead.",45 weekend/after-hours journals dismissed of 66 raised
T05,Weekend and after-hours journals,JE202402-00509,2024-02-06,Manual reallocation correction,2023.83,USR-002,"Manual journal posted outside business hours that debits the suspense account and credits a balance-sheet account (a reallocation between accounts), with no expense recognised. Included in the suspense review instead.",45 weekend/after-hours journals dismissed of 66 raised
T05,Weekend and after-hours journals,JE202403-00780,2024-03-26,Manual reallocation adjustment,15504.08,USR-012,"Manual journal posted outside business hours that debits the suspense account and credits a balance-sheet account (a reallocation between accounts), with no expense recognised. Included in the suspense review instead.",45 weekend/after-hours journals dismissed of 66 raised
T05,Weekend and after-hours journals,JE202404-01036,2024-04-03,Manual reallocation journal,1717.74,USR-010,"Manual journal posted outside business hours that debits the suspense account and credits a balance-sheet account (a reallocation between accounts), with no expense recognised. Included in the suspense review instead.",45 weekend/after-hours journals dismissed of 66 raised
T05,Weekend and after-hours journals,JE202404-01042,2024-04-15,Manual reallocation adjustment,3487.78,USR-001,"Manual journal posted outside business hours that debits the suspense account and credits a balance-sheet account (a reallocation between accounts), with no expense recognised. Included in the suspense review instead.",45 weekend/after-hours journals dismissed of 66 raised
T05,Weekend and after-hours journals,JE202404-01048,2024-04-26,Manual reallocation correction,3139.89,USR-005,"Manual journal posted outside business hours that debits the suspense account and credits a balance-sheet account (a reallocation between accounts), with no expense recognised. Included in the suspense review instead.",45 weekend/after-hours journals dismissed of 66 raised
T05,Weekend and after-hours journals,JE202405-01305,2024-05-27,Manual reallocation correction,2021.96,USR-005,"Manual journal posted outside business hours that debits the suspense account and credits a balance-sheet account (a reallocation between accounts), with no expense recognised. Included in the suspense review instead.",45 weekend/after-hours journals dismissed of 66 raised
T05,Weekend and after-hours journals,JE202405-01315,2024-05-19,Manual reallocation journal,18463.15,USR-001,"Manual journal posted outside business hours that debits the suspense account and credits a balance-sheet account (a reallocation between accounts), with no expense recognised. Included in the suspense review instead.",45 weekend/after-hours journals dismissed of 66 raised
T05,Weekend and after-hours journals,JE202407-01825,2024-07-14,Manual reallocation reclass,843.23,USR-001,"Manual journal posted outside business hours that debits the suspense account and credits a balance-sheet account (a reallocation between accounts), with no expense recognised. Included in the suspense review instead.",45 weekend/after-hours journals dismissed of 66 raised
T05,Weekend and after-hours journals,JE202407-01829,2024-07-26,Manual reallocation reclass,15498.6,USR-002,"Manual journal posted outside business hours that debits the suspense account and credits a balance-sheet account (a reallocation between accounts), with no expense recognised. Included in the suspense review instead.",45 weekend/after-hours journals dismissed of 66 raised
T05,Weekend and after-hours journals,JE202408-02079,2024-08-08,Manual reallocation reclass,5640.4,USR-001,"Manual journal posted outside business hours that debits the suspense account and credits a balance-sheet account (a reallocation between accounts), with no expense recognised. Included in the suspense review instead.",45 weekend/after-hours journals dismissed of 66 raised
T05,Weekend and after-hours journals,JE202408-02084,2024-08-10,Manual reallocation reclass,765.99,USR-005,"Manual journal posted outside business hours that debits the suspense account and credits a balance-sheet account (a reallocation between accounts), with no expense recognised. Included in the suspense review instead.",45 weekend/after-hours journals dismissed of 66 raised
T05,Weekend and after-hours journals,JE202409-02352,2024-09-19,Manual reallocation adjustment,1304.86,USR-010,"Manual journal posted outside business hours that debits the suspense account and credits a balance-sheet account (a reallocation between accounts), with no expense recognised. Included in the suspense review instead.",45 weekend/after-hours journals dismissed of 66 raised
T05,Weekend and after-hours journals,JE202409-02355,2024-09-17,Manual reallocation journal,15993.3,USR-002,"Manual journal posted outside business hours that debits the suspense account and credits a balance-sheet account (a reallocation between accounts), with no expense recognised. Included in the suspense review instead.",45 weekend/after-hours journals dismissed of 66 raised
T05,Weekend and after-hours journals,JE202409-02357,2024-09-21,Manual reallocation correction,3476.13,USR-012,"Manual journal posted outside business hours that debits the suspense account and credits a balance-sheet account (a reallocation between accounts), with no expense recognised. Included in the suspense review instead.",45 weekend/after-hours journals dismissed of 66 raised
T05,Weekend and after-hours journals,JE202409-02359,2024-09-19,Manual reallocation reclass,5965.34,USR-012,"Manual journal posted outside business hours that debits the suspense account and credits a balance-sheet account (a reallocation between accounts), with no expense recognised. Included in the suspense review instead.",45 weekend/after-hours journals dismissed of 66 raised
T05,Weekend and after-hours journals,JE202410-02633,2024-10-25,Manual reallocation journal,19566.72,USR-012,"Manual journal posted outside business hours that debits the suspense account and credits a balance-sheet account (a reallocation between accounts), with no expense recognised. Included in the suspense review instead.",45 weekend/after-hours journals dismissed of 66 raised
T05,Weekend and after-hours journals,JE202411-02901,2024-11-19,Manual reallocation journal,3533.68,USR-012,"Manual journal posted outside business hours that debits the suspense account and credits a balance-sheet account (a reallocation between accounts), with no expense recognised. Included in the suspense review instead.",45 weekend/after-hours journals dismissed of 66 raised
T05,Weekend and after-hours journals,JE202412-03150,2024-12-24,Manual reallocation adjustment,15076.23,USR-002,"Manual journal posted outside business hours that debits the suspense account and credits a balance-sheet account (a reallocation between accounts), with no expense recognised. Included in the suspense review instead.",45 weekend/after-hours journals dismissed of 66 raised
T05,Weekend and after-hours journals,JE202501-03397,2025-01-20,Manual reallocation adjustment,7318.59,USR-001,"Manual journal posted outside business hours that debits the suspense account and credits a balance-sheet account (a reallocation between accounts), with no expense recognised. Included in the suspense review instead.",45 weekend/after-hours journals dismissed of 66 raised
T05,Weekend and after-hours journals,JE202501-03404,2025-01-16,Manual reallocation journal,12356.56,USR-005,"Manual journal posted outside business hours that debits the suspense account and credits a balance-sheet account (a reallocation between accounts), with no expense recognised. Included in the suspense review instead.",45 weekend/after-hours journals dismissed of 66 raised
T05,Weekend and after-hours journals,JE202501-03405,2025-01-03,Manual reallocation adjustment,3846.72,USR-010,"Manual journal posted outside business hours that debits the suspense account and credits a balance-sheet account (a reallocation between accounts), with no expense recognised. Included in the suspense review instead.",45 weekend/after-hours journals dismissed of 66 raised
T05,Weekend and after-hours journals,JE202502-03649,2025-02-20,Manual reallocation journal,10064.25,USR-010,"Manual journal posted outside business hours that debits the suspense account and credits a balance-sheet account (a reallocation between accounts), with no expense recognised. Included in the suspense review instead.",45 weekend/after-hours journals dismissed of 66 raised
T05,Weekend and after-hours journals,JE202502-03650,2025-02-19,Manual reallocation correction,7398.33,USR-010,"Manual journal posted outside business hours that debits the suspense account and credits a balance-sheet account (a reallocation between accounts), with no expense recognised. Included in the suspense review instead.",45 weekend/after-hours journals dismissed of 66 raised
T05,Weekend and after-hours journals,JE202502-03657,2025-02-16,Manual reallocation journal,1388.06,USR-005,"Manual journal posted outside business hours that debits the suspense account and credits a balance-sheet account (a reallocation between accounts), with no expense recognised. Included in the suspense review instead.",45 weekend/after-hours journals dismissed of 66 raised
T05,Weekend and after-hours journals,JE202502-03658,2025-02-12,Manual reallocation correction,11135.36,USR-005,"Manual journal posted outside business hours that debits the suspense account and credits a balance-sheet account (a reallocation between accounts), with no expense recognised. Included in the suspense review instead.",45 weekend/after-hours journals dismissed of 66 raised
T05,Weekend and after-hours journals,JE202504-04170,2025-04-08,Manual reallocation journal,10640.25,USR-001,"Manual journal posted outside business hours that debits the suspense account and credits a balance-sheet account (a reallocation between accounts), with no expense recognised. Included in the suspense review instead.",45 weekend/after-hours journals dismissed of 66 raised
T05,Weekend and after-hours journals,JE202504-04174,2025-04-08,Manual reallocation reclass,2602.48,USR-005,"Manual journal posted outside business hours that debits the suspense account and credits a balance-sheet account (a reallocation between accounts), with no expense recognised. Included in the suspense review instead.",45 weekend/after-hours journals dismissed of 66 raised
T05,Weekend and after-hours journals,JE202504-04177,2025-04-02,Manual reallocation reclass,2675.79,USR-005,"Manual journal posted outside business hours that debits the suspense account and credits a balance-sheet account (a reallocation between accounts), with no expense recognised. Included in the suspense review instead.",45 weekend/after-hours journals dismissed of 66 raised
T05,Weekend and after-hours journals,JE202505-04443,2025-05-15,Manual reallocation correction,5632.54,USR-010,"Manual journal posted outside business hours that debits the suspense account and credits a balance-sheet account (a reallocation between accounts), with no expense recognised. Included in the suspense review instead.",45 weekend/after-hours journals dismissed of 66 raised
T05,Weekend and after-hours journals,JE202505-04445,2025-05-04,Manual reallocation reclass,983.13,USR-002,"Manual journal posted outside business hours that debits the suspense account and credits a balance-sheet account (a reallocation between accounts), with no expense recognised. Included in the suspense review instead.",45 weekend/after-hours journals dismissed of 66 raised
T05,Weekend and after-hours journals,JE202505-04447,2025-05-07,Manual reallocation adjustment,2160.54,USR-001,"Manual journal posted outside business hours that debits the suspense account and credits a balance-sheet account (a reallocation between accounts), with no expense recognised. Included in the suspense review instead.",45 weekend/after-hours journals dismissed of 66 raised
T05,Weekend and after-hours journals,JE202506-04717,2025-06-20,Manual reallocation reclass,2199.23,USR-010,"Manual journal posted outside business hours that debits the suspense account and credits a balance-sheet account (a reallocation between accounts), with no expense recognised. Included in the suspense review instead.",45 weekend/after-hours journals dismissed of 66 raised
T05,Weekend and after-hours journals,JE202506-04718,2025-06-14,Manual reallocation reclass,1292.35,USR-005,"Manual journal posted outside business hours that debits the suspense account and credits a balance-sheet account (a reallocation between accounts), with no expense recognised. Included in the suspense review instead.",45 weekend/after-hours journals dismissed of 66 raised
T05,Weekend and after-hours journals,JE202506-04725,2025-06-14,Manual reallocation reclass,15863.79,USR-005,"Manual journal posted outside business hours that debits the suspense account and credits a balance-sheet account (a reallocation between accounts), with no expense recognised. Included in the suspense review instead.",45 weekend/after-hours journals dismissed of 66 raised
T05,Weekend and after-hours journals,JE202507-04973,2025-07-15,Manual reallocation adjustment,16874.75,USR-012,"Manual journal posted outside business hours that debits the suspense account and credits a balance-sheet account (a reallocation between accounts), with no expense recognised. Included in the suspense review instead.",45 weekend/after-hours journals dismissed of 66 raised
T05,Weekend and after-hours journals,JE202507-04983,2025-07-31,Manual reallocation adjustment,7181.32,USR-010,"Manual journal posted outside business hours that debits the suspense account and credits a balance-sheet account (a reallocation between accounts), with no expense recognised. Included in the suspense review instead.",45 weekend/after-hours journals dismissed of 66 raised
T05,Weekend and after-hours journals,JE202508-05225,2025-08-29,Manual reallocation reclass,5505.32,USR-001,"Manual journal posted outside business hours that debits the suspense account and credits a balance-sheet account (a reallocation between accounts), with no expense recognised. Included in the suspense review instead.",45 weekend/after-hours journals dismissed of 66 raised
T05,Weekend and after-hours journals,JE202508-05226,2025-08-10,Manual reallocation adjustment,10674.43,USR-001,"Manual journal posted outside business hours that debits the suspense account and credits a balance-sheet account (a reallocation between accounts), with no expense recognised. Included in the suspense review instead.",45 weekend/after-hours journals dismissed of 66 raised
T05,Weekend and after-hours journals,JE202509-05484,2025-09-16,Manual reallocation journal,10915.56,USR-002,"Manual journal posted outside business hours that debits the suspense account and credits a balance-sheet account (a reallocation between accounts), with no expense recognised. Included in the suspense review instead.",45 weekend/after-hours journals dismissed of 66 raised
T05,Weekend and after-hours journals,JE202509-05492,2025-09-08,Manual reallocation journal,6076.06,USR-005,"Manual journal posted outside business hours that debits the suspense account and credits a balance-sheet account (a reallocation between accounts), with no expense recognised. Included in the suspense review instead.",45 weekend/after-hours journals dismissed of 66 raised
T07,Unreversed accruals and prepayment amortisation,JE202401-00235,2024-01-31,Accrual for unbilled services,16710.08,USR-005,Same monthly prepayment-amortisation pattern as the six confirmed exceptions; carried on the supplementary schedule because the pattern is systematic and cannot be dismissed individually.,15 further same-pattern journals beyond the six corroborated
T07,Unreversed accruals and prepayment amortisation,JE202402-00499,2024-02-29,Accrual for unbilled services,8953.68,USR-005,Same monthly prepayment-amortisation pattern as the six confirmed exceptions; carried on the supplementary schedule because the pattern is systematic and cannot be dismissed individually.,15 further same-pattern journals beyond the six corroborated
T07,Unreversed accruals and prepayment amortisation,JE202403-00768,2024-03-31,Accrual for unbilled services,10890.69,USR-005,Same monthly prepayment-amortisation pattern as the six confirmed exceptions; carried on the supplementary schedule because the pattern is systematic and cannot be dismissed individually.,15 further same-pattern journals beyond the six corroborated
T07,Unreversed accruals and prepayment amortisation,JE202404-01029,2024-04-30,Accrual for unbilled services,21574.04,USR-005,Same monthly prepayment-amortisation pattern as the six confirmed exceptions; carried on the supplementary schedule because the pattern is systematic and cannot be dismissed individually.,15 further same-pattern journals beyond the six corroborated
T07,Unreversed accruals and prepayment amortisation,JE202405-01298,2024-05-31,Accrual for unbilled services,6839.79,USR-005,Same monthly prepayment-amortisation pattern as the six confirmed exceptions; carried on the supplementary schedule because the pattern is systematic and cannot be dismissed individually.,15 further same-pattern journals beyond the six corroborated
T07,Unreversed accruals and prepayment amortisation,JE202406-01560,2024-06-30,Accrual for unbilled services,6801.42,USR-005,Same monthly prepayment-amortisation pattern as the six confirmed exceptions; carried on the supplementary schedule because the pattern is systematic and cannot be dismissed individually.,15 further same-pattern journals beyond the six corroborated
T07,Unreversed accruals and prepayment amortisation,JE202407-01815,2024-07-31,Accrual for unbilled services,17983.33,USR-005,Same monthly prepayment-amortisation pattern as the six confirmed exceptions; carried on the supplementary schedule because the pattern is systematic and cannot be dismissed individually.,15 further same-pattern journals beyond the six corroborated
T07,Unreversed accruals and prepayment amortisation,JE202408-02066,2024-08-31,Accrual for unbilled services,15472.06,USR-005,Same monthly prepayment-amortisation pattern as the six confirmed exceptions; carried on the supplementary schedule because the pattern is systematic and cannot be dismissed individually.,15 further same-pattern journals beyond the six corroborated
T07,Unreversed accruals and prepayment amortisation,JE202409-02341,2024-09-30,Accrual for unbilled services,22053.27,USR-005,Same monthly prepayment-amortisation pattern as the six confirmed exceptions; carried on the supplementary schedule because the pattern is systematic and cannot be dismissed individually.,15 further same-pattern journals beyond the six corroborated
T07,Unreversed accruals and prepayment amortisation,JE202502-03640,2025-02-28,Accrual for unbilled services,22994.7,USR-005,Same monthly prepayment-amortisation pattern as the six confirmed exceptions; carried on the supplementary schedule because the pattern is systematic and cannot be dismissed individually.,15 further same-pattern journals beyond the six corroborated
T07,Unreversed accruals and prepayment amortisation,JE202503-03888,2025-03-31,Accrual for unbilled services,8655.28,USR-005,Same monthly prepayment-amortisation pattern as the six confirmed exceptions; carried on the supplementary schedule because the pattern is systematic and cannot be dismissed individually.,15 further same-pattern journals beyond the six corroborated
T07,Unreversed accruals and prepayment amortisation,JE202505-04433,2025-05-31,Accrual for unbilled services,11837.85,USR-005,Same monthly prepayment-amortisation pattern as the six confirmed exceptions; carried on the supplementary schedule because the pattern is systematic and cannot be dismissed individually.,15 further same-pattern journals beyond the six corroborated
T07,Unreversed accruals and prepayment amortisation,JE202506-04706,2025-06-30,Accrual for unbilled services,21404.3,USR-005,Same monthly prepayment-amortisation pattern as the six confirmed exceptions; carried on the supplementary schedule because the pattern is systematic and cannot be dismissed individually.,15 further same-pattern journals beyond the six corroborated
T07,Unreversed accruals and prepayment amortisation,JE202508-05214,2025-08-31,Accrual for unbilled services,20873.02,USR-005,Same monthly prepayment-amortisation pattern as the six confirmed exceptions; carried on the supplementary schedule because the pattern is systematic and cannot be dismissed individually.,15 further same-pattern journals beyond the six corroborated
T07,Unreversed accruals and prepayment amortisation,JE202509-05470,2025-09-30,Accrual for unbilled services,13300.66,USR-005,Same monthly prepayment-amortisation pattern as the six confirmed exceptions; carried on the supplementary schedule because the pattern is systematic and cannot be dismissed individually.,15 further same-pattern journals beyond the six corroborated
