InvoiceNo,CustomerID,InvoiceDate,DueDate,Currency,AmountUSD,AmountReceivedUSD,DaysOverdue,AgeingBucket,DisputedFlag,AsAtDate,CustomerName,Segment,AccountManager,OutstandingUSD,SettledFlag,DisputedFlagYN,Overdue90Flag,PriorityScore,PriorityRank,RecommendedAction
SI-202500000,C3004,2025-02-08,2025-04-09,EUR,31095.16,0.0,174,91-180 days,No,2025-09-30,Deutsch Technik GmbH,Export - DE,B. Ncube,31095.16,No,No,Yes,91212.47,80,Telephone contact this week; obtain a payment commitment in writing
SI-202500001,C3009,2025-05-02,2025-06-01,USD,79862.79,0.0,121,91-180 days,No,2025-09-30,SADC Industrial Supplies,Export - Region,B. Ncube,79862.79,No,No,Yes,187233.87,14,Telephone contact this week; obtain a payment commitment in writing
SI-202500002,C3010,2025-04-28,2025-05-28,USD,4907.79,0.0,125,91-180 days,No,2025-09-30,Sunrise Hospitals Group,Healthcare,T. Makuvaza,4907.79,No,No,Yes,11724.16,316,Telephone contact this week; obtain a payment commitment in writing
SI-202500003,C3011,2025-05-07,2025-06-06,USD,14124.37,0.0,116,91-180 days,No,2025-09-30,University Trust Procurement,Public sector,S. Moyo,14124.37,No,No,Yes,32329.11,216,Telephone contact this week; obtain a payment commitment in writing
SI-202500004,C3012,2025-07-24,2025-09-22,USD,65567.16,65567.16,8,1-30 days,No,2025-09-30,Municipality of Kadoma,Public sector,B. Ncube,0,Yes,No,No,0,0,-
SI-202500005,C3004,2025-01-14,2025-03-15,EUR,9461.93,0.0,199,Over 180 days,No,2025-09-30,Deutsch Technik GmbH,Export - DE,B. Ncube,9461.93,No,No,Yes,30383.31,227,Escalate to the account manager and the CFO; consider withholding further supply
SI-202500006,C3008,2025-05-14,2025-06-13,USD,4874.15,0.0,109,91-180 days,No,2025-09-30,BuildMart Hardware,Retail,T. Makuvaza,4874.15,No,No,Yes,10777.29,326,Telephone contact this week; obtain a payment commitment in writing
SI-202500007,C3003,2025-06-14,2025-07-14,GBP,5014.13,0.0,78,61-90 days,No,2025-09-30,UK Builder Depot Ltd,Export - UK,T. Makuvaza,5014.13,No,No,No,9359.71,339,Standard reminder and confirmation of the payment date
SI-202500008,C3011,2025-07-21,2025-08-20,USD,9682.99,0.0,41,31-60 days,No,2025-09-30,University Trust Procurement,Public sector,S. Moyo,9682.99,No,No,No,14094.13,305,Standard reminder and confirmation of the payment date
SI-202500009,C3016,2025-03-11,2025-04-10,GBP,62530.1,0.0,173,91-180 days,No,2025-09-30,PrintWorks Limited,Services,S. Moyo,62530.1,No,No,Yes,182726.85,17,Telephone contact this week; obtain a payment commitment in writing
SI-202500010,C3009,2025-04-14,2025-05-14,USD,4411.29,0.0,139,91-180 days,No,2025-09-30,SADC Industrial Supplies,Export - Region,B. Ncube,4411.29,No,No,Yes,11224.28,322,Telephone contact this week; obtain a payment commitment in writing
SI-202500011,C3015,2025-01-27,2025-02-26,USD,28170.27,0.0,216,Over 180 days,No,2025-09-30,PlastiCorp Factory,Manufacturing,S. Moyo,28170.27,No,No,Yes,95778.92,76,Escalate to the account manager and the CFO; consider withholding further supply
SI-202500012,C3018,2025-02-06,2025-03-08,USD,14017.44,0.0,206,Over 180 days,No,2025-09-30,FoodProcessors Alliance,Food,S. Moyo,14017.44,No,No,Yes,46101.8,170,Escalate to the account manager and the CFO; consider withholding further supply
SI-202500013,C3010,2025-03-19,2025-04-18,USD,9187.77,0.0,165,91-180 days,No,2025-09-30,Sunrise Hospitals Group,Healthcare,T. Makuvaza,9187.77,No,No,Yes,26032.01,247,Telephone contact this week; obtain a payment commitment in writing
SI-202500014,C3003,2025-09-14,2025-10-14,GBP,28669.44,10034.3,0,Current,No,2025-09-30,UK Builder Depot Ltd,Export - UK,T. Makuvaza,18635.14,No,No,No,18635.14,289,Not yet due - monitor
SI-202500015,C3001,2025-03-01,2025-04-15,USD,44493.53,0.0,168,91-180 days,No,2025-09-30,Zimbabwe Grain Millers (Pvt) Ltd,Wholesale,B. Ncube,44493.53,No,No,Yes,127548.12,47,Telephone contact this week; obtain a payment commitment in writing
SI-202500016,C3013,2025-01-21,2025-03-07,USD,18343.8,0.0,207,Over 180 days,No,2025-09-30,TransContinental Haulage,Logistics,B. Ncube,18343.8,No,No,Yes,60534.54,128,Escalate to the account manager and the CFO; consider withholding further supply
SI-202500017,C3004,2025-03-28,2025-05-27,EUR,14859.06,0.0,126,91-180 days,No,2025-09-30,Deutsch Technik GmbH,Export - DE,B. Ncube,14859.06,No,No,Yes,35661.74,206,Telephone contact this week; obtain a payment commitment in writing
SI-202500018,C3017,2025-05-05,2025-06-04,USD,17643.79,0.0,118,91-180 days,No,2025-09-30,EnergyAfrica Distributors,Energy,S. Moyo,17643.79,No,No,Yes,40776.76,183,Telephone contact this week; obtain a payment commitment in writing
SI-202500019,C3018,2025-09-07,2025-10-07,USD,7713.06,4627.84,0,Current,No,2025-09-30,FoodProcessors Alliance,Food,S. Moyo,3085.22,No,No,No,3085.22,385,Not yet due - monitor
SI-202500020,C3010,2025-09-02,2025-10-02,USD,23633.73,0.0,0,Current,No,2025-09-30,Sunrise Hospitals Group,Healthcare,T. Makuvaza,23633.73,No,No,No,23633.73,261,Not yet due - monitor
SI-202500021,C3002,2025-05-15,2025-06-14,ZAR,9073.68,0.0,108,91-180 days,No,2025-09-30,Safret Traders CC,Export - ZA,T. Makuvaza,9073.68,No,No,Yes,19962.1,279,Telephone contact this week; obtain a payment commitment in writing
SI-202500022,C3010,2025-03-20,2025-04-19,USD,9777.18,0.0,164,91-180 days,No,2025-09-30,Sunrise Hospitals Group,Healthcare,T. Makuvaza,9777.18,No,No,Yes,27593.37,240,Telephone contact this week; obtain a payment commitment in writing
SI-202500023,C3016,2025-04-15,2025-05-15,GBP,68628.67,0.0,138,91-180 days,No,2025-09-30,PrintWorks Limited,Services,S. Moyo,68628.67,No,No,Yes,173859.3,24,Telephone contact this week; obtain a payment commitment in writing
SI-202500024,C3008,2025-03-28,2025-04-27,USD,22560.61,0.0,156,91-180 days,No,2025-09-30,BuildMart Hardware,Retail,T. Makuvaza,22560.61,No,No,Yes,61665.67,125,Telephone contact this week; obtain a payment commitment in writing
SI-202500025,C3006,2025-06-26,2025-08-25,USD,20497.53,0.0,36,31-60 days,No,2025-09-30,AgriHub Cooperative,Agriculture,B. Ncube,20497.53,No,No,No,28696.54,236,Standard reminder and confirmation of the payment date
SI-202500026,C3016,2025-08-29,2025-09-28,GBP,3800.43,1330.15,2,1-30 days,No,2025-09-30,PrintWorks Limited,Services,S. Moyo,2470.28,No,No,No,2525.18,388,Not yet due - monitor
SI-202500027,C3013,2025-05-20,2025-07-04,USD,24929.29,0.0,88,61-90 days,No,2025-09-30,TransContinental Haulage,Logistics,B. Ncube,24929.29,No,No,No,49304.6,161,Standard reminder and confirmation of the payment date
SI-202500028,C3011,2025-07-08,2025-08-07,USD,7472.06,0.0,54,31-60 days,No,2025-09-30,University Trust Procurement,Public sector,S. Moyo,7472.06,No,No,No,11955.3,315,Standard reminder and confirmation of the payment date
SI-202500029,C3006,2025-07-16,2025-09-14,USD,81511.25,0.0,16,1-30 days,No,2025-09-30,AgriHub Cooperative,Agriculture,B. Ncube,81511.25,No,No,No,96002.14,74,Not yet due - monitor
SI-202500030,C3007,2025-03-27,2025-04-26,USD,8684.91,0.0,157,91-180 days,No,2025-09-30,RetailZ Supermarkets,Retail,S. Moyo,8684.91,No,No,Yes,23835.25,258,Telephone contact this week; obtain a payment commitment in writing
SI-202500031,C3005,2025-05-06,2025-06-05,USD,20538.7,0.0,117,91-180 days,No,2025-09-30,Great Dyke Mining Corporation,Mining,T. Makuvaza,20538.7,No,No,Yes,47239.01,166,Telephone contact this week; obtain a payment commitment in writing
SI-202500032,C3017,2025-07-24,2025-08-23,USD,27462.52,0.0,38,31-60 days,No,2025-09-30,EnergyAfrica Distributors,Energy,S. Moyo,27462.52,No,No,No,39057.81,195,Standard reminder and confirmation of the payment date
SI-202500033,C3006,2025-03-29,2025-05-28,USD,3611.04,0.0,125,91-180 days,No,2025-09-30,AgriHub Cooperative,Agriculture,B. Ncube,3611.04,No,No,Yes,8626.37,345,Telephone contact this week; obtain a payment commitment in writing
SI-202500034,C3004,2025-05-27,2025-07-26,EUR,27235.05,0.0,66,61-90 days,No,2025-09-30,Deutsch Technik GmbH,Export - DE,B. Ncube,27235.05,No,No,No,47207.42,167,Standard reminder and confirmation of the payment date
SI-202500035,C3018,2025-04-19,2025-05-19,USD,8414.06,0.0,134,91-180 days,No,2025-09-30,FoodProcessors Alliance,Food,S. Moyo,8414.06,No,No,Yes,20941.66,275,Telephone contact this week; obtain a payment commitment in writing
SI-202500036,C3003,2025-02-09,2025-03-11,GBP,42732.05,0.0,203,Over 180 days,No,2025-09-30,UK Builder Depot Ltd,Export - UK,T. Makuvaza,42732.05,No,No,Yes,139116.56,42,Escalate to the account manager and the CFO; consider withholding further supply
SI-202500037,C3011,2025-04-02,2025-05-02,USD,18470.11,0.0,151,91-180 days,No,2025-09-30,University Trust Procurement,Public sector,S. Moyo,18470.11,No,No,Yes,49458.85,160,Telephone contact this week; obtain a payment commitment in writing
SI-202500038,C3001,2025-06-01,2025-07-16,USD,13525.16,0.0,76,61-90 days,No,2025-09-30,Zimbabwe Grain Millers (Pvt) Ltd,Wholesale,B. Ncube,13525.16,No,No,No,24946.41,253,Standard reminder and confirmation of the payment date
SI-202500039,C3006,2025-01-15,2025-03-16,USD,47075.18,0.0,198,Over 180 days,No,2025-09-30,AgriHub Cooperative,Agriculture,B. Ncube,47075.18,No,No,Yes,150640.58,35,Escalate to the account manager and the CFO; consider withholding further supply
SI-202500040,C3005,2025-03-30,2025-04-29,USD,30575.46,0.0,154,91-180 days,No,2025-09-30,Great Dyke Mining Corporation,Mining,T. Makuvaza,30575.46,No,No,Yes,82893.47,95,Telephone contact this week; obtain a payment commitment in writing
SI-202500041,C3008,2025-06-05,2025-07-05,USD,28304.97,0.0,87,61-90 days,No,2025-09-30,BuildMart Hardware,Retail,T. Makuvaza,28304.97,No,No,No,55666.44,139,Standard reminder and confirmation of the payment date
SI-202500042,C3014,2025-03-21,2025-05-05,USD,77689.7,0.0,148,91-180 days,No,2025-09-30,FarmSupply Depot,Agriculture,S. Moyo,77689.7,No,No,Yes,205446.1,11,Telephone contact this week; obtain a payment commitment in writing
SI-202500043,C3008,2025-02-23,2025-03-25,USD,15972.16,0.0,189,Over 180 days,No,2025-09-30,BuildMart Hardware,Retail,T. Makuvaza,15972.16,No,No,Yes,49513.7,159,Escalate to the account manager and the CFO; consider withholding further supply
SI-202500044,C3013,2025-02-27,2025-04-13,USD,28699.61,0.0,170,91-180 days,No,2025-09-30,TransContinental Haulage,Logistics,B. Ncube,28699.61,No,No,Yes,82909.98,94,Telephone contact this week; obtain a payment commitment in writing
SI-202500045,C3005,2025-02-14,2025-03-16,USD,64844.87,0.0,198,Over 180 days,No,2025-09-30,Great Dyke Mining Corporation,Mining,T. Makuvaza,64844.87,No,No,Yes,207503.58,10,Escalate to the account manager and the CFO; consider withholding further supply
SI-202500046,C3009,2025-04-28,2025-05-28,USD,15469.51,0.0,125,91-180 days,No,2025-09-30,SADC Industrial Supplies,Export - Region,B. Ncube,15469.51,No,No,Yes,36954.94,203,Telephone contact this week; obtain a payment commitment in writing
SI-202500047,C3018,2025-07-11,2025-08-10,USD,7618.91,2666.62,51,31-60 days,No,2025-09-30,FoodProcessors Alliance,Food,S. Moyo,4952.29,No,No,No,7758.59,358,Standard reminder and confirmation of the payment date
SI-202500048,C3013,2025-06-24,2025-08-08,USD,22439.87,22439.87,53,31-60 days,No,2025-09-30,TransContinental Haulage,Logistics,B. Ncube,0,Yes,No,No,0,0,-
SI-202500049,C3015,2025-05-22,2025-06-21,USD,48171.79,0.0,101,91-180 days,No,2025-09-30,PlastiCorp Factory,Manufacturing,S. Moyo,48171.79,No,No,Yes,102231.24,66,Telephone contact this week; obtain a payment commitment in writing
SI-202500050,C3007,2025-01-18,2025-02-17,USD,67932.57,0.0,225,Over 180 days,No,2025-09-30,RetailZ Supermarkets,Retail,S. Moyo,67932.57,No,No,Yes,237764,5,Escalate to the account manager and the CFO; consider withholding further supply
SI-202500051,C3017,2025-08-06,2025-09-05,USD,4327.47,4327.47,25,1-30 days,No,2025-09-30,EnergyAfrica Distributors,Energy,S. Moyo,0,Yes,No,No,0,0,-
SI-202500052,C3006,2025-09-16,2025-11-15,USD,13790.17,8274.1,0,Current,No,2025-09-30,AgriHub Cooperative,Agriculture,B. Ncube,5516.07,No,No,No,5516.07,371,Not yet due - monitor
SI-202500053,C3010,2025-07-11,2025-08-10,USD,68254.38,0.0,51,31-60 days,No,2025-09-30,Sunrise Hospitals Group,Healthcare,T. Makuvaza,68254.38,No,No,No,106931.86,60,Standard reminder and confirmation of the payment date
SI-202500054,C3016,2025-02-04,2025-03-06,GBP,24802.81,0.0,208,Over 180 days,No,2025-09-30,PrintWorks Limited,Services,S. Moyo,24802.81,No,No,Yes,82124.86,96,Escalate to the account manager and the CFO; consider withholding further supply
SI-202500055,C3011,2025-01-13,2025-02-12,USD,29973.7,0.0,230,Over 180 days,No,2025-09-30,University Trust Procurement,Public sector,S. Moyo,29973.7,No,No,Yes,106573.16,62,Escalate to the account manager and the CFO; consider withholding further supply
SI-202500056,C3011,2025-08-03,2025-09-02,USD,81190.33,28416.62,28,1-30 days,No,2025-09-30,University Trust Procurement,Public sector,S. Moyo,52773.71,No,No,No,69192.2,114,Not yet due - monitor
SI-202500057,C3011,2025-08-15,2025-09-14,USD,48190.44,0.0,16,1-30 days,No,2025-09-30,University Trust Procurement,Public sector,S. Moyo,48190.44,No,No,No,56757.63,136,Not yet due - monitor
SI-202500058,C3015,2025-02-13,2025-03-15,USD,13153.47,0.0,199,Over 180 days,No,2025-09-30,PlastiCorp Factory,Manufacturing,S. Moyo,13153.47,No,No,Yes,42237.25,181,Escalate to the account manager and the CFO; consider withholding further supply
SI-202500059,C3010,2025-01-15,2025-02-14,USD,9138.69,0.0,228,Over 180 days,No,2025-09-30,Sunrise Hospitals Group,Healthcare,T. Makuvaza,9138.69,No,No,Yes,32290.04,217,Escalate to the account manager and the CFO; consider withholding further supply
SI-202500060,C3018,2025-01-19,2025-02-18,USD,8964.44,0.0,224,Over 180 days,No,2025-09-30,FoodProcessors Alliance,Food,S. Moyo,8964.44,No,No,Yes,31275.94,224,Escalate to the account manager and the CFO; consider withholding further supply
SI-202500061,C3017,2025-02-10,2025-03-12,USD,4224.9,0.0,202,Over 180 days,No,2025-09-30,EnergyAfrica Distributors,Energy,S. Moyo,4224.9,No,No,Yes,13707.45,308,Escalate to the account manager and the CFO; consider withholding further supply
SI-202500062,C3005,2025-07-15,2025-08-14,USD,9935.74,0.0,47,31-60 days,Yes,2025-09-30,Great Dyke Mining Corporation,Mining,T. Makuvaza,9935.74,No,Yes,No,7562.2,359,"Resolve the dispute first - agree the credit note or the corrected invoice, then collect"
SI-202500063,C3014,2025-06-16,2025-07-31,USD,23815.84,0.0,61,61-90 days,No,2025-09-30,FarmSupply Depot,Agriculture,S. Moyo,23815.84,No,No,No,39957.69,189,Standard reminder and confirmation of the payment date
SI-202500064,C3014,2025-06-27,2025-08-11,USD,62619.31,37571.59,50,31-60 days,No,2025-09-30,FarmSupply Depot,Agriculture,S. Moyo,25047.72,No,No,No,38963.12,196,Standard reminder and confirmation of the payment date
SI-202500065,C3005,2025-06-11,2025-07-11,USD,19798.22,0.0,81,61-90 days,No,2025-09-30,Great Dyke Mining Corporation,Mining,T. Makuvaza,19798.22,No,No,No,37616.62,201,Standard reminder and confirmation of the payment date
SI-202500066,C3002,2025-06-27,2025-07-27,ZAR,14397.16,0.0,65,61-90 days,No,2025-09-30,Safret Traders CC,Export - ZA,T. Makuvaza,14397.16,No,No,No,24795.11,255,Standard reminder and confirmation of the payment date
SI-202500067,C3002,2025-03-13,2025-04-12,ZAR,4150.1,0.0,171,91-180 days,No,2025-09-30,Safret Traders CC,Export - ZA,T. Makuvaza,4150.1,No,No,Yes,12035.29,314,Telephone contact this week; obtain a payment commitment in writing
SI-202500068,C3004,2025-06-24,2025-08-23,EUR,21762.91,13057.75,38,31-60 days,No,2025-09-30,Deutsch Technik GmbH,Export - DE,B. Ncube,8705.16,No,No,No,12380.67,311,Standard reminder and confirmation of the payment date
SI-202500069,C3005,2025-09-20,2025-10-20,USD,49948.11,29968.87,0,Current,No,2025-09-30,Great Dyke Mining Corporation,Mining,T. Makuvaza,19979.24,No,No,No,19979.24,278,Not yet due - monitor
SI-202500070,C3016,2025-01-29,2025-02-28,GBP,8642.9,0.0,214,Over 180 days,No,2025-09-30,PrintWorks Limited,Services,S. Moyo,8642.9,No,No,Yes,29193.8,235,Escalate to the account manager and the CFO; consider withholding further supply
SI-202500071,C3009,2025-07-30,2025-08-29,USD,23198.24,0.0,32,31-60 days,No,2025-09-30,SADC Industrial Supplies,Export - Region,B. Ncube,23198.24,No,No,No,31446.5,222,Standard reminder and confirmation of the payment date
SI-202500072,C3002,2025-04-27,2025-05-27,ZAR,8014.79,0.0,126,91-180 days,No,2025-09-30,Safret Traders CC,Export - ZA,T. Makuvaza,8014.79,No,No,Yes,19235.5,285,Telephone contact this week; obtain a payment commitment in writing
SI-202500073,C3001,2025-09-13,2025-10-28,USD,8792.68,8792.68,0,Current,No,2025-09-30,Zimbabwe Grain Millers (Pvt) Ltd,Wholesale,B. Ncube,0,Yes,No,No,0,0,-
SI-202500074,C3011,2025-03-19,2025-04-18,USD,25580.03,0.0,165,91-180 days,No,2025-09-30,University Trust Procurement,Public sector,S. Moyo,25580.03,No,No,Yes,72476.75,104,Telephone contact this week; obtain a payment commitment in writing
SI-202500075,C3010,2025-08-21,2025-09-20,USD,19281.66,0.0,10,1-30 days,No,2025-09-30,Sunrise Hospitals Group,Healthcare,T. Makuvaza,19281.66,No,No,No,21424.07,273,Not yet due - monitor
SI-202500076,C3018,2025-07-20,2025-08-19,USD,14635.56,0.0,42,31-60 days,No,2025-09-30,FoodProcessors Alliance,Food,S. Moyo,14635.56,No,No,No,21465.49,272,Standard reminder and confirmation of the payment date
SI-202500077,C3012,2025-07-31,2025-09-29,USD,20678.16,7237.36,1,1-30 days,Yes,2025-09-30,Municipality of Kadoma,Public sector,B. Ncube,13440.8,No,Yes,No,6795.07,365,"Resolve the dispute first - agree the credit note or the corrected invoice, then collect"
SI-202500078,C3007,2025-07-02,2025-08-01,USD,12934.46,7760.68,60,31-60 days,No,2025-09-30,RetailZ Supermarkets,Retail,S. Moyo,5173.78,No,No,No,8622.97,346,Standard reminder and confirmation of the payment date
SI-202500079,C3004,2025-02-04,2025-04-05,EUR,30291.53,0.0,178,91-180 days,No,2025-09-30,Deutsch Technik GmbH,Export - DE,B. Ncube,30291.53,No,No,Yes,90201.44,84,Telephone contact this week; obtain a payment commitment in writing
SI-202500080,C3013,2025-09-06,2025-10-21,USD,21630.21,0.0,0,Current,No,2025-09-30,TransContinental Haulage,Logistics,B. Ncube,21630.21,No,No,No,21630.21,270,Not yet due - monitor
SI-202500081,C3004,2025-04-04,2025-06-03,EUR,70562.04,0.0,119,91-180 days,No,2025-09-30,Deutsch Technik GmbH,Export - DE,B. Ncube,70562.04,No,No,Yes,163860.74,29,Telephone contact this week; obtain a payment commitment in writing
SI-202500082,C3011,2025-03-21,2025-04-20,USD,25713.04,0.0,163,91-180 days,No,2025-09-30,University Trust Procurement,Public sector,S. Moyo,25713.04,No,No,Yes,72282.21,106,Telephone contact this week; obtain a payment commitment in writing
SI-202500083,C3018,2025-05-20,2025-06-19,USD,12416.83,0.0,103,91-180 days,No,2025-09-30,FoodProcessors Alliance,Food,S. Moyo,12416.83,No,No,Yes,26627.2,243,Telephone contact this week; obtain a payment commitment in writing
SI-202500084,C3002,2025-07-29,2025-08-28,ZAR,78510.07,0.0,33,31-60 days,Yes,2025-09-30,Safret Traders CC,Export - ZA,T. Makuvaza,78510.07,No,Yes,No,53648.55,147,"Resolve the dispute first - agree the credit note or the corrected invoice, then collect"
SI-202500085,C3005,2025-06-05,2025-07-05,USD,4953.9,0.0,87,61-90 days,No,2025-09-30,Great Dyke Mining Corporation,Mining,T. Makuvaza,4953.9,No,No,No,9742.67,332,Standard reminder and confirmation of the payment date
SI-202500086,C3013,2025-05-04,2025-06-18,USD,14131.74,0.0,104,91-180 days,No,2025-09-30,TransContinental Haulage,Logistics,B. Ncube,14131.74,No,No,Yes,30461.75,226,Telephone contact this week; obtain a payment commitment in writing
SI-202500087,C3015,2025-04-18,2025-05-18,USD,15913.89,0.0,135,91-180 days,No,2025-09-30,PlastiCorp Factory,Manufacturing,S. Moyo,15913.89,No,No,Yes,39784.72,190,Telephone contact this week; obtain a payment commitment in writing
SI-202500088,C3007,2025-06-11,2025-07-11,USD,11727.23,0.0,81,61-90 days,No,2025-09-30,RetailZ Supermarkets,Retail,S. Moyo,11727.23,No,No,No,22281.74,268,Standard reminder and confirmation of the payment date
SI-202500089,C3005,2025-02-08,2025-03-10,USD,62226.71,0.0,204,Over 180 days,No,2025-09-30,Great Dyke Mining Corporation,Mining,T. Makuvaza,62226.71,No,No,Yes,203273.92,12,Escalate to the account manager and the CFO; consider withholding further supply
SI-202500090,C3013,2025-02-04,2025-03-21,USD,4679.22,0.0,193,Over 180 days,No,2025-09-30,TransContinental Haulage,Logistics,B. Ncube,4679.22,No,No,Yes,14713.55,301,Escalate to the account manager and the CFO; consider withholding further supply
SI-202500091,C3013,2025-04-27,2025-06-11,USD,17598.47,0.0,111,91-180 days,No,2025-09-30,TransContinental Haulage,Logistics,B. Ncube,17598.47,No,No,Yes,39303.25,193,Telephone contact this week; obtain a payment commitment in writing
SI-202500092,C3003,2025-08-13,2025-09-12,GBP,47409.02,28445.41,18,1-30 days,No,2025-09-30,UK Builder Depot Ltd,Export - UK,T. Makuvaza,18963.61,No,No,No,22756.33,266,Not yet due - monitor
SI-202500093,C3013,2025-05-06,2025-06-20,USD,46553.72,0.0,102,91-180 days,No,2025-09-30,TransContinental Haulage,Logistics,B. Ncube,46553.72,No,No,Yes,99314.6,69,Telephone contact this week; obtain a payment commitment in writing
SI-202500094,C3002,2025-03-14,2025-04-13,ZAR,38422.81,0.0,170,91-180 days,No,2025-09-30,Safret Traders CC,Export - ZA,T. Makuvaza,38422.81,No,No,Yes,110999.23,57,Telephone contact this week; obtain a payment commitment in writing
SI-202500095,C3011,2025-04-19,2025-05-19,USD,17869.78,0.0,134,91-180 days,No,2025-09-30,University Trust Procurement,Public sector,S. Moyo,17869.78,No,No,Yes,44475.9,175,Telephone contact this week; obtain a payment commitment in writing
SI-202500096,C3014,2025-09-15,2025-10-30,USD,44357.17,44357.17,0,Current,No,2025-09-30,FarmSupply Depot,Agriculture,S. Moyo,0,Yes,No,No,0,0,-
SI-202500097,C3011,2025-03-31,2025-04-30,USD,25746.55,0.0,153,91-180 days,No,2025-09-30,University Trust Procurement,Public sector,S. Moyo,25746.55,No,No,Yes,69515.68,113,Telephone contact this week; obtain a payment commitment in writing
SI-202500098,C3004,2025-08-23,2025-10-22,EUR,3669.49,1284.32,0,Current,No,2025-09-30,Deutsch Technik GmbH,Export - DE,B. Ncube,2385.17,No,No,No,2385.17,389,Not yet due - monitor
SI-202500099,C3003,2025-01-24,2025-02-23,GBP,15949.88,0.0,219,Over 180 days,No,2025-09-30,UK Builder Depot Ltd,Export - UK,T. Makuvaza,15949.88,No,No,Yes,54761.25,145,Escalate to the account manager and the CFO; consider withholding further supply
SI-202500100,C3008,2025-01-16,2025-02-15,USD,29264.26,0.0,227,Over 180 days,No,2025-09-30,BuildMart Hardware,Retail,T. Makuvaza,29264.26,No,No,Yes,103075.23,63,Escalate to the account manager and the CFO; consider withholding further supply
SI-202500101,C3011,2025-04-21,2025-05-21,USD,23728.47,0.0,132,91-180 days,No,2025-09-30,University Trust Procurement,Public sector,S. Moyo,23728.47,No,No,Yes,58530.23,133,Telephone contact this week; obtain a payment commitment in writing
SI-202500102,C3006,2025-05-26,2025-07-25,USD,31528.17,0.0,67,61-90 days,No,2025-09-30,AgriHub Cooperative,Agriculture,B. Ncube,31528.17,No,No,No,54999.14,143,Standard reminder and confirmation of the payment date
SI-202500103,C3004,2025-08-08,2025-10-07,EUR,8262.37,0.0,0,Current,No,2025-09-30,Deutsch Technik GmbH,Export - DE,B. Ncube,8262.37,No,No,No,8262.37,354,Not yet due - monitor
SI-202500104,C3010,2025-08-24,2025-09-23,USD,44396.46,26637.88,7,1-30 days,No,2025-09-30,Sunrise Hospitals Group,Healthcare,T. Makuvaza,17758.58,No,No,No,19139.8,286,Not yet due - monitor
SI-202500105,C3011,2025-03-15,2025-04-14,USD,8766.71,0.0,169,91-180 days,No,2025-09-30,University Trust Procurement,Public sector,S. Moyo,8766.71,No,No,Yes,25228.64,249,Telephone contact this week; obtain a payment commitment in writing
SI-202500106,C3004,2025-02-08,2025-04-09,EUR,48903.13,0.0,174,91-180 days,No,2025-09-30,Deutsch Technik GmbH,Export - DE,B. Ncube,48903.13,No,No,Yes,143449.18,41,Telephone contact this week; obtain a payment commitment in writing
SI-202500107,C3001,2025-03-23,2025-05-07,USD,58867.49,0.0,146,91-180 days,No,2025-09-30,Zimbabwe Grain Millers (Pvt) Ltd,Wholesale,B. Ncube,58867.49,No,No,Yes,154363.64,32,Telephone contact this week; obtain a payment commitment in writing
SI-202500108,C3017,2025-03-17,2025-04-16,USD,27379.85,0.0,167,91-180 days,No,2025-09-30,EnergyAfrica Distributors,Energy,S. Moyo,27379.85,No,No,Yes,78184.68,97,Telephone contact this week; obtain a payment commitment in writing
SI-202500109,C3007,2025-04-24,2025-05-24,USD,13062.1,0.0,129,91-180 days,No,2025-09-30,RetailZ Supermarkets,Retail,S. Moyo,13062.1,No,No,Yes,31784.44,220,Telephone contact this week; obtain a payment commitment in writing
SI-202500110,C3011,2025-07-18,2025-08-17,USD,23606.56,8262.3,44,31-60 days,No,2025-09-30,University Trust Procurement,Public sector,S. Moyo,15344.26,No,No,No,22845.9,264,Standard reminder and confirmation of the payment date
SI-202500111,C3003,2025-07-12,2025-08-11,GBP,3838.04,0.0,50,31-60 days,No,2025-09-30,UK Builder Depot Ltd,Export - UK,T. Makuvaza,3838.04,No,No,No,5970.28,366,Standard reminder and confirmation of the payment date
SI-202500112,C3014,2025-01-30,2025-03-16,USD,75773.02,0.0,198,Over 180 days,No,2025-09-30,FarmSupply Depot,Agriculture,S. Moyo,75773.02,No,No,Yes,242473.66,3,Escalate to the account manager and the CFO; consider withholding further supply
SI-202500113,C3016,2025-07-12,2025-08-11,GBP,36603.55,0.0,50,31-60 days,No,2025-09-30,PrintWorks Limited,Services,S. Moyo,36603.55,No,No,No,56938.86,135,Standard reminder and confirmation of the payment date
SI-202500114,C3005,2025-03-01,2025-03-31,USD,8183.99,0.0,183,Over 180 days,No,2025-09-30,Great Dyke Mining Corporation,Mining,T. Makuvaza,8183.99,No,No,Yes,24824.77,254,Escalate to the account manager and the CFO; consider withholding further supply
SI-202500115,C3017,2025-02-19,2025-03-21,USD,12558.35,0.0,193,Over 180 days,No,2025-09-30,EnergyAfrica Distributors,Energy,S. Moyo,12558.35,No,No,Yes,39489.03,191,Escalate to the account manager and the CFO; consider withholding further supply
SI-202500116,C3016,2025-09-03,2025-10-03,GBP,7554.76,0.0,0,Current,No,2025-09-30,PrintWorks Limited,Services,S. Moyo,7554.76,No,No,No,7554.76,360,Not yet due - monitor
SI-202500117,C3014,2025-05-03,2025-06-17,USD,14477.39,0.0,105,91-180 days,No,2025-09-30,FarmSupply Depot,Agriculture,S. Moyo,14477.39,No,No,Yes,31367.68,223,Telephone contact this week; obtain a payment commitment in writing
SI-202500118,C3001,2025-04-05,2025-05-20,USD,21412.29,0.0,133,91-180 days,No,2025-09-30,Zimbabwe Grain Millers (Pvt) Ltd,Wholesale,B. Ncube,21412.29,No,No,Yes,53054.9,150,Telephone contact this week; obtain a payment commitment in writing
SI-202500119,C3001,2025-05-16,2025-06-30,USD,68420.61,0.0,92,91-180 days,No,2025-09-30,Zimbabwe Grain Millers (Pvt) Ltd,Wholesale,B. Ncube,68420.61,No,No,Yes,138361.68,43,Telephone contact this week; obtain a payment commitment in writing
SI-202500120,C3017,2025-02-16,2025-03-18,USD,45781.73,0.0,196,Over 180 days,No,2025-09-30,EnergyAfrica Distributors,Energy,S. Moyo,45781.73,No,No,Yes,145484.16,38,Escalate to the account manager and the CFO; consider withholding further supply
SI-202500121,C3009,2025-07-02,2025-08-01,USD,8447.7,5068.62,60,31-60 days,No,2025-09-30,SADC Industrial Supplies,Export - Region,B. Ncube,3379.08,No,No,No,5631.8,370,Standard reminder and confirmation of the payment date
SI-202500122,C3003,2025-03-17,2025-04-16,GBP,76042.21,0.0,167,91-180 days,No,2025-09-30,UK Builder Depot Ltd,Export - UK,T. Makuvaza,76042.21,No,No,Yes,217142.76,8,Telephone contact this week; obtain a payment commitment in writing
SI-202500123,C3005,2025-07-17,2025-08-16,USD,28733.63,28733.63,45,31-60 days,No,2025-09-30,Great Dyke Mining Corporation,Mining,T. Makuvaza,0,Yes,No,No,0,0,-
SI-202500124,C3011,2025-09-07,2025-10-07,USD,11431.79,4001.13,0,Current,No,2025-09-30,University Trust Procurement,Public sector,S. Moyo,7430.66,No,No,No,7430.66,361,Not yet due - monitor
SI-202500125,C3008,2025-05-02,2025-06-01,USD,4141.94,0.0,121,91-180 days,No,2025-09-30,BuildMart Hardware,Retail,T. Makuvaza,4141.94,No,No,Yes,9710.55,334,Telephone contact this week; obtain a payment commitment in writing
SI-202500126,C3006,2025-04-03,2025-06-02,USD,23321.97,0.0,120,91-180 days,No,2025-09-30,AgriHub Cooperative,Agriculture,B. Ncube,23321.97,No,No,Yes,54417.93,146,Telephone contact this week; obtain a payment commitment in writing
SI-202500127,C3004,2025-04-12,2025-06-11,EUR,9350.1,0.0,111,91-180 days,No,2025-09-30,Deutsch Technik GmbH,Export - DE,B. Ncube,9350.1,No,No,Yes,20881.89,276,Telephone contact this week; obtain a payment commitment in writing
SI-202500128,C3014,2025-07-20,2025-09-03,USD,3792.38,0.0,27,1-30 days,No,2025-09-30,FarmSupply Depot,Agriculture,S. Moyo,3792.38,No,No,No,4930.09,374,Not yet due - monitor
SI-202500129,C3005,2025-06-02,2025-07-02,USD,36215.83,0.0,90,61-90 days,No,2025-09-30,Great Dyke Mining Corporation,Mining,T. Makuvaza,36215.83,No,No,No,72431.66,105,Standard reminder and confirmation of the payment date
SI-202500130,C3005,2025-03-19,2025-04-18,USD,31338.67,0.0,165,91-180 days,No,2025-09-30,Great Dyke Mining Corporation,Mining,T. Makuvaza,31338.67,No,No,Yes,88792.9,88,Telephone contact this week; obtain a payment commitment in writing
SI-202500131,C3018,2025-09-06,2025-10-06,USD,69392.74,41635.64,0,Current,No,2025-09-30,FoodProcessors Alliance,Food,S. Moyo,27757.1,No,No,No,27757.1,239,Not yet due - monitor
SI-202500132,C3016,2025-04-17,2025-05-17,GBP,40915.5,0.0,136,91-180 days,No,2025-09-30,PrintWorks Limited,Services,S. Moyo,40915.5,No,No,Yes,102743.37,64,Telephone contact this week; obtain a payment commitment in writing
SI-202500133,C3015,2025-06-15,2025-07-15,USD,12241.68,0.0,77,61-90 days,No,2025-09-30,PlastiCorp Factory,Manufacturing,S. Moyo,12241.68,No,No,No,22715.12,267,Standard reminder and confirmation of the payment date
SI-202500134,C3015,2025-06-27,2025-07-27,USD,50288.16,0.0,65,61-90 days,No,2025-09-30,PlastiCorp Factory,Manufacturing,S. Moyo,50288.16,No,No,No,86607.39,90,Standard reminder and confirmation of the payment date
SI-202500135,C3008,2025-06-02,2025-07-02,USD,50274.65,0.0,90,61-90 days,No,2025-09-30,BuildMart Hardware,Retail,T. Makuvaza,50274.65,No,No,No,100549.3,68,Standard reminder and confirmation of the payment date
SI-202500136,C3016,2025-08-12,2025-09-11,GBP,11521.37,0.0,19,1-30 days,No,2025-09-30,PrintWorks Limited,Services,S. Moyo,11521.37,No,No,No,13953.66,306,Not yet due - monitor
SI-202500137,C3005,2025-07-23,2025-08-22,USD,70150.54,42090.32,39,31-60 days,No,2025-09-30,Great Dyke Mining Corporation,Mining,T. Makuvaza,28060.22,No,No,No,40219.65,185,Standard reminder and confirmation of the payment date
SI-202500138,C3015,2025-03-05,2025-04-04,USD,81436.77,0.0,179,91-180 days,No,2025-09-30,PlastiCorp Factory,Manufacturing,S. Moyo,81436.77,No,No,Yes,243405.46,2,Telephone contact this week; obtain a payment commitment in writing
SI-202500139,C3018,2025-05-19,2025-06-18,USD,7391.47,0.0,104,91-180 days,Yes,2025-09-30,FoodProcessors Alliance,Food,S. Moyo,7391.47,No,Yes,Yes,7966.36,356,"Resolve the dispute first - agree the credit note or the corrected invoice, then collect"
SI-202500140,C3003,2025-08-27,2025-09-26,GBP,10114.72,3540.15,4,1-30 days,No,2025-09-30,UK Builder Depot Ltd,Export - UK,T. Makuvaza,6574.57,No,No,No,6866.77,364,Not yet due - monitor
SI-202500141,C3003,2025-04-18,2025-05-18,GBP,15069.89,0.0,135,91-180 days,No,2025-09-30,UK Builder Depot Ltd,Export - UK,T. Makuvaza,15069.89,No,No,Yes,37674.72,200,Telephone contact this week; obtain a payment commitment in writing
SI-202500142,C3009,2025-03-09,2025-04-08,USD,4857.46,0.0,175,91-180 days,No,2025-09-30,SADC Industrial Supplies,Export - Region,B. Ncube,4857.46,No,No,Yes,14302.52,304,Telephone contact this week; obtain a payment commitment in writing
SI-202500143,C3002,2025-03-21,2025-04-20,ZAR,13608.43,0.0,163,91-180 days,No,2025-09-30,Safret Traders CC,Export - ZA,T. Makuvaza,13608.43,No,No,Yes,38254.81,198,Telephone contact this week; obtain a payment commitment in writing
SI-202500144,C3013,2025-05-16,2025-06-30,USD,4250.39,0.0,92,91-180 days,No,2025-09-30,TransContinental Haulage,Logistics,B. Ncube,4250.39,No,No,Yes,8595.23,349,Telephone contact this week; obtain a payment commitment in writing
SI-202500145,C3012,2025-02-07,2025-04-08,USD,3970.03,0.0,175,91-180 days,No,2025-09-30,Municipality of Kadoma,Public sector,B. Ncube,3970.03,No,No,Yes,11689.53,318,Telephone contact this week; obtain a payment commitment in writing
SI-202500146,C3002,2025-02-27,2025-03-29,ZAR,40112.94,0.0,185,Over 180 days,No,2025-09-30,Safret Traders CC,Export - ZA,T. Makuvaza,40112.94,No,No,Yes,122567.32,50,Escalate to the account manager and the CFO; consider withholding further supply
SI-202500147,C3015,2025-09-18,2025-10-18,USD,3973.22,2383.93,0,Current,No,2025-09-30,PlastiCorp Factory,Manufacturing,S. Moyo,1589.29,No,No,No,1589.29,391,Not yet due - monitor
SI-202500148,C3016,2025-02-15,2025-03-17,GBP,22213.01,0.0,197,Over 180 days,No,2025-09-30,PrintWorks Limited,Services,S. Moyo,22213.01,No,No,Yes,70834.82,112,Escalate to the account manager and the CFO; consider withholding further supply
SI-202500149,C3010,2025-06-01,2025-07-01,USD,71950.21,0.0,91,91-180 days,No,2025-09-30,Sunrise Hospitals Group,Healthcare,T. Makuvaza,71950.21,No,No,Yes,144699.87,39,Telephone contact this week; obtain a payment commitment in writing
SI-202500150,C3002,2025-03-26,2025-04-25,ZAR,4551.56,0.0,158,91-180 days,No,2025-09-30,Safret Traders CC,Export - ZA,T. Makuvaza,4551.56,No,No,Yes,12542.08,310,Telephone contact this week; obtain a payment commitment in writing
SI-202500151,C3014,2025-04-30,2025-06-14,USD,7536.64,0.0,108,91-180 days,Yes,2025-09-30,FarmSupply Depot,Agriculture,S. Moyo,7536.64,No,Yes,Yes,8290.3,353,"Resolve the dispute first - agree the credit note or the corrected invoice, then collect"
SI-202500152,C3001,2025-02-05,2025-03-22,USD,23697.19,0.0,192,Over 180 days,No,2025-09-30,Zimbabwe Grain Millers (Pvt) Ltd,Wholesale,B. Ncube,23697.19,No,No,Yes,74251.2,100,Escalate to the account manager and the CFO; consider withholding further supply
SI-202500153,C3006,2025-09-02,2025-11-01,USD,22943.39,0.0,0,Current,No,2025-09-30,AgriHub Cooperative,Agriculture,B. Ncube,22943.39,No,No,No,22943.39,263,Not yet due - monitor
SI-202500154,C3016,2025-06-16,2025-07-16,GBP,63759.04,0.0,76,61-90 days,No,2025-09-30,PrintWorks Limited,Services,S. Moyo,63759.04,No,No,No,117600.01,53,Standard reminder and confirmation of the payment date
SI-202500155,C3009,2025-06-15,2025-07-15,USD,12792.76,0.0,77,61-90 days,No,2025-09-30,SADC Industrial Supplies,Export - Region,B. Ncube,12792.76,No,No,No,23737.68,259,Standard reminder and confirmation of the payment date
SI-202500156,C3005,2025-07-22,2025-08-21,USD,20399.04,0.0,40,31-60 days,No,2025-09-30,Great Dyke Mining Corporation,Mining,T. Makuvaza,20399.04,No,No,No,29465.28,234,Standard reminder and confirmation of the payment date
SI-202500157,C3008,2025-06-02,2025-07-02,USD,25646.26,0.0,90,61-90 days,No,2025-09-30,BuildMart Hardware,Retail,T. Makuvaza,25646.26,No,No,No,51292.52,155,Standard reminder and confirmation of the payment date
SI-202500158,C3006,2025-08-14,2025-10-13,USD,46603.58,16311.25,0,Current,No,2025-09-30,AgriHub Cooperative,Agriculture,B. Ncube,30292.33,No,No,No,30292.33,230,Not yet due - monitor
SI-202500159,C3010,2025-09-09,2025-10-09,USD,12986.86,7792.12,0,Current,No,2025-09-30,Sunrise Hospitals Group,Healthcare,T. Makuvaza,5194.74,No,No,No,5194.74,373,Not yet due - monitor
SI-202500160,C3003,2025-08-22,2025-09-21,GBP,73128.24,25594.88,9,1-30 days,No,2025-09-30,UK Builder Depot Ltd,Export - UK,T. Makuvaza,47533.36,No,No,No,52286.7,152,Not yet due - monitor
SI-202500161,C3010,2025-07-19,2025-08-18,USD,7492.52,0.0,43,31-60 days,No,2025-09-30,Sunrise Hospitals Group,Healthcare,T. Makuvaza,7492.52,No,No,No,11072.28,323,Standard reminder and confirmation of the payment date
SI-202500162,C3010,2025-06-18,2025-07-18,USD,12066.17,0.0,74,61-90 days,No,2025-09-30,Sunrise Hospitals Group,Healthcare,T. Makuvaza,12066.17,No,No,No,21987.24,269,Standard reminder and confirmation of the payment date
SI-202500163,C3013,2025-07-01,2025-08-15,USD,19603.32,0.0,46,31-60 days,No,2025-09-30,TransContinental Haulage,Logistics,B. Ncube,19603.32,No,No,No,29622.79,233,Standard reminder and confirmation of the payment date
SI-202500164,C3018,2025-04-20,2025-05-20,USD,28740.29,0.0,133,91-180 days,No,2025-09-30,FoodProcessors Alliance,Food,S. Moyo,28740.29,No,No,Yes,71212.05,110,Telephone contact this week; obtain a payment commitment in writing
SI-202500165,C3010,2025-04-20,2025-05-20,USD,4620.97,0.0,133,91-180 days,No,2025-09-30,Sunrise Hospitals Group,Healthcare,T. Makuvaza,4620.97,No,No,Yes,11449.74,321,Telephone contact this week; obtain a payment commitment in writing
SI-202500166,C3009,2025-04-22,2025-05-22,USD,14101.38,0.0,131,91-180 days,No,2025-09-30,SADC Industrial Supplies,Export - Region,B. Ncube,14101.38,No,No,Yes,34626.72,211,Telephone contact this week; obtain a payment commitment in writing
SI-202500167,C3006,2025-09-22,2025-11-21,USD,43436.39,43436.39,0,Current,No,2025-09-30,AgriHub Cooperative,Agriculture,B. Ncube,0,Yes,No,No,0,0,-
SI-202500168,C3015,2025-02-17,2025-03-19,USD,28727.79,0.0,195,Over 180 days,No,2025-09-30,PlastiCorp Factory,Manufacturing,S. Moyo,28727.79,No,No,Yes,90971.33,83,Escalate to the account manager and the CFO; consider withholding further supply
SI-202500169,C3005,2025-02-19,2025-03-21,USD,4572.24,0.0,193,Over 180 days,No,2025-09-30,Great Dyke Mining Corporation,Mining,T. Makuvaza,4572.24,No,No,Yes,14377.15,303,Escalate to the account manager and the CFO; consider withholding further supply
SI-202500170,C3005,2025-07-03,2025-08-02,USD,3747.74,1311.71,59,31-60 days,No,2025-09-30,Great Dyke Mining Corporation,Mining,T. Makuvaza,2436.03,No,No,No,4032.98,381,Standard reminder and confirmation of the payment date
SI-202500171,C3005,2025-07-05,2025-08-04,USD,14471.6,14471.6,57,31-60 days,No,2025-09-30,Great Dyke Mining Corporation,Mining,T. Makuvaza,0,Yes,No,No,0,0,-
SI-202500172,C3011,2025-05-26,2025-06-25,USD,29763.55,0.0,97,91-180 days,No,2025-09-30,University Trust Procurement,Public sector,S. Moyo,29763.55,No,No,Yes,61842.04,124,Telephone contact this week; obtain a payment commitment in writing
SI-202500173,C3003,2025-05-11,2025-06-10,GBP,21291.26,0.0,112,91-180 days,No,2025-09-30,UK Builder Depot Ltd,Export - UK,T. Makuvaza,21291.26,No,No,Yes,47787.05,164,Telephone contact this week; obtain a payment commitment in writing
SI-202500174,C3008,2025-04-28,2025-05-28,USD,15309.81,0.0,125,91-180 days,No,2025-09-30,BuildMart Hardware,Retail,T. Makuvaza,15309.81,No,No,Yes,36573.43,204,Telephone contact this week; obtain a payment commitment in writing
SI-202500175,C3011,2025-02-04,2025-03-06,USD,23090.62,0.0,208,Over 180 days,No,2025-09-30,University Trust Procurement,Public sector,S. Moyo,23090.62,No,No,Yes,76455.61,98,Escalate to the account manager and the CFO; consider withholding further supply
SI-202500176,C3018,2025-02-12,2025-03-14,USD,48965.41,0.0,200,Over 180 days,No,2025-09-30,FoodProcessors Alliance,Food,S. Moyo,48965.41,No,No,Yes,157777.43,30,Escalate to the account manager and the CFO; consider withholding further supply
SI-202500177,C3007,2025-06-01,2025-07-01,USD,7332.46,0.0,91,91-180 days,No,2025-09-30,RetailZ Supermarkets,Retail,S. Moyo,7332.46,No,No,Yes,14746.39,299,Telephone contact this week; obtain a payment commitment in writing
SI-202500178,C3006,2025-02-24,2025-04-25,USD,14034.52,0.0,158,91-180 days,Yes,2025-09-30,AgriHub Cooperative,Agriculture,B. Ncube,14034.52,No,Yes,Yes,19336.45,284,"Resolve the dispute first - agree the credit note or the corrected invoice, then collect"
SI-202500179,C3015,2025-02-07,2025-03-09,USD,18706.91,0.0,205,Over 180 days,No,2025-09-30,PlastiCorp Factory,Manufacturing,S. Moyo,18706.91,No,No,Yes,61317.09,126,Escalate to the account manager and the CFO; consider withholding further supply
SI-202500180,C3016,2025-06-22,2025-07-22,GBP,18016.16,0.0,70,61-90 days,No,2025-09-30,PrintWorks Limited,Services,S. Moyo,18016.16,No,No,No,32028.73,219,Standard reminder and confirmation of the payment date
SI-202500181,C3006,2025-04-17,2025-06-16,USD,20958.99,0.0,106,91-180 days,No,2025-09-30,AgriHub Cooperative,Agriculture,B. Ncube,20958.99,No,No,Yes,45644.02,172,Telephone contact this week; obtain a payment commitment in writing
SI-202500182,C3009,2025-04-07,2025-05-07,USD,22580.3,0.0,146,91-180 days,No,2025-09-30,SADC Industrial Supplies,Export - Region,B. Ncube,22580.3,No,No,Yes,59210.56,131,Telephone contact this week; obtain a payment commitment in writing
SI-202500183,C3011,2025-06-07,2025-07-07,USD,21769.1,0.0,85,61-90 days,No,2025-09-30,University Trust Procurement,Public sector,S. Moyo,21769.1,No,No,No,42328.81,180,Standard reminder and confirmation of the payment date
SI-202500184,C3017,2025-05-18,2025-06-17,USD,23903.62,0.0,105,91-180 days,No,2025-09-30,EnergyAfrica Distributors,Energy,S. Moyo,23903.62,No,No,Yes,51791.18,153,Telephone contact this week; obtain a payment commitment in writing
SI-202500185,C3001,2025-03-14,2025-04-28,USD,42792.45,0.0,155,91-180 days,No,2025-09-30,Zimbabwe Grain Millers (Pvt) Ltd,Wholesale,B. Ncube,42792.45,No,No,Yes,116490.56,55,Telephone contact this week; obtain a payment commitment in writing
SI-202500186,C3009,2025-08-02,2025-09-01,USD,42176.27,0.0,29,1-30 days,No,2025-09-30,SADC Industrial Supplies,Export - Region,B. Ncube,42176.27,No,No,No,55766.4,138,Not yet due - monitor
SI-202500187,C3004,2025-03-02,2025-05-01,EUR,26382.09,0.0,152,91-180 days,No,2025-09-30,Deutsch Technik GmbH,Export - DE,B. Ncube,26382.09,No,No,Yes,70938.51,111,Telephone contact this week; obtain a payment commitment in writing
SI-202500188,C3017,2025-02-25,2025-03-27,USD,58634.8,0.0,187,Over 180 days,No,2025-09-30,EnergyAfrica Distributors,Energy,S. Moyo,58634.8,No,No,Yes,180464.88,18,Escalate to the account manager and the CFO; consider withholding further supply
SI-202500189,C3016,2025-05-23,2025-06-22,GBP,71900.57,0.0,100,91-180 days,No,2025-09-30,PrintWorks Limited,Services,S. Moyo,71900.57,No,No,Yes,151790.09,34,Telephone contact this week; obtain a payment commitment in writing
SI-202500190,C3015,2025-03-11,2025-04-10,USD,13232.99,0.0,173,91-180 days,No,2025-09-30,PlastiCorp Factory,Manufacturing,S. Moyo,13232.99,No,No,Yes,38669.74,197,Telephone contact this week; obtain a payment commitment in writing
SI-202500191,C3002,2025-09-02,2025-10-02,ZAR,58492.1,35095.26,0,Current,Yes,2025-09-30,Safret Traders CC,Export - ZA,T. Makuvaza,23396.84,No,Yes,No,11698.42,317,"Resolve the dispute first - agree the credit note or the corrected invoice, then collect"
SI-202500192,C3006,2025-03-31,2025-05-30,USD,14982.35,0.0,123,91-180 days,No,2025-09-30,AgriHub Cooperative,Agriculture,B. Ncube,14982.35,No,No,Yes,35458.23,207,Telephone contact this week; obtain a payment commitment in writing
SI-202500193,C3016,2025-02-28,2025-03-30,GBP,8512.51,0.0,184,Over 180 days,No,2025-09-30,PrintWorks Limited,Services,S. Moyo,8512.51,No,No,Yes,25915.86,248,Escalate to the account manager and the CFO; consider withholding further supply
SI-202500194,C3012,2025-06-13,2025-08-12,USD,13636.95,8182.17,49,31-60 days,No,2025-09-30,Municipality of Kadoma,Public sector,B. Ncube,5454.78,No,No,No,8424.6,352,Standard reminder and confirmation of the payment date
SI-202500195,C3016,2025-06-12,2025-07-12,GBP,25947.92,0.0,80,61-90 days,No,2025-09-30,PrintWorks Limited,Services,S. Moyo,25947.92,No,No,No,49012.74,162,Standard reminder and confirmation of the payment date
SI-202500196,C3009,2025-07-07,2025-08-06,USD,21021.97,0.0,55,31-60 days,No,2025-09-30,SADC Industrial Supplies,Export - Region,B. Ncube,21021.97,No,No,No,33868.73,212,Standard reminder and confirmation of the payment date
SI-202500197,C3013,2025-08-27,2025-10-11,USD,30395.52,18237.31,0,Current,No,2025-09-30,TransContinental Haulage,Logistics,B. Ncube,12158.21,No,No,No,12158.21,312,Not yet due - monitor
SI-202500198,C3014,2025-03-05,2025-04-19,USD,7610.7,0.0,164,91-180 days,No,2025-09-30,FarmSupply Depot,Agriculture,S. Moyo,7610.7,No,No,Yes,21479.09,271,Telephone contact this week; obtain a payment commitment in writing
SI-202500199,C3011,2025-02-23,2025-03-25,USD,8047.59,0.0,189,Over 180 days,No,2025-09-30,University Trust Procurement,Public sector,S. Moyo,8047.59,No,No,Yes,24947.53,252,Escalate to the account manager and the CFO; consider withholding further supply
SI-202500200,C3014,2025-02-25,2025-04-11,USD,30680.89,0.0,172,91-180 days,No,2025-09-30,FarmSupply Depot,Agriculture,S. Moyo,30680.89,No,No,Yes,89315.48,86,Telephone contact this week; obtain a payment commitment in writing
SI-202500201,C3018,2025-02-03,2025-03-05,USD,49859.68,0.0,209,Over 180 days,No,2025-09-30,FoodProcessors Alliance,Food,S. Moyo,49859.68,No,No,Yes,165644.94,28,Escalate to the account manager and the CFO; consider withholding further supply
SI-202500202,C3007,2025-01-18,2025-02-17,USD,10013.47,0.0,225,Over 180 days,No,2025-09-30,RetailZ Supermarkets,Retail,S. Moyo,10013.47,No,No,Yes,35047.14,210,Escalate to the account manager and the CFO; consider withholding further supply
SI-202500203,C3006,2025-08-13,2025-10-12,USD,8063.71,8063.71,0,Current,No,2025-09-30,AgriHub Cooperative,Agriculture,B. Ncube,0,Yes,No,No,0,0,-
SI-202500204,C3016,2025-08-17,2025-09-16,GBP,7332.41,0.0,14,1-30 days,No,2025-09-30,PrintWorks Limited,Services,S. Moyo,7332.41,No,No,No,8473.01,350,Not yet due - monitor
SI-202500205,C3016,2025-03-10,2025-04-09,GBP,8350.2,0.0,174,91-180 days,No,2025-09-30,PrintWorks Limited,Services,S. Moyo,8350.2,No,No,Yes,24493.92,256,Telephone contact this week; obtain a payment commitment in writing
SI-202500206,C3005,2025-01-28,2025-02-27,USD,4749.07,0.0,215,Over 180 days,No,2025-09-30,Great Dyke Mining Corporation,Mining,T. Makuvaza,4749.07,No,No,Yes,16094.07,293,Escalate to the account manager and the CFO; consider withholding further supply
SI-202500207,C3003,2025-09-05,2025-10-05,GBP,28177.07,28177.07,0,Current,No,2025-09-30,UK Builder Depot Ltd,Export - UK,T. Makuvaza,0,Yes,No,No,0,0,-
SI-202500208,C3009,2025-03-21,2025-04-20,USD,35881.42,0.0,163,91-180 days,No,2025-09-30,SADC Industrial Supplies,Export - Region,B. Ncube,35881.42,No,No,Yes,100866.66,67,Telephone contact this week; obtain a payment commitment in writing
SI-202500209,C3010,2025-09-05,2025-10-05,USD,4958.56,4958.56,0,Current,No,2025-09-30,Sunrise Hospitals Group,Healthcare,T. Makuvaza,0,Yes,No,No,0,0,-
SI-202500210,C3018,2025-08-25,2025-09-24,USD,4133.95,0.0,6,1-30 days,No,2025-09-30,FoodProcessors Alliance,Food,S. Moyo,4133.95,No,No,No,4409.55,379,Not yet due - monitor
SI-202500211,C3001,2025-09-16,2025-10-31,USD,9651.38,5790.83,0,Current,No,2025-09-30,Zimbabwe Grain Millers (Pvt) Ltd,Wholesale,B. Ncube,3860.55,No,No,No,3860.55,382,Not yet due - monitor
SI-202500212,C3007,2025-03-22,2025-04-21,USD,11898.0,0.0,162,91-180 days,No,2025-09-30,RetailZ Supermarkets,Retail,S. Moyo,11898,No,No,Yes,33314.4,213,Telephone contact this week; obtain a payment commitment in writing
SI-202500213,C3009,2025-05-19,2025-06-18,USD,4069.35,0.0,104,91-180 days,No,2025-09-30,SADC Industrial Supplies,Export - Region,B. Ncube,4069.35,No,No,Yes,8771.71,343,Telephone contact this week; obtain a payment commitment in writing
SI-202500214,C3016,2025-06-18,2025-07-18,GBP,59584.42,0.0,74,61-90 days,No,2025-09-30,PrintWorks Limited,Services,S. Moyo,59584.42,No,No,No,108576.05,58,Standard reminder and confirmation of the payment date
SI-202500215,C3002,2025-07-30,2025-08-29,ZAR,60402.85,21141.0,32,31-60 days,No,2025-09-30,Safret Traders CC,Export - ZA,T. Makuvaza,39261.85,No,No,No,53221.62,148,Standard reminder and confirmation of the payment date
SI-202500216,C3001,2025-09-15,2025-10-30,USD,25786.05,9025.12,0,Current,No,2025-09-30,Zimbabwe Grain Millers (Pvt) Ltd,Wholesale,B. Ncube,16760.93,No,No,No,16760.93,291,Not yet due - monitor
SI-202500217,C3011,2025-04-16,2025-05-16,USD,46811.98,0.0,137,91-180 days,No,2025-09-30,University Trust Procurement,Public sector,S. Moyo,46811.98,No,No,Yes,118070.22,52,Telephone contact this week; obtain a payment commitment in writing
SI-202500218,C3003,2025-05-30,2025-06-29,GBP,42658.93,0.0,93,91-180 days,No,2025-09-30,UK Builder Depot Ltd,Export - UK,T. Makuvaza,42658.93,No,No,Yes,86739.82,89,Telephone contact this week; obtain a payment commitment in writing
SI-202500219,C3003,2025-04-07,2025-05-07,GBP,9541.56,0.0,146,91-180 days,No,2025-09-30,UK Builder Depot Ltd,Export - UK,T. Makuvaza,9541.56,No,No,Yes,25020.09,250,Telephone contact this week; obtain a payment commitment in writing
SI-202500220,C3007,2025-03-10,2025-04-09,USD,59940.49,0.0,174,91-180 days,No,2025-09-30,RetailZ Supermarkets,Retail,S. Moyo,59940.49,No,No,Yes,175825.44,23,Telephone contact this week; obtain a payment commitment in writing
SI-202500221,C3014,2025-06-20,2025-08-04,USD,4579.59,1602.86,57,31-60 days,No,2025-09-30,FarmSupply Depot,Agriculture,S. Moyo,2976.73,No,No,No,4861.99,375,Standard reminder and confirmation of the payment date
SI-202500222,C3001,2025-01-26,2025-03-12,USD,39640.68,0.0,202,Over 180 days,No,2025-09-30,Zimbabwe Grain Millers (Pvt) Ltd,Wholesale,B. Ncube,39640.68,No,No,Yes,128611.98,46,Escalate to the account manager and the CFO; consider withholding further supply
SI-202500223,C3018,2025-03-17,2025-04-16,USD,37765.81,0.0,167,91-180 days,No,2025-09-30,FoodProcessors Alliance,Food,S. Moyo,37765.81,No,No,Yes,107842.37,59,Telephone contact this week; obtain a payment commitment in writing
SI-202500224,C3015,2025-02-05,2025-03-07,USD,36888.53,0.0,207,Over 180 days,No,2025-09-30,PlastiCorp Factory,Manufacturing,S. Moyo,36888.53,No,No,Yes,121732.15,51,Escalate to the account manager and the CFO; consider withholding further supply
SI-202500225,C3017,2025-07-18,2025-08-17,USD,4451.81,1558.13,44,31-60 days,No,2025-09-30,EnergyAfrica Distributors,Energy,S. Moyo,2893.68,No,No,No,4308.37,380,Standard reminder and confirmation of the payment date
SI-202500226,C3014,2025-04-03,2025-05-18,USD,4606.32,0.0,135,91-180 days,No,2025-09-30,FarmSupply Depot,Agriculture,S. Moyo,4606.32,No,No,Yes,11515.8,320,Telephone contact this week; obtain a payment commitment in writing
SI-202500227,C3015,2025-09-04,2025-10-04,USD,47052.26,28231.36,0,Current,No,2025-09-30,PlastiCorp Factory,Manufacturing,S. Moyo,18820.9,No,No,No,18820.9,287,Not yet due - monitor
SI-202500228,C3008,2025-02-15,2025-03-17,USD,28542.75,0.0,197,Over 180 days,No,2025-09-30,BuildMart Hardware,Retail,T. Makuvaza,28542.75,No,No,Yes,91019.66,82,Escalate to the account manager and the CFO; consider withholding further supply
SI-202500229,C3002,2025-04-03,2025-05-03,ZAR,48281.29,0.0,150,91-180 days,No,2025-09-30,Safret Traders CC,Export - ZA,T. Makuvaza,48281.29,No,No,Yes,128750.11,45,Telephone contact this week; obtain a payment commitment in writing
SI-202500230,C3002,2025-04-20,2025-05-20,ZAR,36252.87,0.0,133,91-180 days,No,2025-09-30,Safret Traders CC,Export - ZA,T. Makuvaza,36252.87,No,No,Yes,89826.56,85,Telephone contact this week; obtain a payment commitment in writing
SI-202500231,C3013,2025-03-30,2025-05-14,USD,22874.63,0.0,139,91-180 days,No,2025-09-30,TransContinental Haulage,Logistics,B. Ncube,22874.63,No,No,Yes,58203.23,134,Telephone contact this week; obtain a payment commitment in writing
SI-202500232,C3012,2025-03-12,2025-05-11,USD,11664.78,0.0,142,91-180 days,No,2025-09-30,Municipality of Kadoma,Public sector,B. Ncube,11664.78,No,No,Yes,30069.21,231,Telephone contact this week; obtain a payment commitment in writing
SI-202500233,C3014,2025-07-22,2025-09-05,USD,4582.4,0.0,25,1-30 days,No,2025-09-30,FarmSupply Depot,Agriculture,S. Moyo,4582.4,No,No,No,5855.29,367,Not yet due - monitor
SI-202500234,C3004,2025-07-20,2025-09-18,EUR,12188.35,0.0,12,1-30 days,No,2025-09-30,Deutsch Technik GmbH,Export - DE,B. Ncube,12188.35,No,No,No,13813.46,307,Not yet due - monitor
SI-202500235,C3003,2025-07-06,2025-08-05,GBP,4256.24,4256.24,56,31-60 days,No,2025-09-30,UK Builder Depot Ltd,Export - UK,T. Makuvaza,0,Yes,No,No,0,0,-
SI-202500236,C3017,2025-03-15,2025-04-14,USD,22967.19,0.0,169,91-180 days,No,2025-09-30,EnergyAfrica Distributors,Energy,S. Moyo,22967.19,No,No,Yes,66094.47,118,Telephone contact this week; obtain a payment commitment in writing
SI-202500237,C3004,2025-07-23,2025-09-21,EUR,20483.35,20483.35,9,1-30 days,No,2025-09-30,Deutsch Technik GmbH,Export - DE,B. Ncube,0,Yes,No,No,0,0,-
SI-202500238,C3007,2025-07-27,2025-08-26,USD,75507.34,75507.34,35,31-60 days,No,2025-09-30,RetailZ Supermarkets,Retail,S. Moyo,0,Yes,No,No,0,0,-
SI-202500239,C3001,2025-08-08,2025-09-22,USD,62343.07,62343.07,8,1-30 days,No,2025-09-30,Zimbabwe Grain Millers (Pvt) Ltd,Wholesale,B. Ncube,0,Yes,No,No,0,0,-
SI-202500240,C3009,2025-05-21,2025-06-20,USD,4408.89,0.0,102,91-180 days,No,2025-09-30,SADC Industrial Supplies,Export - Region,B. Ncube,4408.89,No,No,Yes,9405.63,338,Telephone contact this week; obtain a payment commitment in writing
SI-202500241,C3009,2025-09-14,2025-10-14,USD,14970.61,5239.71,0,Current,No,2025-09-30,SADC Industrial Supplies,Export - Region,B. Ncube,9730.9,No,No,No,9730.9,333,Not yet due - monitor
SI-202500242,C3011,2025-06-12,2025-07-12,USD,8469.61,0.0,80,61-90 days,No,2025-09-30,University Trust Procurement,Public sector,S. Moyo,8469.61,No,No,No,15998.15,294,Standard reminder and confirmation of the payment date
SI-202500243,C3003,2025-07-27,2025-08-26,GBP,23490.9,8221.82,35,31-60 days,No,2025-09-30,UK Builder Depot Ltd,Export - UK,T. Makuvaza,15269.08,No,No,No,21207.06,274,Standard reminder and confirmation of the payment date
SI-202500244,C3012,2025-02-28,2025-04-29,USD,66105.48,0.0,154,91-180 days,No,2025-09-30,Municipality of Kadoma,Public sector,B. Ncube,66105.48,No,No,Yes,179219.3,19,Telephone contact this week; obtain a payment commitment in writing
SI-202500245,C3018,2025-07-10,2025-08-09,USD,22456.7,0.0,52,31-60 days,No,2025-09-30,FoodProcessors Alliance,Food,S. Moyo,22456.7,No,No,No,35431.68,208,Standard reminder and confirmation of the payment date
SI-202500246,C3001,2025-06-20,2025-08-04,USD,46411.86,27847.12,57,31-60 days,No,2025-09-30,Zimbabwe Grain Millers (Pvt) Ltd,Wholesale,B. Ncube,18564.74,No,No,No,30322.41,228,Standard reminder and confirmation of the payment date
SI-202500247,C3004,2025-09-06,2025-11-05,EUR,30921.52,0.0,0,Current,No,2025-09-30,Deutsch Technik GmbH,Export - DE,B. Ncube,30921.52,No,No,No,30921.52,225,Not yet due - monitor
SI-202500248,C3005,2025-07-14,2025-08-13,USD,14858.63,0.0,48,31-60 days,No,2025-09-30,Great Dyke Mining Corporation,Mining,T. Makuvaza,14858.63,No,No,No,22783.23,265,Standard reminder and confirmation of the payment date
SI-202500249,C3008,2025-09-07,2025-10-07,USD,8976.38,3141.73,0,Current,No,2025-09-30,BuildMart Hardware,Retail,T. Makuvaza,5834.65,No,No,No,5834.65,368,Not yet due - monitor
SI-202500250,C3006,2025-02-26,2025-04-27,USD,24349.46,0.0,156,91-180 days,No,2025-09-30,AgriHub Cooperative,Agriculture,B. Ncube,24349.46,No,No,Yes,66555.19,117,Telephone contact this week; obtain a payment commitment in writing
SI-202500251,C3012,2025-07-24,2025-09-22,USD,4453.7,1558.79,8,1-30 days,No,2025-09-30,Municipality of Kadoma,Public sector,B. Ncube,2894.91,No,No,No,3152.24,384,Not yet due - monitor
SI-202500252,C3004,2025-05-21,2025-07-20,EUR,63680.58,0.0,72,61-90 days,No,2025-09-30,Deutsch Technik GmbH,Export - DE,B. Ncube,63680.58,No,No,No,114625.04,56,Standard reminder and confirmation of the payment date
SI-202500253,C3006,2025-07-15,2025-09-13,USD,14717.6,8830.56,17,1-30 days,No,2025-09-30,AgriHub Cooperative,Agriculture,B. Ncube,5887.04,No,No,No,6999.04,363,Not yet due - monitor
SI-202500254,C3012,2025-07-19,2025-09-17,USD,80692.68,28242.44,13,1-30 days,No,2025-09-30,Municipality of Kadoma,Public sector,B. Ncube,52450.24,No,No,No,60026.39,129,Not yet due - monitor
SI-202500255,C3013,2025-02-17,2025-04-03,USD,18357.37,0.0,180,91-180 days,No,2025-09-30,TransContinental Haulage,Logistics,B. Ncube,18357.37,No,No,Yes,55072.11,141,Telephone contact this week; obtain a payment commitment in writing
SI-202500256,C3017,2025-03-17,2025-04-16,USD,14836.88,0.0,167,91-180 days,No,2025-09-30,EnergyAfrica Distributors,Energy,S. Moyo,14836.88,No,No,Yes,42367.54,179,Telephone contact this week; obtain a payment commitment in writing
SI-202500257,C3003,2025-06-14,2025-07-14,GBP,21421.82,0.0,78,61-90 days,No,2025-09-30,UK Builder Depot Ltd,Export - UK,T. Makuvaza,21421.82,No,No,No,39987.4,188,Standard reminder and confirmation of the payment date
SI-202500258,C3006,2025-06-30,2025-08-29,USD,8912.37,0.0,32,31-60 days,No,2025-09-30,AgriHub Cooperative,Agriculture,B. Ncube,8912.37,No,No,No,12081.21,313,Standard reminder and confirmation of the payment date
SI-202500259,C3010,2025-04-23,2025-05-23,USD,20840.92,0.0,130,91-180 days,No,2025-09-30,Sunrise Hospitals Group,Healthcare,T. Makuvaza,20840.92,No,No,Yes,50944.47,156,Telephone contact this week; obtain a payment commitment in writing
SI-202500260,C3009,2025-08-29,2025-09-28,USD,4187.99,2512.79,2,1-30 days,No,2025-09-30,SADC Industrial Supplies,Export - Region,B. Ncube,1675.2,No,No,No,1712.43,390,Not yet due - monitor
SI-202500261,C3012,2025-06-14,2025-08-13,USD,4287.22,4287.22,48,31-60 days,No,2025-09-30,Municipality of Kadoma,Public sector,B. Ncube,0,Yes,No,No,0,0,-
SI-202500262,C3002,2025-01-15,2025-02-14,ZAR,27302.97,0.0,228,Over 180 days,No,2025-09-30,Safret Traders CC,Export - ZA,T. Makuvaza,27302.97,No,No,Yes,96470.49,73,Escalate to the account manager and the CFO; consider withholding further supply
SI-202500263,C3009,2025-01-29,2025-02-28,USD,49777.26,0.0,214,Over 180 days,No,2025-09-30,SADC Industrial Supplies,Export - Region,B. Ncube,49777.26,No,No,Yes,168136.52,26,Escalate to the account manager and the CFO; consider withholding further supply
SI-202500264,C3016,2025-06-10,2025-07-10,GBP,46500.96,0.0,82,61-90 days,No,2025-09-30,PrintWorks Limited,Services,S. Moyo,46500.96,No,No,No,88868.5,87,Standard reminder and confirmation of the payment date
SI-202500265,C3005,2025-02-15,2025-03-17,USD,23252.53,0.0,197,Over 180 days,No,2025-09-30,Great Dyke Mining Corporation,Mining,T. Makuvaza,23252.53,No,No,Yes,74149.73,101,Escalate to the account manager and the CFO; consider withholding further supply
SI-202500266,C3004,2025-02-11,2025-04-12,EUR,18894.8,0.0,171,91-180 days,No,2025-09-30,Deutsch Technik GmbH,Export - DE,B. Ncube,18894.8,No,No,Yes,54794.92,144,Telephone contact this week; obtain a payment commitment in writing
SI-202500267,C3008,2025-06-15,2025-07-15,USD,4638.31,0.0,77,61-90 days,No,2025-09-30,BuildMart Hardware,Retail,T. Makuvaza,4638.31,No,No,No,8606.64,347,Standard reminder and confirmation of the payment date
SI-202500268,C3008,2025-02-17,2025-03-19,USD,8302.21,0.0,195,Over 180 days,No,2025-09-30,BuildMart Hardware,Retail,T. Makuvaza,8302.21,No,No,Yes,26290.33,246,Escalate to the account manager and the CFO; consider withholding further supply
SI-202500269,C3015,2025-03-11,2025-04-10,USD,29132.5,0.0,173,91-180 days,No,2025-09-30,PlastiCorp Factory,Manufacturing,S. Moyo,29132.5,No,No,Yes,85131.64,92,Telephone contact this week; obtain a payment commitment in writing
SI-202500270,C3008,2025-09-11,2025-10-11,USD,4629.88,1620.46,0,Current,No,2025-09-30,BuildMart Hardware,Retail,T. Makuvaza,3009.42,No,No,No,3009.42,386,Not yet due - monitor
SI-202500271,C3012,2025-04-17,2025-06-16,USD,19132.39,0.0,106,91-180 days,No,2025-09-30,Municipality of Kadoma,Public sector,B. Ncube,19132.39,No,No,Yes,41666.09,182,Telephone contact this week; obtain a payment commitment in writing
SI-202500272,C3016,2025-05-07,2025-06-06,GBP,11834.39,0.0,116,91-180 days,No,2025-09-30,PrintWorks Limited,Services,S. Moyo,11834.39,No,No,Yes,27087.6,242,Telephone contact this week; obtain a payment commitment in writing
SI-202500273,C3014,2025-01-30,2025-03-16,USD,81427.99,0.0,198,Over 180 days,No,2025-09-30,FarmSupply Depot,Agriculture,S. Moyo,81427.99,No,No,Yes,260569.57,1,Escalate to the account manager and the CFO; consider withholding further supply
SI-202500274,C3014,2025-05-16,2025-06-30,USD,4466.69,0.0,92,91-180 days,No,2025-09-30,FarmSupply Depot,Agriculture,S. Moyo,4466.69,No,No,Yes,9032.64,341,Telephone contact this week; obtain a payment commitment in writing
SI-202500275,C3018,2025-05-05,2025-06-04,USD,39469.51,0.0,118,91-180 days,No,2025-09-30,FoodProcessors Alliance,Food,S. Moyo,39469.51,No,No,Yes,91218.42,79,Telephone contact this week; obtain a payment commitment in writing
SI-202500276,C3002,2025-03-10,2025-04-09,ZAR,36411.21,0.0,174,91-180 days,No,2025-09-30,Safret Traders CC,Export - ZA,T. Makuvaza,36411.21,No,No,Yes,106806.22,61,Telephone contact this week; obtain a payment commitment in writing
SI-202500277,C3015,2025-04-25,2025-05-25,USD,73291.93,0.0,128,91-180 days,No,2025-09-30,PlastiCorp Factory,Manufacturing,S. Moyo,73291.93,No,No,Yes,177529.34,20,Telephone contact this week; obtain a payment commitment in writing
SI-202500278,C3018,2025-04-28,2025-05-28,USD,38181.02,0.0,125,91-180 days,No,2025-09-30,FoodProcessors Alliance,Food,S. Moyo,38181.02,No,No,Yes,91210.21,81,Telephone contact this week; obtain a payment commitment in writing
SI-202500279,C3004,2025-05-03,2025-07-02,EUR,21726.37,0.0,90,61-90 days,No,2025-09-30,Deutsch Technik GmbH,Export - DE,B. Ncube,21726.37,No,No,No,43452.74,176,Standard reminder and confirmation of the payment date
SI-202500280,C3006,2025-03-15,2025-05-14,USD,72374.84,0.0,139,91-180 days,No,2025-09-30,AgriHub Cooperative,Agriculture,B. Ncube,72374.84,No,No,Yes,184153.76,16,Telephone contact this week; obtain a payment commitment in writing
SI-202500281,C3010,2025-08-13,2025-09-12,USD,22775.29,0.0,18,1-30 days,No,2025-09-30,Sunrise Hospitals Group,Healthcare,T. Makuvaza,22775.29,No,No,No,27330.35,241,Not yet due - monitor
SI-202500282,C3001,2025-08-21,2025-10-05,USD,67472.21,67472.21,0,Current,No,2025-09-30,Zimbabwe Grain Millers (Pvt) Ltd,Wholesale,B. Ncube,0,Yes,No,No,0,0,-
SI-202500283,C3016,2025-01-23,2025-02-22,GBP,9422.85,0.0,220,Over 180 days,No,2025-09-30,PrintWorks Limited,Services,S. Moyo,9422.85,No,No,Yes,32456.48,215,Escalate to the account manager and the CFO; consider withholding further supply
SI-202500284,C3017,2025-05-10,2025-06-09,USD,18966.12,0.0,113,91-180 days,No,2025-09-30,EnergyAfrica Distributors,Energy,S. Moyo,18966.12,No,No,Yes,42779.14,178,Telephone contact this week; obtain a payment commitment in writing
SI-202500285,C3017,2025-02-22,2025-03-24,USD,23229.73,0.0,190,Over 180 days,No,2025-09-30,EnergyAfrica Distributors,Energy,S. Moyo,23229.73,No,No,Yes,72270.27,107,Escalate to the account manager and the CFO; consider withholding further supply
SI-202500286,C3006,2025-06-05,2025-08-04,USD,19954.47,19954.47,57,31-60 days,No,2025-09-30,AgriHub Cooperative,Agriculture,B. Ncube,0,Yes,No,No,0,0,-
SI-202500287,C3017,2025-04-16,2025-05-16,USD,25262.3,0.0,137,91-180 days,No,2025-09-30,EnergyAfrica Distributors,Energy,S. Moyo,25262.3,No,No,Yes,63717.13,122,Telephone contact this week; obtain a payment commitment in writing
SI-202500288,C3015,2025-04-10,2025-05-10,USD,15116.33,0.0,143,91-180 days,No,2025-09-30,PlastiCorp Factory,Manufacturing,S. Moyo,15116.33,No,No,Yes,39134.5,194,Telephone contact this week; obtain a payment commitment in writing
SI-202500289,C3009,2025-06-09,2025-07-09,USD,4477.2,0.0,83,61-90 days,No,2025-09-30,SADC Industrial Supplies,Export - Region,B. Ncube,4477.2,No,No,No,8606.17,348,Standard reminder and confirmation of the payment date
SI-202500290,C3007,2025-01-15,2025-02-14,USD,21506.48,0.0,228,Over 180 days,No,2025-09-30,RetailZ Supermarkets,Retail,S. Moyo,21506.48,No,No,Yes,75989.56,99,Escalate to the account manager and the CFO; consider withholding further supply
SI-202500291,C3018,2025-06-29,2025-07-29,USD,4794.47,0.0,63,61-90 days,No,2025-09-30,FoodProcessors Alliance,Food,S. Moyo,4794.47,No,No,No,8150.6,355,Standard reminder and confirmation of the payment date
SI-202500292,C3010,2025-01-23,2025-02-22,USD,4954.57,0.0,220,Over 180 days,No,2025-09-30,Sunrise Hospitals Group,Healthcare,T. Makuvaza,4954.57,No,No,Yes,17065.74,290,Escalate to the account manager and the CFO; consider withholding further supply
SI-202500293,C3006,2025-01-27,2025-03-28,USD,30259.16,0.0,186,Over 180 days,No,2025-09-30,AgriHub Cooperative,Agriculture,B. Ncube,30259.16,No,No,Yes,92794.76,77,Escalate to the account manager and the CFO; consider withholding further supply
SI-202500294,C3015,2025-06-06,2025-07-06,USD,4073.34,0.0,86,61-90 days,No,2025-09-30,PlastiCorp Factory,Manufacturing,S. Moyo,4073.34,No,No,No,7965.64,357,Standard reminder and confirmation of the payment date
SI-202500295,C3017,2025-04-02,2025-05-02,USD,26689.56,0.0,151,91-180 days,No,2025-09-30,EnergyAfrica Distributors,Energy,S. Moyo,26689.56,No,No,Yes,71468.71,109,Telephone contact this week; obtain a payment commitment in writing
SI-202500296,C3004,2025-09-05,2025-11-04,EUR,15118.28,5291.4,0,Current,No,2025-09-30,Deutsch Technik GmbH,Export - DE,B. Ncube,9826.88,No,No,No,9826.88,331,Not yet due - monitor
SI-202500297,C3016,2025-05-04,2025-06-03,GBP,22281.52,0.0,119,91-180 days,No,2025-09-30,PrintWorks Limited,Services,S. Moyo,22281.52,No,No,Yes,51742.64,154,Telephone contact this week; obtain a payment commitment in writing
SI-202500298,C3014,2025-01-28,2025-03-14,USD,46199.34,0.0,200,Over 180 days,No,2025-09-30,FarmSupply Depot,Agriculture,S. Moyo,46199.34,No,No,Yes,148864.54,36,Escalate to the account manager and the CFO; consider withholding further supply
SI-202500299,C3004,2025-07-17,2025-09-15,EUR,21572.53,21572.53,15,1-30 days,No,2025-09-30,Deutsch Technik GmbH,Export - DE,B. Ncube,0,Yes,No,No,0,0,-
SI-202500300,C3018,2025-04-19,2025-05-19,USD,9524.67,0.0,134,91-180 days,No,2025-09-30,FoodProcessors Alliance,Food,S. Moyo,9524.67,No,No,Yes,23705.85,260,Telephone contact this week; obtain a payment commitment in writing
SI-202500301,C3005,2025-03-26,2025-04-25,USD,45791.72,0.0,158,91-180 days,No,2025-09-30,Great Dyke Mining Corporation,Mining,T. Makuvaza,45791.72,No,No,Yes,126181.63,48,Telephone contact this week; obtain a payment commitment in writing
SI-202500302,C3009,2025-03-13,2025-04-12,USD,66962.37,0.0,171,91-180 days,No,2025-09-30,SADC Industrial Supplies,Export - Region,B. Ncube,66962.37,No,No,Yes,194190.87,13,Telephone contact this week; obtain a payment commitment in writing
SI-202500303,C3004,2025-04-16,2025-06-15,EUR,45257.84,0.0,107,91-180 days,No,2025-09-30,Deutsch Technik GmbH,Export - DE,B. Ncube,45257.84,No,No,Yes,99064.38,70,Telephone contact this week; obtain a payment commitment in writing
SI-202500304,C3009,2025-03-14,2025-04-13,USD,11437.83,0.0,170,91-180 days,No,2025-09-30,SADC Industrial Supplies,Export - Region,B. Ncube,11437.83,No,No,Yes,33042.62,214,Telephone contact this week; obtain a payment commitment in writing
SI-202500305,C3014,2025-03-09,2025-04-23,USD,25807.05,0.0,160,91-180 days,No,2025-09-30,FarmSupply Depot,Agriculture,S. Moyo,25807.05,No,No,Yes,71686.25,108,Telephone contact this week; obtain a payment commitment in writing
SI-202500306,C3011,2025-03-02,2025-04-01,USD,69451.57,0.0,182,Over 180 days,No,2025-09-30,University Trust Procurement,Public sector,S. Moyo,69451.57,No,No,Yes,209898.08,9,Escalate to the account manager and the CFO; consider withholding further supply
SI-202500307,C3015,2025-07-26,2025-08-25,USD,58320.95,20412.33,36,31-60 days,No,2025-09-30,PlastiCorp Factory,Manufacturing,S. Moyo,37908.62,No,No,No,53072.07,149,Standard reminder and confirmation of the payment date
SI-202500308,C3014,2025-04-02,2025-05-17,USD,8154.45,0.0,136,91-180 days,No,2025-09-30,FarmSupply Depot,Agriculture,S. Moyo,8154.45,No,No,Yes,20476.73,277,Telephone contact this week; obtain a payment commitment in writing
SI-202500309,C3004,2025-09-20,2025-11-19,EUR,4559.01,0.0,0,Current,No,2025-09-30,Deutsch Technik GmbH,Export - DE,B. Ncube,4559.01,No,No,No,4559.01,377,Not yet due - monitor
SI-202500310,C3008,2025-05-26,2025-06-25,USD,8987.82,0.0,97,91-180 days,No,2025-09-30,BuildMart Hardware,Retail,T. Makuvaza,8987.82,No,No,Yes,18674.69,288,Telephone contact this week; obtain a payment commitment in writing
SI-202500311,C3006,2025-04-04,2025-06-03,USD,66068.8,0.0,119,91-180 days,No,2025-09-30,AgriHub Cooperative,Agriculture,B. Ncube,66068.8,No,No,Yes,153426.44,33,Telephone contact this week; obtain a payment commitment in writing
SI-202500312,C3001,2025-08-28,2025-10-12,USD,15408.49,0.0,0,Current,No,2025-09-30,Zimbabwe Grain Millers (Pvt) Ltd,Wholesale,B. Ncube,15408.49,No,No,No,15408.49,296,Not yet due - monitor
SI-202500313,C3014,2025-04-01,2025-05-16,USD,4633.29,0.0,137,91-180 days,No,2025-09-30,FarmSupply Depot,Agriculture,S. Moyo,4633.29,No,No,Yes,11686.19,319,Telephone contact this week; obtain a payment commitment in writing
SI-202500314,C3005,2025-05-24,2025-06-23,USD,26211.61,0.0,99,91-180 days,No,2025-09-30,Great Dyke Mining Corporation,Mining,T. Makuvaza,26211.61,No,No,Yes,55044.38,142,Telephone contact this week; obtain a payment commitment in writing
SI-202500315,C3006,2025-02-15,2025-04-16,USD,38928.57,0.0,167,91-180 days,Yes,2025-09-30,AgriHub Cooperative,Agriculture,B. Ncube,38928.57,No,Yes,Yes,55581.35,140,"Resolve the dispute first - agree the credit note or the corrected invoice, then collect"
SI-202500316,C3008,2025-08-30,2025-09-29,USD,8839.92,5303.95,1,1-30 days,No,2025-09-30,BuildMart Hardware,Retail,T. Makuvaza,3535.97,No,No,No,3575.26,383,Not yet due - monitor
SI-202500317,C3002,2025-09-17,2025-10-17,ZAR,4739.21,0.0,0,Current,No,2025-09-30,Safret Traders CC,Export - ZA,T. Makuvaza,4739.21,No,No,No,4739.21,376,Not yet due - monitor
SI-202500318,C3011,2025-09-03,2025-10-03,USD,10093.2,0.0,0,Current,No,2025-09-30,University Trust Procurement,Public sector,S. Moyo,10093.2,No,No,No,10093.2,329,Not yet due - monitor
SI-202500319,C3002,2025-02-02,2025-03-04,ZAR,15067.39,0.0,210,Over 180 days,No,2025-09-30,Safret Traders CC,Export - ZA,T. Makuvaza,15067.39,No,No,Yes,50224.63,158,Escalate to the account manager and the CFO; consider withholding further supply
SI-202500320,C3012,2025-03-23,2025-05-22,USD,41690.5,0.0,131,91-180 days,No,2025-09-30,Municipality of Kadoma,Public sector,B. Ncube,41690.5,No,No,Yes,102373.34,65,Telephone contact this week; obtain a payment commitment in writing
SI-202500321,C3002,2025-04-06,2025-05-06,ZAR,4201.21,0.0,147,91-180 days,No,2025-09-30,Safret Traders CC,Export - ZA,T. Makuvaza,4201.21,No,No,Yes,11063.19,324,Telephone contact this week; obtain a payment commitment in writing
SI-202500322,C3003,2025-08-26,2025-09-25,GBP,18851.81,18851.81,5,1-30 days,No,2025-09-30,UK Builder Depot Ltd,Export - UK,T. Makuvaza,0,Yes,No,No,0,0,-
SI-202500323,C3015,2025-07-20,2025-08-19,USD,45464.01,0.0,42,31-60 days,No,2025-09-30,PlastiCorp Factory,Manufacturing,S. Moyo,45464.01,No,No,No,66680.55,116,Standard reminder and confirmation of the payment date
SI-202500324,C3017,2025-08-20,2025-09-19,USD,61050.43,0.0,11,1-30 days,No,2025-09-30,EnergyAfrica Distributors,Energy,S. Moyo,61050.43,No,No,No,68512.15,115,Not yet due - monitor
SI-202500325,C3008,2025-04-24,2025-05-24,USD,3581.5,0.0,129,91-180 days,No,2025-09-30,BuildMart Hardware,Retail,T. Makuvaza,3581.5,No,No,Yes,8714.98,344,Telephone contact this week; obtain a payment commitment in writing
SI-202500326,C3010,2025-07-26,2025-08-25,USD,68437.43,0.0,36,31-60 days,No,2025-09-30,Sunrise Hospitals Group,Healthcare,T. Makuvaza,68437.43,No,No,No,95812.4,75,Standard reminder and confirmation of the payment date
SI-202500327,C3015,2025-06-25,2025-07-25,USD,7600.37,0.0,67,61-90 days,No,2025-09-30,PlastiCorp Factory,Manufacturing,S. Moyo,7600.37,No,No,No,13258.42,309,Standard reminder and confirmation of the payment date
SI-202500328,C3013,2025-04-12,2025-05-27,USD,38654.9,0.0,126,91-180 days,No,2025-09-30,TransContinental Haulage,Logistics,B. Ncube,38654.9,No,No,Yes,92771.76,78,Telephone contact this week; obtain a payment commitment in writing
SI-202500329,C3002,2025-09-22,2025-10-22,ZAR,8458.57,0.0,0,Current,No,2025-09-30,Safret Traders CC,Export - ZA,T. Makuvaza,8458.57,No,No,No,8458.57,351,Not yet due - monitor
SI-202500330,C3014,2025-05-16,2025-06-30,USD,15865.41,0.0,92,91-180 days,No,2025-09-30,FarmSupply Depot,Agriculture,S. Moyo,15865.41,No,No,Yes,32083.38,218,Telephone contact this week; obtain a payment commitment in writing
SI-202500331,C3015,2025-07-15,2025-08-14,USD,63595.83,63595.83,47,31-60 days,No,2025-09-30,PlastiCorp Factory,Manufacturing,S. Moyo,0,Yes,No,No,0,0,-
SI-202500332,C3007,2025-07-28,2025-08-27,USD,71105.51,0.0,34,31-60 days,No,2025-09-30,RetailZ Supermarkets,Retail,S. Moyo,71105.51,No,No,No,97967.59,71,Standard reminder and confirmation of the payment date
SI-202500333,C3014,2025-09-20,2025-11-04,USD,38307.14,22984.28,0,Current,No,2025-09-30,FarmSupply Depot,Agriculture,S. Moyo,15322.86,No,No,No,15322.86,297,Not yet due - monitor
SI-202500334,C3012,2025-03-28,2025-05-27,USD,12398.18,0.0,126,91-180 days,No,2025-09-30,Municipality of Kadoma,Public sector,B. Ncube,12398.18,No,No,Yes,29755.63,232,Telephone contact this week; obtain a payment commitment in writing
SI-202500335,C3015,2025-09-21,2025-10-21,USD,40822.66,14287.93,0,Current,No,2025-09-30,PlastiCorp Factory,Manufacturing,S. Moyo,26534.73,No,No,No,26534.73,245,Not yet due - monitor
SI-202500336,C3004,2025-06-29,2025-08-28,EUR,19293.3,19293.3,33,31-60 days,No,2025-09-30,Deutsch Technik GmbH,Export - DE,B. Ncube,0,Yes,No,No,0,0,-
SI-202500337,C3003,2025-06-03,2025-07-03,GBP,4806.25,0.0,89,61-90 days,No,2025-09-30,UK Builder Depot Ltd,Export - UK,T. Makuvaza,4806.25,No,No,No,9559.1,336,Standard reminder and confirmation of the payment date
SI-202500338,C3009,2025-03-06,2025-04-05,USD,19691.77,0.0,178,91-180 days,No,2025-09-30,SADC Industrial Supplies,Export - Region,B. Ncube,19691.77,No,No,Yes,58637.72,132,Telephone contact this week; obtain a payment commitment in writing
SI-202500339,C3001,2025-05-16,2025-06-30,USD,60933.48,0.0,92,91-180 days,No,2025-09-30,Zimbabwe Grain Millers (Pvt) Ltd,Wholesale,B. Ncube,60933.48,No,No,Yes,123221.04,49,Telephone contact this week; obtain a payment commitment in writing
SI-202500340,C3006,2025-04-18,2025-06-17,USD,18485.89,0.0,105,91-180 days,No,2025-09-30,AgriHub Cooperative,Agriculture,B. Ncube,18485.89,No,No,Yes,40052.76,187,Telephone contact this week; obtain a payment commitment in writing
SI-202500341,C3007,2025-05-18,2025-06-17,USD,4738.33,0.0,105,91-180 days,No,2025-09-30,RetailZ Supermarkets,Retail,S. Moyo,4738.33,No,No,Yes,10266.38,328,Telephone contact this week; obtain a payment commitment in writing
SI-202500342,C3006,2025-04-11,2025-06-10,USD,3963.24,0.0,112,91-180 days,Yes,2025-09-30,AgriHub Cooperative,Agriculture,B. Ncube,3963.24,No,Yes,Yes,4447.64,378,"Resolve the dispute first - agree the credit note or the corrected invoice, then collect"
SI-202500343,C3007,2025-01-15,2025-02-14,USD,8574.04,0.0,228,Over 180 days,No,2025-09-30,RetailZ Supermarkets,Retail,S. Moyo,8574.04,No,No,Yes,30294.94,229,Escalate to the account manager and the CFO; consider withholding further supply
SI-202500344,C3005,2025-01-20,2025-02-19,USD,49098.49,0.0,223,Over 180 days,No,2025-09-30,Great Dyke Mining Corporation,Mining,T. Makuvaza,49098.49,No,No,Yes,170753.64,25,Escalate to the account manager and the CFO; consider withholding further supply
SI-202500345,C3009,2025-06-21,2025-07-21,USD,47625.64,0.0,71,61-90 days,No,2025-09-30,SADC Industrial Supplies,Export - Region,B. Ncube,47625.64,No,No,No,85196.98,91,Standard reminder and confirmation of the payment date
SI-202500346,C3007,2025-04-03,2025-05-03,USD,17540.23,0.0,150,91-180 days,No,2025-09-30,RetailZ Supermarkets,Retail,S. Moyo,17540.23,No,No,Yes,46773.95,168,Telephone contact this week; obtain a payment commitment in writing
SI-202500347,C3014,2025-02-01,2025-03-18,USD,58748.29,0.0,196,Over 180 days,No,2025-09-30,FarmSupply Depot,Agriculture,S. Moyo,58748.29,No,No,Yes,186689.01,15,Escalate to the account manager and the CFO; consider withholding further supply
SI-202500348,C3016,2025-01-15,2025-02-14,GBP,14297.16,0.0,228,Over 180 days,No,2025-09-30,PrintWorks Limited,Services,S. Moyo,14297.16,No,No,Yes,50516.63,157,Escalate to the account manager and the CFO; consider withholding further supply
SI-202500349,C3004,2025-02-02,2025-04-03,EUR,80722.46,0.0,180,91-180 days,No,2025-09-30,Deutsch Technik GmbH,Export - DE,B. Ncube,80722.46,No,No,Yes,242167.38,4,Telephone contact this week; obtain a payment commitment in writing
SI-202500350,C3008,2025-08-18,2025-09-17,USD,9642.43,0.0,13,1-30 days,No,2025-09-30,BuildMart Hardware,Retail,T. Makuvaza,9642.43,No,No,No,11035.23,325,Not yet due - monitor
SI-202500351,C3004,2025-06-23,2025-08-22,EUR,3841.25,0.0,39,31-60 days,No,2025-09-30,Deutsch Technik GmbH,Export - DE,B. Ncube,3841.25,No,No,No,5505.79,372,Standard reminder and confirmation of the payment date
SI-202500352,C3015,2025-09-02,2025-10-02,USD,4425.85,4425.85,0,Current,No,2025-09-30,PlastiCorp Factory,Manufacturing,S. Moyo,0,Yes,No,No,0,0,-
SI-202500353,C3009,2025-08-01,2025-08-31,USD,63223.12,0.0,30,1-30 days,No,2025-09-30,SADC Industrial Supplies,Export - Region,B. Ncube,63223.12,No,No,No,84297.49,93,Not yet due - monitor
SI-202500354,C3018,2025-03-14,2025-04-13,USD,22850.63,0.0,170,91-180 days,No,2025-09-30,FoodProcessors Alliance,Food,S. Moyo,22850.63,No,No,Yes,66012.93,119,Telephone contact this week; obtain a payment commitment in writing
SI-202500355,C3009,2025-09-03,2025-10-03,USD,48373.37,0.0,0,Current,No,2025-09-30,SADC Industrial Supplies,Export - Region,B. Ncube,48373.37,No,No,No,48373.37,163,Not yet due - monitor
SI-202500356,C3009,2025-01-17,2025-02-16,USD,41760.69,0.0,226,Over 180 days,Yes,2025-09-30,SADC Industrial Supplies,Export - Region,B. Ncube,41760.69,No,Yes,Yes,73313.21,102,"Resolve the dispute first - agree the credit note or the corrected invoice, then collect"
SI-202500357,C3003,2025-03-26,2025-04-25,GBP,80055.67,0.0,158,91-180 days,No,2025-09-30,UK Builder Depot Ltd,Export - UK,T. Makuvaza,80055.67,No,No,Yes,220597.85,7,Telephone contact this week; obtain a payment commitment in writing
SI-202500358,C3008,2025-07-11,2025-08-10,USD,39082.27,0.0,51,31-60 days,No,2025-09-30,BuildMart Hardware,Retail,T. Makuvaza,39082.27,No,No,No,61228.89,127,Standard reminder and confirmation of the payment date
SI-202500359,C3007,2025-02-28,2025-03-30,USD,4810.09,0.0,184,Over 180 days,No,2025-09-30,RetailZ Supermarkets,Retail,S. Moyo,4810.09,No,No,Yes,14644.05,302,Escalate to the account manager and the CFO; consider withholding further supply
SI-202500360,C3008,2025-09-07,2025-10-07,USD,15142.4,5299.84,0,Current,No,2025-09-30,BuildMart Hardware,Retail,T. Makuvaza,9842.56,No,No,No,9842.56,330,Not yet due - monitor
SI-202500361,C3005,2025-08-31,2025-09-30,USD,68926.66,68926.66,0,Current,No,2025-09-30,Great Dyke Mining Corporation,Mining,T. Makuvaza,0,Yes,No,No,0,0,-
SI-202500362,C3004,2025-01-13,2025-03-14,EUR,19572.11,0.0,200,Over 180 days,No,2025-09-30,Deutsch Technik GmbH,Export - DE,B. Ncube,19572.11,No,No,Yes,63065.69,123,Escalate to the account manager and the CFO; consider withholding further supply
SI-202500363,C3004,2025-08-23,2025-10-22,EUR,25010.14,0.0,0,Current,No,2025-09-30,Deutsch Technik GmbH,Export - DE,B. Ncube,25010.14,No,No,No,25010.14,251,Not yet due - monitor
SI-202500364,C3014,2025-07-13,2025-08-27,USD,7494.41,0.0,34,31-60 days,No,2025-09-30,FarmSupply Depot,Agriculture,S. Moyo,7494.41,No,No,No,10325.63,327,Standard reminder and confirmation of the payment date
SI-202500365,C3014,2025-07-31,2025-09-14,USD,77756.71,77756.71,16,1-30 days,No,2025-09-30,FarmSupply Depot,Agriculture,S. Moyo,0,Yes,No,No,0,0,-
SI-202500366,C3003,2025-07-13,2025-08-12,GBP,38735.35,38735.35,49,31-60 days,No,2025-09-30,UK Builder Depot Ltd,Export - UK,T. Makuvaza,0,Yes,No,No,0,0,-
SI-202500367,C3004,2025-05-27,2025-07-26,EUR,4202.43,0.0,66,61-90 days,No,2025-09-30,Deutsch Technik GmbH,Export - DE,B. Ncube,4202.43,No,No,No,7284.21,362,Standard reminder and confirmation of the payment date
SI-202500368,C3002,2025-02-09,2025-03-11,ZAR,36099.89,0.0,203,Over 180 days,No,2025-09-30,Safret Traders CC,Export - ZA,T. Makuvaza,36099.89,No,No,Yes,117525.2,54,Escalate to the account manager and the CFO; consider withholding further supply
SI-202500369,C3010,2025-06-20,2025-07-20,USD,21120.24,0.0,72,61-90 days,No,2025-09-30,Sunrise Hospitals Group,Healthcare,T. Makuvaza,21120.24,No,No,No,38016.43,199,Standard reminder and confirmation of the payment date
SI-202500370,C3014,2025-07-22,2025-09-05,USD,31489.37,0.0,25,1-30 days,No,2025-09-30,FarmSupply Depot,Agriculture,S. Moyo,31489.37,No,No,No,40236.42,184,Not yet due - monitor
SI-202500371,C3018,2025-03-23,2025-04-22,USD,9536.83,0.0,161,91-180 days,No,2025-09-30,FoodProcessors Alliance,Food,S. Moyo,9536.83,No,No,Yes,26597.16,244,Telephone contact this week; obtain a payment commitment in writing
SI-202500372,C3017,2025-02-28,2025-03-30,USD,7542.66,0.0,184,Over 180 days,No,2025-09-30,EnergyAfrica Distributors,Energy,S. Moyo,7542.66,No,No,Yes,22963.21,262,Escalate to the account manager and the CFO; consider withholding further supply
SI-202500373,C3016,2025-08-09,2025-09-08,GBP,37551.46,0.0,22,1-30 days,No,2025-09-30,PrintWorks Limited,Services,S. Moyo,37551.46,No,No,No,46730.71,169,Not yet due - monitor
SI-202500374,C3015,2025-01-14,2025-02-13,USD,14881.51,0.0,229,Over 180 days,No,2025-09-30,PlastiCorp Factory,Manufacturing,S. Moyo,14881.51,No,No,Yes,52746.69,151,Escalate to the account manager and the CFO; consider withholding further supply
SI-202500375,C3008,2025-02-22,2025-03-24,USD,23307.67,0.0,190,Over 180 days,No,2025-09-30,BuildMart Hardware,Retail,T. Makuvaza,23307.67,No,No,Yes,72512.75,103,Escalate to the account manager and the CFO; consider withholding further supply
SI-202500376,C3006,2025-07-08,2025-09-06,USD,23728.51,8304.98,24,1-30 days,No,2025-09-30,AgriHub Cooperative,Agriculture,B. Ncube,15423.53,No,No,No,19536.47,281,Not yet due - monitor
SI-202500377,C3006,2025-08-10,2025-10-09,USD,23217.71,8126.2,0,Current,No,2025-09-30,AgriHub Cooperative,Agriculture,B. Ncube,15091.51,No,No,No,15091.51,298,Not yet due - monitor
SI-202500378,C3005,2025-08-21,2025-09-20,USD,59952.16,20983.26,10,1-30 days,No,2025-09-30,Great Dyke Mining Corporation,Mining,T. Makuvaza,38968.9,No,No,No,43298.78,177,Not yet due - monitor
SI-202500379,C3006,2025-07-30,2025-09-28,USD,23037.87,13822.72,2,1-30 days,No,2025-09-30,AgriHub Cooperative,Agriculture,B. Ncube,9215.15,No,No,No,9419.93,337,Not yet due - monitor
SI-202500380,C3016,2025-02-20,2025-03-22,GBP,14520.2,0.0,192,Over 180 days,No,2025-09-30,PrintWorks Limited,Services,S. Moyo,14520.2,No,No,Yes,45496.63,173,Escalate to the account manager and the CFO; consider withholding further supply
SI-202500381,C3010,2025-06-18,2025-07-18,USD,17394.98,0.0,74,61-90 days,No,2025-09-30,Sunrise Hospitals Group,Healthcare,T. Makuvaza,17394.98,No,No,No,31697.52,221,Standard reminder and confirmation of the payment date
SI-202500382,C3001,2025-05-16,2025-06-30,USD,9697.65,0.0,92,91-180 days,No,2025-09-30,Zimbabwe Grain Millers (Pvt) Ltd,Wholesale,B. Ncube,9697.65,No,No,Yes,19610.8,280,Telephone contact this week; obtain a payment commitment in writing
SI-202500383,C3006,2025-06-06,2025-08-05,USD,9722.27,0.0,56,31-60 days,No,2025-09-30,AgriHub Cooperative,Agriculture,B. Ncube,9722.27,No,No,No,15771.68,295,Standard reminder and confirmation of the payment date
SI-202500384,C3005,2025-09-08,2025-10-08,USD,39375.68,0.0,0,Current,No,2025-09-30,Great Dyke Mining Corporation,Mining,T. Makuvaza,39375.68,No,No,No,39375.68,192,Not yet due - monitor
SI-202500385,C3004,2025-02-20,2025-04-21,EUR,23332.85,0.0,162,91-180 days,No,2025-09-30,Deutsch Technik GmbH,Export - DE,B. Ncube,23332.85,No,No,Yes,65331.98,120,Telephone contact this week; obtain a payment commitment in writing
SI-202500386,C3013,2025-08-12,2025-09-26,USD,13580.96,8148.58,4,1-30 days,No,2025-09-30,TransContinental Haulage,Logistics,B. Ncube,5432.38,No,No,No,5673.82,369,Not yet due - monitor
SI-202500387,C3003,2025-06-09,2025-07-09,GBP,23551.59,0.0,83,61-90 days,No,2025-09-30,UK Builder Depot Ltd,Export - UK,T. Makuvaza,23551.59,No,No,No,45271.39,174,Standard reminder and confirmation of the payment date
SI-202500388,C3001,2025-06-14,2025-07-29,USD,26914.96,0.0,63,61-90 days,No,2025-09-30,Zimbabwe Grain Millers (Pvt) Ltd,Wholesale,B. Ncube,26914.96,No,No,No,45755.43,171,Standard reminder and confirmation of the payment date
SI-202500389,C3018,2025-08-29,2025-09-28,USD,14403.37,0.0,2,1-30 days,No,2025-09-30,FoodProcessors Alliance,Food,S. Moyo,14403.37,No,No,No,14723.44,300,Not yet due - monitor
SI-202500390,C3008,2025-03-29,2025-04-28,USD,8778.03,0.0,155,91-180 days,No,2025-09-30,BuildMart Hardware,Retail,T. Makuvaza,8778.03,No,No,Yes,23895.75,257,Telephone contact this week; obtain a payment commitment in writing
SI-202500391,C3013,2025-06-27,2025-08-11,USD,28164.46,9857.56,50,31-60 days,No,2025-09-30,TransContinental Haulage,Logistics,B. Ncube,18306.9,No,No,No,28477.4,238,Standard reminder and confirmation of the payment date
SI-202500392,C3018,2025-05-15,2025-06-14,USD,4380.07,0.0,108,91-180 days,No,2025-09-30,FoodProcessors Alliance,Food,S. Moyo,4380.07,No,No,Yes,9636.15,335,Telephone contact this week; obtain a payment commitment in writing
SI-202500393,C3002,2025-05-18,2025-06-17,ZAR,72395.67,0.0,105,91-180 days,No,2025-09-30,Safret Traders CC,Export - ZA,T. Makuvaza,72395.67,No,No,Yes,156857.29,31,Telephone contact this week; obtain a payment commitment in writing
SI-202500394,C3001,2025-05-05,2025-06-19,USD,77669.9,0.0,103,91-180 days,No,2025-09-30,Zimbabwe Grain Millers (Pvt) Ltd,Wholesale,B. Ncube,77669.9,No,No,Yes,166558.79,27,Telephone contact this week; obtain a payment commitment in writing
SI-202500395,C3018,2025-03-25,2025-04-24,USD,63696.58,0.0,159,91-180 days,No,2025-09-30,FoodProcessors Alliance,Food,S. Moyo,63696.58,No,No,Yes,176227.2,22,Telephone contact this week; obtain a payment commitment in writing
SI-202500396,C3002,2025-05-04,2025-06-03,ZAR,8399.4,0.0,119,91-180 days,No,2025-09-30,Safret Traders CC,Export - ZA,T. Makuvaza,8399.4,No,No,Yes,19505.27,283,Telephone contact this week; obtain a payment commitment in writing
SI-202500397,C3010,2025-04-07,2025-05-07,USD,7439.48,0.0,146,91-180 days,No,2025-09-30,Sunrise Hospitals Group,Healthcare,T. Makuvaza,7439.48,No,No,Yes,19507.97,282,Telephone contact this week; obtain a payment commitment in writing
SI-202500398,C3003,2025-03-05,2025-04-04,GBP,48405.23,0.0,179,91-180 days,No,2025-09-30,UK Builder Depot Ltd,Export - UK,T. Makuvaza,48405.23,No,No,Yes,144677.85,40,Telephone contact this week; obtain a payment commitment in writing
SI-202500399,C3001,2025-07-27,2025-09-10,USD,15203.58,15203.58,20,1-30 days,No,2025-09-30,Zimbabwe Grain Millers (Pvt) Ltd,Wholesale,B. Ncube,0,Yes,No,No,0,0,-
SI-202500400,C3004,2025-04-28,2025-06-27,EUR,31623.94,0.0,95,91-180 days,No,2025-09-30,Deutsch Technik GmbH,Export - DE,B. Ncube,31623.94,No,No,Yes,65004.77,121,Telephone contact this week; obtain a payment commitment in writing
SI-202500401,C3013,2025-05-14,2025-06-28,USD,65717.05,0.0,94,91-180 days,No,2025-09-30,TransContinental Haulage,Logistics,B. Ncube,65717.05,No,No,Yes,134354.86,44,Telephone contact this week; obtain a payment commitment in writing
SI-202500402,C3013,2025-09-06,2025-10-21,USD,7876.52,2756.78,0,Current,Yes,2025-09-30,TransContinental Haulage,Logistics,B. Ncube,5119.74,No,Yes,No,2559.87,387,"Resolve the dispute first - agree the credit note or the corrected invoice, then collect"
SI-202500403,C3001,2025-05-21,2025-07-05,USD,4560.54,0.0,87,61-90 days,No,2025-09-30,Zimbabwe Grain Millers (Pvt) Ltd,Wholesale,B. Ncube,4560.54,No,No,No,8969.06,342,Standard reminder and confirmation of the payment date
SI-202500404,C3006,2025-02-18,2025-04-19,USD,12869.62,0.0,164,91-180 days,No,2025-09-30,AgriHub Cooperative,Agriculture,B. Ncube,12869.62,No,No,Yes,36320.93,205,Telephone contact this week; obtain a payment commitment in writing
SI-202500405,C3007,2025-02-10,2025-03-12,USD,69347.99,0.0,202,Over 180 days,No,2025-09-30,RetailZ Supermarkets,Retail,S. Moyo,69347.99,No,No,Yes,224995.7,6,Escalate to the account manager and the CFO; consider withholding further supply
SI-202500406,C3003,2025-06-02,2025-07-02,GBP,8100.35,0.0,90,61-90 days,No,2025-09-30,UK Builder Depot Ltd,Export - UK,T. Makuvaza,8100.35,No,No,No,16200.7,292,Standard reminder and confirmation of the payment date
SI-202500407,C3018,2025-04-30,2025-05-30,USD,74685.29,0.0,123,91-180 days,No,2025-09-30,FoodProcessors Alliance,Food,S. Moyo,74685.29,No,No,Yes,176755.19,21,Telephone contact this week; obtain a payment commitment in writing
SI-202500408,C3007,2025-09-21,2025-10-21,USD,43975.13,15391.3,0,Current,No,2025-09-30,RetailZ Supermarkets,Retail,S. Moyo,28583.83,No,No,No,28583.83,237,Not yet due - monitor
SI-202500409,C3018,2025-09-14,2025-10-14,USD,57980.25,57980.25,0,Current,No,2025-09-30,FoodProcessors Alliance,Food,S. Moyo,0,Yes,No,No,0,0,-
SI-202500410,C3001,2025-05-09,2025-06-23,USD,46010.27,0.0,99,91-180 days,No,2025-09-30,Zimbabwe Grain Millers (Pvt) Ltd,Wholesale,B. Ncube,46010.27,No,No,Yes,96621.57,72,Telephone contact this week; obtain a payment commitment in writing
SI-202500411,C3001,2025-07-22,2025-09-05,USD,5014.61,5014.61,25,1-30 days,No,2025-09-30,Zimbabwe Grain Millers (Pvt) Ltd,Wholesale,B. Ncube,0,Yes,No,No,0,0,-
SI-202500412,C3014,2025-02-26,2025-04-12,USD,13838.03,0.0,171,91-180 days,No,2025-09-30,FarmSupply Depot,Agriculture,S. Moyo,13838.03,No,No,Yes,40130.29,186,Telephone contact this week; obtain a payment commitment in writing
SI-202500413,C3004,2025-05-15,2025-07-14,EUR,79596.39,0.0,78,61-90 days,No,2025-09-30,Deutsch Technik GmbH,Export - DE,B. Ncube,79596.39,No,No,No,148579.93,37,Standard reminder and confirmation of the payment date
SI-202500414,C3014,2025-05-27,2025-07-11,USD,4785.66,0.0,81,61-90 days,No,2025-09-30,FarmSupply Depot,Agriculture,S. Moyo,4785.66,No,No,No,9092.75,340,Standard reminder and confirmation of the payment date
SI-202500415,C3013,2025-02-20,2025-04-06,USD,16048.97,0.0,177,91-180 days,No,2025-09-30,TransContinental Haulage,Logistics,B. Ncube,16048.97,No,No,Yes,47611.94,165,Telephone contact this week; obtain a payment commitment in writing
SI-202500416,C3010,2025-04-09,2025-05-09,USD,13519.76,0.0,144,91-180 days,No,2025-09-30,Sunrise Hospitals Group,Healthcare,T. Makuvaza,13519.76,No,No,Yes,35151.38,209,Telephone contact this week; obtain a payment commitment in writing
SI-202500417,C3010,2025-07-13,2025-08-12,USD,37116.33,12990.72,49,31-60 days,No,2025-09-30,Sunrise Hospitals Group,Healthcare,T. Makuvaza,24125.61,No,No,No,37260.66,202,Standard reminder and confirmation of the payment date
SI-202500418,C3006,2025-08-04,2025-10-03,USD,59991.46,0.0,0,Current,No,2025-09-30,AgriHub Cooperative,Agriculture,B. Ncube,59991.46,No,No,No,59991.46,130,Not yet due - monitor
SI-202500419,C3008,2025-04-12,2025-05-12,USD,21891.38,0.0,141,91-180 days,No,2025-09-30,BuildMart Hardware,Retail,T. Makuvaza,21891.38,No,No,Yes,56187.88,137,Telephone contact this week; obtain a payment commitment in writing
