Rank,JournalID,TestID,TestName,AllTestsFired,SchemeID,ExceptionDate,DocumentDate,EnteredOn,Period,AccountCode,AccountName,Description,DocumentRef,VendorID,VendorName,EmployeeLinked,CounterAccount,AmountUSD,JournalDebits,Debit,Credit,Preparer,PreparerName,PreparerRole,Approver,EntryType,SourceSystem,RiskScore,RiskBand,RiskWeightedValueUSD,Status,Conclusion,ReviewedBy
1,JE202407-01841,T02,Related-party vendor payment,T02,GHOST-VENDOR,2024-07-23,2024-07-23,2024-07-23 09:37:00,2024-07,6090,Professional and Consulting Fees,Consulting services vendor V2001,Consulting services vend,V2001,R Chikafu Trading Enterprises,Yes,1010,51838.58,51838.58,51838.58,51838.58,USR-001,T. Makuvaza,Financial Controller,(none),Automatic,ERP-GL,50,Medium,25919.29,Open - referred for investigation,"Payment to a vendor identified in the vendor master as employee-linked, posted outside the accounts-payable payment run with no approver. Propriety of the payment requires corroboration.",
2,JE202402-00524,T05,Weekend / after-hours journal,T05,WEEKEND-AFTERHOURS,2024-02-10,2024-02-10,2024-02-10 04:39:00,2024-02,6190,Sundry Expenses,Year-end / period adjustment (weekend post),Year-end / period adjust,,,No,1990,33000,33000,33000,33000,USR-012,D. Mutasa,Shared Services Clerk,(none),Manual,Manual-JE,70,High,23100,Open - referred for investigation,"Manual journal posted outside business hours, with no approver, recognising an expense against the suspense account. Supporting documentation and authorisation not evidenced.",
3,JE202403-00793,T05,Weekend / after-hours journal,T05,WEEKEND-AFTERHOURS,2024-03-24,2024-03-24,2024-03-24 04:25:00,2024-03,6190,Sundry Expenses,Year-end / period adjustment (weekend post),Year-end / period adjust,,,No,1990,33000,33000,33000,33000,USR-012,D. Mutasa,Shared Services Clerk,(none),Manual,Manual-JE,70,High,23100,Open - referred for investigation,"Manual journal posted outside business hours, with no approver, recognising an expense against the suspense account. Supporting documentation and authorisation not evidenced.",
4,JE202404-01058,T05,Weekend / after-hours journal,T05,WEEKEND-AFTERHOURS,2024-04-28,2024-04-28,2024-04-28 22:50:00,2024-04,6190,Sundry Expenses,Year-end / period adjustment (weekend post),Year-end / period adjust,,,No,1990,33000,33000,33000,33000,USR-012,D. Mutasa,Shared Services Clerk,(none),Manual,Manual-JE,70,High,23100,Open - referred for investigation,"Manual journal posted outside business hours, with no approver, recognising an expense against the suspense account. Supporting documentation and authorisation not evidenced.",
5,JE202408-02089,T05,Weekend / after-hours journal,T05,WEEKEND-AFTERHOURS,2024-08-10,2024-08-10,2024-08-10 02:03:00,2024-08,6190,Sundry Expenses,Year-end / period adjustment (weekend post),Year-end / period adjust,,,No,1990,33000,33000,33000,33000,USR-012,D. Mutasa,Shared Services Clerk,(none),Manual,Manual-JE,70,High,23100,Open - referred for investigation,"Manual journal posted outside business hours, with no approver, recognising an expense against the suspense account. Supporting documentation and authorisation not evidenced.",
6,JE202405-01320,T02,Related-party vendor payment,T02,GHOST-VENDOR,2024-05-23,2024-05-23,2024-05-23 13:57:00,2024-05,6090,Professional and Consulting Fees,Consulting services vendor V2003,Consulting services vend,V2003,Gumbo General Suppliers,Yes,1010,35782.84,35782.84,35782.84,35782.84,USR-001,T. Makuvaza,Financial Controller,(none),Automatic,ERP-GL,50,Medium,17891.42,Open - referred for investigation,"Payment to a vendor identified in the vendor master as employee-linked, posted outside the accounts-payable payment run with no approver. Propriety of the payment requires corroboration.",
7,JE202409-02366,T02,Related-party vendor payment,T02,GHOST-VENDOR,2024-09-10,2024-09-10,2024-09-10 10:39:00,2024-09,6090,Professional and Consulting Fees,Consulting services vendor V2004,Consulting services vend,V2004,Meridian Consulting Group,Yes,1010,33555.68,33555.68,33555.68,33555.68,USR-001,T. Makuvaza,Financial Controller,(none),Automatic,ERP-GL,50,Medium,16777.84,Open - referred for investigation,"Payment to a vendor identified in the vendor master as employee-linked, posted outside the accounts-payable payment run with no approver. Propriety of the payment requires corroboration.",
8,JE202509-05500,T02,Related-party vendor payment,T02,GHOST-VENDOR,2025-09-13,2025-09-13,2025-09-13 13:42:00,2025-09,6090,Professional and Consulting Fees,Consulting services vendor V2004,Consulting services vend,V2004,Meridian Consulting Group,Yes,1010,36800.15,36800.15,36800.15,36800.15,USR-001,T. Makuvaza,Financial Controller,(none),Automatic,ERP-GL,45,Medium,16560.07,Open - referred for investigation,"Payment to a vendor identified in the vendor master as employee-linked, posted outside the accounts-payable payment run with no approver. Propriety of the payment requires corroboration.",
9,JE202503-03914,T02,Related-party vendor payment,T02,GHOST-VENDOR,2025-03-08,2025-03-08,2025-03-08 11:38:00,2025-03,6090,Professional and Consulting Fees,Consulting services vendor V2003,Consulting services vend,V2003,Gumbo General Suppliers,Yes,1010,36511.67,36511.67,36511.67,36511.67,USR-001,T. Makuvaza,Financial Controller,(none),Automatic,ERP-GL,45,Medium,16430.25,Open - referred for investigation,"Payment to a vendor identified in the vendor master as employee-linked, posted outside the accounts-payable payment run with no approver. Propriety of the payment requires corroboration.",
10,JE202504-04195,T06,Segregation-of-duties breach,T06,SOD-RARE-COMBO,2025-04-20,2025-04-20,2025-04-20 08:44:00,2025-04,4010,Revenue - Trading / Resale,Credit note / revenue reclass by AP clerk,Credit note / revenue re,,,No,1100,27500,27500,27500,27500,USR-002,R. Chikafu,Accounts Payable Clerk,(none),Manual,Manual-JE,55,Medium,15125,Open - referred for investigation,"Revenue credit note posted by the accounts-payable clerk, outside the user's authorised role. System rights and the credit-note documentation require review.",
11,JE202507-04987,T02,Related-party vendor payment,T02,GHOST-VENDOR,2025-07-24,2025-07-24,2025-07-24 09:29:00,2025-07,6090,Professional and Consulting Fees,Consulting services vendor V2004,Consulting services vend,V2004,Meridian Consulting Group,Yes,1010,49995.95,49995.95,49995.95,49995.95,USR-001,T. Makuvaza,Financial Controller,(none),Automatic,ERP-GL,30,Low,14998.78,Open - referred for investigation,"Payment to a vendor identified in the vendor master as employee-linked, posted outside the accounts-payable payment run with no approver. Propriety of the payment requires corroboration.",
12,JE202505-04458,T02,Related-party vendor payment,T02,GHOST-VENDOR,2025-05-21,2025-05-21,2025-05-21 10:40:00,2025-05,6090,Professional and Consulting Fees,Consulting services vendor V2002,Consulting services vend,V2002,Zhou Logistics & Advisory,Yes,1010,44117.29,44117.29,44117.29,44117.29,USR-001,T. Makuvaza,Financial Controller,(none),Automatic,ERP-GL,30,Low,13235.19,Open - referred for investigation,"Payment to a vendor identified in the vendor master as employee-linked, posted outside the accounts-payable payment run with no approver. Propriety of the payment requires corroboration.",
13,JE202401-00259,T06,Segregation-of-duties breach,T06,SOD-RARE-COMBO,2024-01-19,2024-01-19,2024-01-19 08:51:00,2024-01,4010,Revenue - Trading / Resale,Credit note / revenue reclass by AP clerk,Credit note / revenue re,,,No,1100,27500,27500,27500,27500,USR-002,R. Chikafu,Accounts Payable Clerk,(none),Manual,Manual-JE,40,Medium,11000,Open - referred for investigation,"Revenue credit note posted by the accounts-payable clerk, outside the user's authorised role. System rights and the credit-note documentation require review.",
14,JE202402-00527,T06,Segregation-of-duties breach,T06,SOD-RARE-COMBO,2024-02-19,2024-02-19,2024-02-19 10:31:00,2024-02,4010,Revenue - Trading / Resale,Credit note / revenue reclass by AP clerk,Credit note / revenue re,,,No,1100,27500,27500,27500,27500,USR-002,R. Chikafu,Accounts Payable Clerk,(none),Manual,Manual-JE,40,Medium,11000,Open - referred for investigation,"Revenue credit note posted by the accounts-payable clerk, outside the user's authorised role. System rights and the credit-note documentation require review.",
15,JE202403-00796,T06,Segregation-of-duties breach,T06,SOD-RARE-COMBO,2024-03-25,2024-03-25,2024-03-25 10:11:00,2024-03,4010,Revenue - Trading / Resale,Credit note / revenue reclass by AP clerk,Credit note / revenue re,,,No,1100,27500,27500,27500,27500,USR-002,R. Chikafu,Accounts Payable Clerk,(none),Manual,Manual-JE,40,Medium,11000,Open - referred for investigation,"Revenue credit note posted by the accounts-payable clerk, outside the user's authorised role. System rights and the credit-note documentation require review.",
16,JE202405-01324,T06,Segregation-of-duties breach,T06,SOD-RARE-COMBO,2024-05-22,2024-05-22,2024-05-22 17:35:00,2024-05,4010,Revenue - Trading / Resale,Credit note / revenue reclass by AP clerk,Credit note / revenue re,,,No,1100,27500,27500,27500,27500,USR-002,R. Chikafu,Accounts Payable Clerk,(none),Manual,Manual-JE,40,Medium,11000,Open - referred for investigation,"Revenue credit note posted by the accounts-payable clerk, outside the user's authorised role. System rights and the credit-note documentation require review.",
17,JE202411-02920,T06,Segregation-of-duties breach,T06,SOD-RARE-COMBO,2024-11-19,2024-11-19,2024-11-19 12:18:00,2024-11,4010,Revenue - Trading / Resale,Credit note / revenue reclass by AP clerk,Credit note / revenue re,,,No,1100,27500,27500,27500,27500,USR-002,R. Chikafu,Accounts Payable Clerk,(none),Manual,Manual-JE,40,Medium,11000,Open - referred for investigation,"Revenue credit note posted by the accounts-payable clerk, outside the user's authorised role. System rights and the credit-note documentation require review.",
18,JE202411-02916,T02,Related-party vendor payment,T02,GHOST-VENDOR,2024-11-14,2024-11-14,2024-11-14 16:08:00,2024-11,6090,Professional and Consulting Fees,Consulting services vendor V2004,Consulting services vend,V2004,Meridian Consulting Group,Yes,1010,24684.9,24684.9,24684.9,24684.9,USR-001,T. Makuvaza,Financial Controller,(none),Automatic,ERP-GL,40,Medium,9873.96,Open - referred for investigation,"Payment to a vendor identified in the vendor master as employee-linked, posted outside the accounts-payable payment run with no approver. Propriety of the payment requires corroboration.",
19,JE202401-00256,T05,Weekend / after-hours journal,T05,WEEKEND-AFTERHOURS,2024-01-20,2024-01-20,2024-01-20 04:10:00,2024-01,6190,Sundry Expenses,Year-end / period adjustment (weekend post),Year-end / period adjust,,,No,1990,21500,21500,21500,21500,USR-012,D. Mutasa,Shared Services Clerk,(none),Manual,Manual-JE,45,Medium,9675,Open - referred for investigation,"Manual journal posted outside business hours, with no approver, recognising an expense against the suspense account. Supporting documentation and authorisation not evidenced.",
20,JE202405-01321,T05,Weekend / after-hours journal,T05,WEEKEND-AFTERHOURS,2024-05-26,2024-05-26,2024-05-26 22:57:00,2024-05,6190,Sundry Expenses,Year-end / period adjustment (weekend post),Year-end / period adjust,,,No,1990,21500,21500,21500,21500,USR-012,D. Mutasa,Shared Services Clerk,(none),Manual,Manual-JE,45,Medium,9675,Open - referred for investigation,"Manual journal posted outside business hours, with no approver, recognising an expense against the suspense account. Supporting documentation and authorisation not evidenced.",
21,JE202409-02367,T05,Weekend / after-hours journal,T05,WEEKEND-AFTERHOURS,2024-09-14,2024-09-14,2024-09-14 02:54:00,2024-09,6190,Sundry Expenses,Year-end / period adjustment (weekend post),Year-end / period adjust,,,No,1990,21500,21500,21500,21500,USR-012,D. Mutasa,Shared Services Clerk,(none),Manual,Manual-JE,45,Medium,9675,Open - referred for investigation,"Manual journal posted outside business hours, with no approver, recognising an expense against the suspense account. Supporting documentation and authorisation not evidenced.",
22,JE202411-02917,T05,Weekend / after-hours journal,T05,WEEKEND-AFTERHOURS,2024-11-30,2024-11-30,2024-11-30 22:09:00,2024-11,6190,Sundry Expenses,Year-end / period adjustment (weekend post),Year-end / period adjust,,,No,1990,21500,21500,21500,21500,USR-012,D. Mutasa,Shared Services Clerk,(none),Manual,Manual-JE,45,Medium,9675,Open - referred for investigation,"Manual journal posted outside business hours, with no approver, recognising an expense against the suspense account. Supporting documentation and authorisation not evidenced.",
23,JE202501-03412,T05,Weekend / after-hours journal,T05,WEEKEND-AFTERHOURS,2025-01-26,2025-01-26,2025-01-26 04:47:00,2025-01,6190,Sundry Expenses,Year-end / period adjustment (weekend post),Year-end / period adjust,,,No,1990,21500,21500,21500,21500,USR-012,D. Mutasa,Shared Services Clerk,(none),Manual,Manual-JE,45,Medium,9675,Open - referred for investigation,"Manual journal posted outside business hours, with no approver, recognising an expense against the suspense account. Supporting documentation and authorisation not evidenced.",
24,JE202502-03666,T05,Weekend / after-hours journal,T05,WEEKEND-AFTERHOURS,2025-02-01,2025-02-01,2025-02-01 04:41:00,2025-02,6190,Sundry Expenses,Year-end / period adjustment (weekend post),Year-end / period adjust,,,No,1990,21500,21500,21500,21500,USR-012,D. Mutasa,Shared Services Clerk,(none),Manual,Manual-JE,45,Medium,9675,Open - referred for investigation,"Manual journal posted outside business hours, with no approver, recognising an expense against the suspense account. Supporting documentation and authorisation not evidenced.",
25,JE202504-04192,T05,Weekend / after-hours journal,T05,WEEKEND-AFTERHOURS,2025-04-06,2025-04-06,2025-04-06 04:20:00,2025-04,6190,Sundry Expenses,Year-end / period adjustment (weekend post),Year-end / period adjust,,,No,1990,21500,21500,21500,21500,USR-012,D. Mutasa,Shared Services Clerk,(none),Manual,Manual-JE,45,Medium,9675,Open - referred for investigation,"Manual journal posted outside business hours, with no approver, recognising an expense against the suspense account. Supporting documentation and authorisation not evidenced.",
26,JE202506-04730,T05,Weekend / after-hours journal,T05,WEEKEND-AFTERHOURS,2025-06-07,2025-06-07,2025-06-07 23:03:00,2025-06,6190,Sundry Expenses,Year-end / period adjustment (weekend post),Year-end / period adjust,,,No,1990,21500,21500,21500,21500,USR-012,D. Mutasa,Shared Services Clerk,(none),Manual,Manual-JE,45,Medium,9675,Open - referred for investigation,"Manual journal posted outside business hours, with no approver, recognising an expense against the suspense account. Supporting documentation and authorisation not evidenced.",
27,JE202509-05501,T05,Weekend / after-hours journal,T05,WEEKEND-AFTERHOURS,2025-09-07,2025-09-07,2025-09-07 22:19:00,2025-09,6190,Sundry Expenses,Year-end / period adjustment (weekend post),Year-end / period adjust,,,No,1990,21500,21500,21500,21500,USR-012,D. Mutasa,Shared Services Clerk,(none),Manual,Manual-JE,45,Medium,9675,Open - referred for investigation,"Manual journal posted outside business hours, with no approver, recognising an expense against the suspense account. Supporting documentation and authorisation not evidenced.",
28,JE202501-03411,T02,Related-party vendor payment,T02,GHOST-VENDOR,2025-01-14,2025-01-14,2025-01-14 14:45:00,2025-01,6090,Professional and Consulting Fees,Consulting services vendor V2001,Consulting services vend,V2001,R Chikafu Trading Enterprises,Yes,1010,22571.88,22571.88,22571.88,22571.88,USR-001,T. Makuvaza,Financial Controller,(none),Automatic,ERP-GL,40,Medium,9028.75,Open - referred for investigation,"Payment to a vendor identified in the vendor master as employee-linked, posted outside the accounts-payable payment run with no approver. Propriety of the payment requires corroboration.",
29,JE202401-00255,T02,Related-party vendor payment,T02,GHOST-VENDOR,2024-01-22,2024-01-22,2024-01-22 09:26:00,2024-01,6090,Professional and Consulting Fees,Consulting services vendor V2002,Consulting services vend,V2002,Zhou Logistics & Advisory,Yes,1010,22108.39,22108.39,22108.39,22108.39,USR-001,T. Makuvaza,Financial Controller,(none),Automatic,ERP-GL,40,Medium,8843.36,Open - referred for investigation,"Payment to a vendor identified in the vendor master as employee-linked, posted outside the accounts-payable payment run with no approver. Propriety of the payment requires corroboration.",
30,JE202408-02085,T01,Duplicate payment,T01,DUPLICATE-PAYMENT,2024-08-09,2024-08-09,2024-08-09 14:14:00,2024-08,6090,Professional and Consulting Fees,Professional fees per invoice INV-24214 vendor V1008,INV-24214,V1008,SecureGuard Security Services,No,1010,11691.64,11691.64,11691.64,11691.64,USR-012,D. Mutasa,Shared Services Clerk,(none),Automatic,ERP-GL,70,High,8184.15,Open - referred for investigation,"Second payment of the same supplier invoice. Documentary corroboration (supplier statement, remittance advice) required before recovery is pursued.",
31,JE202408-02086,T01,Duplicate payment,T01,DUPLICATE-PAYMENT,2024-08-14,2024-08-14,2024-08-14 17:52:00,2024-08,6090,Professional and Consulting Fees,Professional fees per invoice INV-24214 vendor V1008,INV-24214,V1008,SecureGuard Security Services,No,1010,11691.64,11691.64,11691.64,11691.64,USR-012,D. Mutasa,Shared Services Clerk,(none),Automatic,ERP-GL,70,High,8184.15,Open - referred for investigation,"Second payment of the same supplier invoice. Documentary corroboration (supplier statement, remittance advice) required before recovery is pursued.",
32,JE202505-04456,T01,Duplicate payment,T01,DUPLICATE-PAYMENT,2025-05-18,2025-05-18,2025-05-18 14:45:00,2025-05,6090,Professional and Consulting Fees,Professional fees per invoice INV-28631 vendor V1008,INV-28631,V1008,SecureGuard Security Services,No,1010,12249.99,12249.99,12249.99,12249.99,USR-012,D. Mutasa,Shared Services Clerk,(none),Automatic,ERP-GL,65,Medium,7962.49,Open - referred for investigation,"Second payment of the same supplier invoice. Documentary corroboration (supplier statement, remittance advice) required before recovery is pursued.",
33,JE202403-00789,T01,Duplicate payment,T01,DUPLICATE-PAYMENT,2024-03-10,2024-03-10,2024-03-10 12:25:00,2024-03,6090,Professional and Consulting Fees,Professional fees per invoice INV-27491 vendor V1014,INV-27491,V1014,IT Support Partners (Pvt) Ltd,No,1010,11894.31,11894.31,11894.31,11894.31,USR-012,D. Mutasa,Shared Services Clerk,(none),Automatic,ERP-GL,65,Medium,7731.3,Open - referred for investigation,"Second payment of the same supplier invoice. Documentary corroboration (supplier statement, remittance advice) required before recovery is pursued.",
34,JE202508-05235,T01,Duplicate payment,T01,DUPLICATE-PAYMENT,2025-08-17,2025-08-17,2025-08-17 11:17:00,2025-08,6090,Professional and Consulting Fees,Professional fees per invoice INV-29834 vendor V1012,INV-29834,V1012,Auditax Chartered Accountants,No,1010,11810.79,11810.79,11810.79,11810.79,USR-012,D. Mutasa,Shared Services Clerk,(none),Automatic,ERP-GL,65,Medium,7677.01,Open - referred for investigation,"Second payment of the same supplier invoice. Documentary corroboration (supplier statement, remittance advice) required before recovery is pursued.",
35,JE202402-00520,T01,Duplicate payment,T01,DUPLICATE-PAYMENT,2024-02-04,2024-02-04,2024-02-04 17:55:00,2024-02,6090,Professional and Consulting Fees,Professional fees per invoice INV-29936 vendor V1004,INV-29936,V1004,PackRite Packaging Solutions,No,1010,11306.44,11306.44,11306.44,11306.44,USR-012,D. Mutasa,Shared Services Clerk,(none),Automatic,ERP-GL,65,Medium,7349.19,Open - referred for investigation,"Second payment of the same supplier invoice. Documentary corroboration (supplier statement, remittance advice) required before recovery is pursued.",
36,JE202401-00252,T01,Duplicate payment,T01,DUPLICATE-PAYMENT,2024-01-13,2024-01-13,2024-01-13 13:29:00,2024-01,6090,Professional and Consulting Fees,Professional fees per invoice INV-28805 vendor V1007,INV-28805,V1007,TelStar Communications,No,1010,7573.13,7573.13,7573.13,7573.13,USR-012,D. Mutasa,Shared Services Clerk,(none),Automatic,ERP-GL,85,High,6437.16,Open - referred for investigation,"Second payment of the same supplier invoice. Documentary corroboration (supplier statement, remittance advice) required before recovery is pursued.",
37,JE202505-04455,T01,Duplicate payment,T01,DUPLICATE-PAYMENT,2025-05-07,2025-05-07,2025-05-07 12:33:00,2025-05,6090,Professional and Consulting Fees,Professional fees per invoice INV-28631 vendor V1008,INV-28631,V1008,SecureGuard Security Services,No,1010,12249.99,12249.99,12249.99,12249.99,USR-012,D. Mutasa,Shared Services Clerk,(none),Automatic,ERP-GL,50,Medium,6124.99,Open - referred for investigation,"Second payment of the same supplier invoice. Documentary corroboration (supplier statement, remittance advice) required before recovery is pursued.",
38,JE202404-01055,T01,Duplicate payment,T01,DUPLICATE-PAYMENT,2024-04-08,2024-04-08,2024-04-08 10:16:00,2024-04,6090,Professional and Consulting Fees,Professional fees per invoice INV-25674 vendor V1005,INV-25674,V1005,Logistics Windward Freight,No,1010,12086.73,12086.73,12086.73,12086.73,USR-012,D. Mutasa,Shared Services Clerk,(none),Automatic,ERP-GL,50,Medium,6043.36,Open - referred for investigation,"Second payment of the same supplier invoice. Documentary corroboration (supplier statement, remittance advice) required before recovery is pursued.",
39,JE202404-01056,T01,Duplicate payment,T01,DUPLICATE-PAYMENT,2024-04-15,2024-04-15,2024-04-15 16:15:00,2024-04,6090,Professional and Consulting Fees,Professional fees per invoice INV-25674 vendor V1005,INV-25674,V1005,Logistics Windward Freight,No,1010,12086.73,12086.73,12086.73,12086.73,USR-012,D. Mutasa,Shared Services Clerk,(none),Automatic,ERP-GL,50,Medium,6043.36,Open - referred for investigation,"Second payment of the same supplier invoice. Documentary corroboration (supplier statement, remittance advice) required before recovery is pursued.",
40,JE202503-03910,T01,Duplicate payment,T01,DUPLICATE-PAYMENT,2025-03-07,2025-03-07,2025-03-07 16:00:00,2025-03,6090,Professional and Consulting Fees,Professional fees per invoice INV-28852 vendor V1009,INV-28852,V1009,FuelMax Petroleum,No,1010,12005.24,12005.24,12005.24,12005.24,USR-012,D. Mutasa,Shared Services Clerk,(none),Automatic,ERP-GL,50,Medium,6002.62,Open - referred for investigation,"Second payment of the same supplier invoice. Documentary corroboration (supplier statement, remittance advice) required before recovery is pursued.",
41,JE202503-03911,T01,Duplicate payment,T01,DUPLICATE-PAYMENT,2025-03-19,2025-03-19,2025-03-19 09:55:00,2025-03,6090,Professional and Consulting Fees,Professional fees per invoice INV-28852 vendor V1009,INV-28852,V1009,FuelMax Petroleum,No,1010,12005.24,12005.24,12005.24,12005.24,USR-012,D. Mutasa,Shared Services Clerk,(none),Automatic,ERP-GL,50,Medium,6002.62,Open - referred for investigation,"Second payment of the same supplier invoice. Documentary corroboration (supplier statement, remittance advice) required before recovery is pursued.",
42,JE202403-00790,T01,Duplicate payment,T01,DUPLICATE-PAYMENT,2024-03-21,2024-03-21,2024-03-21 15:44:00,2024-03,6090,Professional and Consulting Fees,Professional fees per invoice INV-27491 vendor V1014,INV-27491,V1014,IT Support Partners (Pvt) Ltd,No,1010,11894.31,11894.31,11894.31,11894.31,USR-012,D. Mutasa,Shared Services Clerk,(none),Automatic,ERP-GL,50,Medium,5947.15,Open - referred for investigation,"Second payment of the same supplier invoice. Documentary corroboration (supplier statement, remittance advice) required before recovery is pursued.",
43,JE202405-01316,T01,Duplicate payment,T01,DUPLICATE-PAYMENT,2024-05-08,2024-05-08,2024-05-08 14:36:00,2024-05,6090,Professional and Consulting Fees,Professional fees per invoice INV-24984 vendor V1018,INV-24984,V1018,AdvertStar Media,No,1010,11824.91,11824.91,11824.91,11824.91,USR-012,D. Mutasa,Shared Services Clerk,(none),Automatic,ERP-GL,50,Medium,5912.45,Open - referred for investigation,"Second payment of the same supplier invoice. Documentary corroboration (supplier statement, remittance advice) required before recovery is pursued.",
44,JE202405-01317,T01,Duplicate payment,T01,DUPLICATE-PAYMENT,2024-05-15,2024-05-15,2024-05-15 09:35:00,2024-05,6090,Professional and Consulting Fees,Professional fees per invoice INV-24984 vendor V1018,INV-24984,V1018,AdvertStar Media,No,1010,11824.91,11824.91,11824.91,11824.91,USR-012,D. Mutasa,Shared Services Clerk,(none),Automatic,ERP-GL,50,Medium,5912.45,Open - referred for investigation,"Second payment of the same supplier invoice. Documentary corroboration (supplier statement, remittance advice) required before recovery is pursued.",
45,JE202508-05234,T01,Duplicate payment,T01,DUPLICATE-PAYMENT,2025-08-06,2025-08-06,2025-08-06 16:24:00,2025-08,6090,Professional and Consulting Fees,Professional fees per invoice INV-29834 vendor V1012,INV-29834,V1012,Auditax Chartered Accountants,No,1010,11810.79,11810.79,11810.79,11810.79,USR-012,D. Mutasa,Shared Services Clerk,(none),Automatic,ERP-GL,50,Medium,5905.4,Open - referred for investigation,"Second payment of the same supplier invoice. Documentary corroboration (supplier statement, remittance advice) required before recovery is pursued.",
46,JE202409-02363,T01,Duplicate payment,T01,DUPLICATE-PAYMENT,2024-09-09,2024-09-09,2024-09-09 08:56:00,2024-09,6090,Professional and Consulting Fees,Professional fees per invoice INV-20207 vendor V1014,INV-20207,V1014,IT Support Partners (Pvt) Ltd,No,1010,11594.43,11594.43,11594.43,11594.43,USR-012,D. Mutasa,Shared Services Clerk,(none),Automatic,ERP-GL,50,Medium,5797.22,Open - referred for investigation,"Second payment of the same supplier invoice. Documentary corroboration (supplier statement, remittance advice) required before recovery is pursued.",
47,JE202409-02364,T01,Duplicate payment,T01,DUPLICATE-PAYMENT,2024-09-17,2024-09-17,2024-09-17 16:51:00,2024-09,6090,Professional and Consulting Fees,Professional fees per invoice INV-20207 vendor V1014,INV-20207,V1014,IT Support Partners (Pvt) Ltd,No,1010,11594.43,11594.43,11594.43,11594.43,USR-012,D. Mutasa,Shared Services Clerk,(none),Automatic,ERP-GL,50,Medium,5797.22,Open - referred for investigation,"Second payment of the same supplier invoice. Documentary corroboration (supplier statement, remittance advice) required before recovery is pursued.",
48,JE202406-01583,T05,Weekend / after-hours journal,T05,WEEKEND-AFTERHOURS,2024-06-29,2024-06-29,2024-06-29 23:31:00,2024-06,6190,Sundry Expenses,Year-end / period adjustment (weekend post),Year-end / period adjust,,,No,1990,12800,12800,12800,12800,USR-012,D. Mutasa,Shared Services Clerk,(none),Manual,Manual-JE,45,Medium,5760,Open - referred for investigation,"Manual journal posted outside business hours, with no approver, recognising an expense against the suspense account. Supporting documentation and authorisation not evidenced.",
49,JE202410-02646,T05,Weekend / after-hours journal,T05,WEEKEND-AFTERHOURS,2024-10-12,2024-10-12,2024-10-12 22:14:00,2024-10,6190,Sundry Expenses,Year-end / period adjustment (weekend post),Year-end / period adjust,,,No,1990,12800,12800,12800,12800,USR-012,D. Mutasa,Shared Services Clerk,(none),Manual,Manual-JE,45,Medium,5760,Open - referred for investigation,"Manual journal posted outside business hours, with no approver, recognising an expense against the suspense account. Supporting documentation and authorisation not evidenced.",
50,JE202503-03915,T05,Weekend / after-hours journal,T05,WEEKEND-AFTERHOURS,2025-03-29,2025-03-29,2025-03-29 23:19:00,2025-03,6190,Sundry Expenses,Year-end / period adjustment (weekend post),Year-end / period adjust,,,No,1990,12800,12800,12800,12800,USR-012,D. Mutasa,Shared Services Clerk,(none),Manual,Manual-JE,45,Medium,5760,Open - referred for investigation,"Manual journal posted outside business hours, with no approver, recognising an expense against the suspense account. Supporting documentation and authorisation not evidenced.",
51,JE202507-04988,T05,Weekend / after-hours journal,T05,WEEKEND-AFTERHOURS,2025-07-06,2025-07-06,2025-07-06 02:11:00,2025-07,6190,Sundry Expenses,Year-end / period adjustment (weekend post),Year-end / period adjust,,,No,1990,12800,12800,12800,12800,USR-012,D. Mutasa,Shared Services Clerk,(none),Manual,Manual-JE,45,Medium,5760,Open - referred for investigation,"Manual journal posted outside business hours, with no approver, recognising an expense against the suspense account. Supporting documentation and authorisation not evidenced.",
52,JE202402-00521,T01,Duplicate payment,T01,DUPLICATE-PAYMENT,2024-02-14,2024-02-14,2024-02-14 12:13:00,2024-02,6090,Professional and Consulting Fees,Professional fees per invoice INV-29936 vendor V1004,INV-29936,V1004,PackRite Packaging Solutions,No,1010,11306.44,11306.44,11306.44,11306.44,USR-012,D. Mutasa,Shared Services Clerk,(none),Automatic,ERP-GL,50,Medium,5653.22,Open - referred for investigation,"Second payment of the same supplier invoice. Documentary corroboration (supplier statement, remittance advice) required before recovery is pursued.",
53,JE202403-00792,T02,Related-party vendor payment,T02,GHOST-VENDOR,2024-03-26,2024-03-26,2024-03-26 12:30:00,2024-03,6090,Professional and Consulting Fees,Consulting services vendor V2004,Consulting services vend,V2004,Meridian Consulting Group,Yes,1010,14045.45,14045.45,14045.45,14045.45,USR-001,T. Makuvaza,Financial Controller,(none),Automatic,ERP-GL,40,Medium,5618.18,Open - referred for investigation,"Payment to a vendor identified in the vendor master as employee-linked, posted outside the accounts-payable payment run with no approver. Propriety of the payment requires corroboration.",
54,JE202401-00251,T01,Duplicate payment,T01,DUPLICATE-PAYMENT,2024-01-03,2024-01-03,2024-01-03 15:01:00,2024-01,6090,Professional and Consulting Fees,Professional fees per invoice INV-28805 vendor V1007,INV-28805,V1007,TelStar Communications,No,1010,7573.13,7573.13,7573.13,7573.13,USR-012,D. Mutasa,Shared Services Clerk,(none),Automatic,ERP-GL,70,High,5301.19,Open - referred for investigation,"Second payment of the same supplier invoice. Documentary corroboration (supplier statement, remittance advice) required before recovery is pursued.",
55,JE202502-03662,T01,Duplicate payment,T01,DUPLICATE-PAYMENT,2025-02-23,2025-02-23,2025-02-23 10:06:00,2025-02,6090,Professional and Consulting Fees,Professional fees per invoice INV-27409 vendor V1004,INV-27409,V1004,PackRite Packaging Solutions,No,1010,7948.09,7948.09,7948.09,7948.09,USR-012,D. Mutasa,Shared Services Clerk,(none),Automatic,ERP-GL,65,Medium,5166.26,Open - referred for investigation,"Second payment of the same supplier invoice. Documentary corroboration (supplier statement, remittance advice) required before recovery is pursued.",
56,JE202501-03408,T01,Duplicate payment,T01,DUPLICATE-PAYMENT,2025-01-05,2025-01-05,2025-01-05 10:17:00,2025-01,6090,Professional and Consulting Fees,Professional fees per invoice INV-24370 vendor V1003,INV-24370,V1003,ChemPro Industrial Chemicals,No,1010,7657.95,7657.95,7657.95,7657.95,USR-012,D. Mutasa,Shared Services Clerk,(none),Automatic,ERP-GL,65,Medium,4977.67,Open - referred for investigation,"Second payment of the same supplier invoice. Documentary corroboration (supplier statement, remittance advice) required before recovery is pursued.",
57,JE202501-03409,T01,Duplicate payment,T01,DUPLICATE-PAYMENT,2025-01-11,2025-01-11,2025-01-11 09:27:00,2025-01,6090,Professional and Consulting Fees,Professional fees per invoice INV-24370 vendor V1003,INV-24370,V1003,ChemPro Industrial Chemicals,No,1010,7657.95,7657.95,7657.95,7657.95,USR-012,D. Mutasa,Shared Services Clerk,(none),Automatic,ERP-GL,65,Medium,4977.67,Open - referred for investigation,"Second payment of the same supplier invoice. Documentary corroboration (supplier statement, remittance advice) required before recovery is pursued.",
58,JE202404-01061,T06,Segregation-of-duties breach,T06,SOD-RARE-COMBO,2024-04-22,2024-04-22,2024-04-22 17:29:00,2024-04,4010,Revenue - Trading / Resale,Credit note / revenue reclass by AP clerk,Credit note / revenue re,,,No,1100,16400,16400,16400,16400,USR-002,R. Chikafu,Accounts Payable Clerk,(none),Manual,Manual-JE,30,Low,4920,Open - referred for investigation,"Revenue credit note posted by the accounts-payable clerk, outside the user's authorised role. System rights and the credit-note documentation require review.",
59,JE202407-01845,T06,Segregation-of-duties breach,T06,SOD-RARE-COMBO,2024-07-16,2024-07-16,2024-07-16 08:57:00,2024-07,4010,Revenue - Trading / Resale,Credit note / revenue reclass by AP clerk,Credit note / revenue re,,,No,1100,16400,16400,16400,16400,USR-002,R. Chikafu,Accounts Payable Clerk,(none),Manual,Manual-JE,30,Low,4920,Open - referred for investigation,"Revenue credit note posted by the accounts-payable clerk, outside the user's authorised role. System rights and the credit-note documentation require review.",
60,JE202409-02370,T06,Segregation-of-duties breach,T06,SOD-RARE-COMBO,2024-09-11,2024-09-11,2024-09-11 08:51:00,2024-09,4010,Revenue - Trading / Resale,Credit note / revenue reclass by AP clerk,Credit note / revenue re,,,No,1100,16400,16400,16400,16400,USR-002,R. Chikafu,Accounts Payable Clerk,(none),Manual,Manual-JE,30,Low,4920,Open - referred for investigation,"Revenue credit note posted by the accounts-payable clerk, outside the user's authorised role. System rights and the credit-note documentation require review.",
61,JE202506-04733,T06,Segregation-of-duties breach,T06,SOD-RARE-COMBO,2025-06-18,2025-06-18,2025-06-18 16:24:00,2025-06,4010,Revenue - Trading / Resale,Credit note / revenue reclass by AP clerk,Credit note / revenue re,,,No,1100,16400,16400,16400,16400,USR-002,R. Chikafu,Accounts Payable Clerk,(none),Manual,Manual-JE,30,Low,4920,Open - referred for investigation,"Revenue credit note posted by the accounts-payable clerk, outside the user's authorised role. System rights and the credit-note documentation require review.",
62,JE202410-02644,T01,Duplicate payment,T01,DUPLICATE-PAYMENT,2024-10-20,2024-10-20,2024-10-20 13:45:00,2024-10,6090,Professional and Consulting Fees,Professional fees per invoice INV-21113 vendor V1006,INV-21113,V1006,PowerCo Utilities Zimbabwe,No,1010,7411.71,7411.71,7411.71,7411.71,USR-012,D. Mutasa,Shared Services Clerk,(none),Automatic,ERP-GL,65,Medium,4817.61,Open - referred for investigation,"Second payment of the same supplier invoice. Documentary corroboration (supplier statement, remittance advice) required before recovery is pursued.",
63,JE202406-01579,T01,Duplicate payment,T01,DUPLICATE-PAYMENT,2024-06-08,2024-06-08,2024-06-08 14:10:00,2024-06,6090,Professional and Consulting Fees,Professional fees per invoice INV-20920 vendor V1011,INV-20920,V1011,LegalVault Attorneys,No,1010,7389.18,7389.18,7389.18,7389.18,USR-012,D. Mutasa,Shared Services Clerk,(none),Automatic,ERP-GL,65,Medium,4802.97,Open - referred for investigation,"Second payment of the same supplier invoice. Documentary corroboration (supplier statement, remittance advice) required before recovery is pursued.",
64,JE202502-03665,T02,Related-party vendor payment,T02,GHOST-VENDOR,2025-02-21,2025-02-21,2025-02-21 17:31:00,2025-02,6090,Professional and Consulting Fees,Consulting services vendor V2002,Consulting services vend,V2002,Zhou Logistics & Advisory,Yes,1010,22178.13,22178.13,22178.13,22178.13,USR-001,T. Makuvaza,Financial Controller,(none),Automatic,ERP-GL,20,Low,4435.63,Open - referred for investigation,"Payment to a vendor identified in the vendor master as employee-linked, posted outside the accounts-payable payment run with no approver. Propriety of the payment requires corroboration.",
65,JE202504-04191,T02,Related-party vendor payment,T02,GHOST-VENDOR,2025-04-25,2025-04-25,2025-04-25 10:10:00,2025-04,6090,Professional and Consulting Fees,Consulting services vendor V2004,Consulting services vend,V2004,Meridian Consulting Group,Yes,1010,20588.63,20588.63,20588.63,20588.63,USR-001,T. Makuvaza,Financial Controller,(none),Automatic,ERP-GL,20,Low,4117.73,Open - referred for investigation,"Payment to a vendor identified in the vendor master as employee-linked, posted outside the accounts-payable payment run with no approver. Propriety of the payment requires corroboration.",
66,JE202506-04726,T01,Duplicate payment,T01,DUPLICATE-PAYMENT,2025-06-10,2025-06-10,2025-06-10 09:19:00,2025-06,6090,Professional and Consulting Fees,Professional fees per invoice INV-25628 vendor V1003,INV-25628,V1003,ChemPro Industrial Chemicals,No,1010,7962.45,7962.45,7962.45,7962.45,USR-012,D. Mutasa,Shared Services Clerk,(none),Automatic,ERP-GL,50,Medium,3981.22,Open - referred for investigation,"Second payment of the same supplier invoice. Documentary corroboration (supplier statement, remittance advice) required before recovery is pursued.",
67,JE202506-04727,T01,Duplicate payment,T01,DUPLICATE-PAYMENT,2025-06-16,2025-06-16,2025-06-16 12:13:00,2025-06,6090,Professional and Consulting Fees,Professional fees per invoice INV-25628 vendor V1003,INV-25628,V1003,ChemPro Industrial Chemicals,No,1010,7962.45,7962.45,7962.45,7962.45,USR-012,D. Mutasa,Shared Services Clerk,(none),Automatic,ERP-GL,50,Medium,3981.22,Open - referred for investigation,"Second payment of the same supplier invoice. Documentary corroboration (supplier statement, remittance advice) required before recovery is pursued.",
68,JE202502-03661,T01,Duplicate payment,T01,DUPLICATE-PAYMENT,2025-02-11,2025-02-11,2025-02-11 16:58:00,2025-02,6090,Professional and Consulting Fees,Professional fees per invoice INV-27409 vendor V1004,INV-27409,V1004,PackRite Packaging Solutions,No,1010,7948.09,7948.09,7948.09,7948.09,USR-012,D. Mutasa,Shared Services Clerk,(none),Automatic,ERP-GL,50,Medium,3974.05,Open - referred for investigation,"Second payment of the same supplier invoice. Documentary corroboration (supplier statement, remittance advice) required before recovery is pursued.",
69,JE202405-01318,T03,Approval-threshold avoidance,T03,ROUND-NUMBER-THRESHOLD,2024-05-06,2024-05-06,2024-05-06 14:06:00,2024-05,6140,Consumables and Packaging,Supply of consumables vendor V1006,Supply of consumables ve,V1006,PowerCo Utilities Zimbabwe,No,1010,9900,9900,9900,9900,USR-002,R. Chikafu,Accounts Payable Clerk,(none),Automatic,ERP-GL,40,Medium,3960,Open - referred for investigation,"Procurement payment sitting immediately below the purchase-order or approval limit, in a round amount, with no purchase order on file.",
70,JE202406-01582,T03,Approval-threshold avoidance,T03,ROUND-NUMBER-THRESHOLD,2024-06-05,2024-06-05,2024-06-05 14:36:00,2024-06,6140,Consumables and Packaging,Supply of consumables vendor V1002,Supply of consumables ve,V1002,PolyPlas Holdings (Pvt) Ltd,No,1010,9900,9900,9900,9900,USR-002,R. Chikafu,Accounts Payable Clerk,(none),Automatic,ERP-GL,40,Medium,3960,Open - referred for investigation,"Procurement payment sitting immediately below the purchase-order or approval limit, in a round amount, with no purchase order on file.",
71,JE202401-00254,T03,Approval-threshold avoidance,T03,ROUND-NUMBER-THRESHOLD,2024-01-23,2024-01-23,2024-01-23 16:51:00,2024-01,6140,Consumables and Packaging,Supply of consumables vendor V1006,Supply of consumables ve,V1006,PowerCo Utilities Zimbabwe,No,1010,9750,9750,9750,9750,USR-002,R. Chikafu,Accounts Payable Clerk,(none),Automatic,ERP-GL,40,Medium,3900,Open - referred for investigation,"Procurement payment sitting immediately below the purchase-order or approval limit, in a round amount, with no purchase order on file.",
72,JE202507-04984,T01,Duplicate payment,T01,DUPLICATE-PAYMENT,2025-07-10,2025-07-10,2025-07-10 12:22:00,2025-07,6090,Professional and Consulting Fees,Professional fees per invoice INV-27942 vendor V1010,INV-27942,V1010,InsureCorp Brokers,No,1010,7584.84,7584.84,7584.84,7584.84,USR-012,D. Mutasa,Shared Services Clerk,(none),Automatic,ERP-GL,50,Medium,3792.42,Open - referred for investigation,"Second payment of the same supplier invoice. Documentary corroboration (supplier statement, remittance advice) required before recovery is pursued.",
73,JE202507-04985,T01,Duplicate payment,T01,DUPLICATE-PAYMENT,2025-07-15,2025-07-15,2025-07-15 13:57:00,2025-07,6090,Professional and Consulting Fees,Professional fees per invoice INV-27942 vendor V1010,INV-27942,V1010,InsureCorp Brokers,No,1010,7584.84,7584.84,7584.84,7584.84,USR-012,D. Mutasa,Shared Services Clerk,(none),Automatic,ERP-GL,50,Medium,3792.42,Open - referred for investigation,"Second payment of the same supplier invoice. Documentary corroboration (supplier statement, remittance advice) required before recovery is pursued.",
74,JE202504-04188,T01,Duplicate payment,T01,DUPLICATE-PAYMENT,2025-04-09,2025-04-09,2025-04-09 16:52:00,2025-04,6090,Professional and Consulting Fees,Professional fees per invoice INV-24112 vendor V1002,INV-24112,V1002,PolyPlas Holdings (Pvt) Ltd,No,1010,7437.56,7437.56,7437.56,7437.56,USR-012,D. Mutasa,Shared Services Clerk,(none),Automatic,ERP-GL,50,Medium,3718.78,Open - referred for investigation,"Second payment of the same supplier invoice. Documentary corroboration (supplier statement, remittance advice) required before recovery is pursued.",
75,JE202504-04189,T01,Duplicate payment,T01,DUPLICATE-PAYMENT,2025-04-17,2025-04-17,2025-04-17 15:20:00,2025-04,6090,Professional and Consulting Fees,Professional fees per invoice INV-24112 vendor V1002,INV-24112,V1002,PolyPlas Holdings (Pvt) Ltd,No,1010,7437.56,7437.56,7437.56,7437.56,USR-012,D. Mutasa,Shared Services Clerk,(none),Automatic,ERP-GL,50,Medium,3718.78,Open - referred for investigation,"Second payment of the same supplier invoice. Documentary corroboration (supplier statement, remittance advice) required before recovery is pursued.",
76,JE202410-02643,T01,Duplicate payment,T01,DUPLICATE-PAYMENT,2024-10-09,2024-10-09,2024-10-09 12:11:00,2024-10,6090,Professional and Consulting Fees,Professional fees per invoice INV-21113 vendor V1006,INV-21113,V1006,PowerCo Utilities Zimbabwe,No,1010,7411.71,7411.71,7411.71,7411.71,USR-012,D. Mutasa,Shared Services Clerk,(none),Automatic,ERP-GL,50,Medium,3705.86,Open - referred for investigation,"Second payment of the same supplier invoice. Documentary corroboration (supplier statement, remittance advice) required before recovery is pursued.",
77,JE202406-01580,T01,Duplicate payment,T01,DUPLICATE-PAYMENT,2024-06-13,2024-06-13,2024-06-13 17:08:00,2024-06,6090,Professional and Consulting Fees,Professional fees per invoice INV-20920 vendor V1011,INV-20920,V1011,LegalVault Attorneys,No,1010,7389.18,7389.18,7389.18,7389.18,USR-012,D. Mutasa,Shared Services Clerk,(none),Automatic,ERP-GL,50,Medium,3694.59,Open - referred for investigation,"Second payment of the same supplier invoice. Documentary corroboration (supplier statement, remittance advice) required before recovery is pursued.",
78,JE202407-01838,T01,Duplicate payment,T01,DUPLICATE-PAYMENT,2024-07-21,2024-07-21,2024-07-21 15:43:00,2024-07,6090,Professional and Consulting Fees,Professional fees per invoice INV-20557 vendor V1008,INV-20557,V1008,SecureGuard Security Services,No,1010,4132.71,4132.71,4132.71,4132.71,USR-012,D. Mutasa,Shared Services Clerk,(none),Automatic,ERP-GL,85,High,3512.8,Open - referred for investigation,"Second payment of the same supplier invoice. Documentary corroboration (supplier statement, remittance advice) required before recovery is pursued.",
79,JE202402-00522,T03,Approval-threshold avoidance,T03,ROUND-NUMBER-THRESHOLD,2024-02-17,2024-02-17,2024-02-17 09:11:00,2024-02,6140,Consumables and Packaging,Supply of consumables vendor V1016,Supply of consumables ve,V1016,MainTek Engineering Services,No,1010,9900,9900,9900,9900,USR-002,R. Chikafu,Accounts Payable Clerk,(none),Automatic,ERP-GL,35,Low,3465,Open - referred for investigation,"Procurement payment sitting immediately below the purchase-order or approval limit, in a round amount, with no purchase order on file.",
80,JE202411-02914,T03,Approval-threshold avoidance,T03,ROUND-NUMBER-THRESHOLD,2024-11-09,2024-11-09,2024-11-09 16:13:00,2024-11,6140,Consumables and Packaging,Supply of consumables vendor V1009,Supply of consumables ve,V1009,FuelMax Petroleum,No,1010,9750,9750,9750,9750,USR-002,R. Chikafu,Accounts Payable Clerk,(none),Automatic,ERP-GL,35,Low,3412.5,Open - referred for investigation,"Procurement payment sitting immediately below the purchase-order or approval limit, in a round amount, with no purchase order on file.",
81,JE202407-01842,T05,Weekend / after-hours journal,T05,WEEKEND-AFTERHOURS,2024-07-14,2024-07-14,2024-07-14 22:38:00,2024-07,6190,Sundry Expenses,Year-end / period adjustment (weekend post),Year-end / period adjust,,,No,1990,7400,7400,7400,7400,USR-012,D. Mutasa,Shared Services Clerk,(none),Manual,Manual-JE,45,Medium,3330,Open - referred for investigation,"Manual journal posted outside business hours, with no approver, recognising an expense against the suspense account. Supporting documentation and authorisation not evidenced.",
82,JE202412-03165,T05,Weekend / after-hours journal,T05,WEEKEND-AFTERHOURS,2024-12-07,2024-12-07,2024-12-07 23:23:00,2024-12,6190,Sundry Expenses,Year-end / period adjustment (weekend post),Year-end / period adjust,,,No,1990,7400,7400,7400,7400,USR-012,D. Mutasa,Shared Services Clerk,(none),Manual,Manual-JE,45,Medium,3330,Open - referred for investigation,"Manual journal posted outside business hours, with no approver, recognising an expense against the suspense account. Supporting documentation and authorisation not evidenced.",
83,JE202505-04459,T05,Weekend / after-hours journal,T05,WEEKEND-AFTERHOURS,2025-05-24,2025-05-24,2025-05-24 02:01:00,2025-05,6190,Sundry Expenses,Year-end / period adjustment (weekend post),Year-end / period adjust,,,No,1990,7400,7400,7400,7400,USR-012,D. Mutasa,Shared Services Clerk,(none),Manual,Manual-JE,45,Medium,3330,Open - referred for investigation,"Manual journal posted outside business hours, with no approver, recognising an expense against the suspense account. Supporting documentation and authorisation not evidenced.",
84,JE202508-05238,T05,Weekend / after-hours journal,T05,WEEKEND-AFTERHOURS,2025-08-17,2025-08-17,2025-08-17 04:07:00,2025-08,6190,Sundry Expenses,Year-end / period adjustment (weekend post),Year-end / period adjust,,,No,1990,7400,7400,7400,7400,USR-012,D. Mutasa,Shared Services Clerk,(none),Manual,Manual-JE,45,Medium,3330,Open - referred for investigation,"Manual journal posted outside business hours, with no approver, recognising an expense against the suspense account. Supporting documentation and authorisation not evidenced.",
85,JE202508-05237,T02,Related-party vendor payment,T02,GHOST-VENDOR,2025-08-25,2025-08-25,2025-08-25 12:06:00,2025-08,6090,Professional and Consulting Fees,Consulting services vendor V2004,Consulting services vend,V2004,Meridian Consulting Group,Yes,1010,16052.69,16052.69,16052.69,16052.69,USR-001,T. Makuvaza,Financial Controller,(none),Automatic,ERP-GL,20,Low,3210.54,Open - referred for investigation,"Payment to a vendor identified in the vendor master as employee-linked, posted outside the accounts-payable payment run with no approver. Propriety of the payment requires corroboration.",
86,JE202506-04729,T02,Related-party vendor payment,T02,GHOST-VENDOR,2025-06-09,2025-06-09,2025-06-09 09:13:00,2025-06,6090,Professional and Consulting Fees,Consulting services vendor V2004,Consulting services vend,V2004,Meridian Consulting Group,Yes,1010,14736.16,14736.16,14736.16,14736.16,USR-001,T. Makuvaza,Financial Controller,(none),Automatic,ERP-GL,20,Low,2947.23,Open - referred for investigation,"Payment to a vendor identified in the vendor master as employee-linked, posted outside the accounts-payable payment run with no approver. Propriety of the payment requires corroboration.",
87,JE202406-01586,T06,Segregation-of-duties breach,T06,SOD-RARE-COMBO,2024-06-24,2024-06-24,2024-06-24 09:51:00,2024-06,4010,Revenue - Trading / Resale,Credit note / revenue reclass by AP clerk,Credit note / revenue re,,,No,1100,9800,9800,9800,9800,USR-002,R. Chikafu,Accounts Payable Clerk,(none),Manual,Manual-JE,30,Low,2940,Open - referred for investigation,"Revenue credit note posted by the accounts-payable clerk, outside the user's authorised role. System rights and the credit-note documentation require review.",
88,JE202501-03415,T06,Segregation-of-duties breach,T06,SOD-RARE-COMBO,2025-01-16,2025-01-16,2025-01-16 13:16:00,2025-01,4010,Revenue - Trading / Resale,Credit note / revenue reclass by AP clerk,Credit note / revenue re,,,No,1100,9800,9800,9800,9800,USR-002,R. Chikafu,Accounts Payable Clerk,(none),Manual,Manual-JE,30,Low,2940,Open - referred for investigation,"Revenue credit note posted by the accounts-payable clerk, outside the user's authorised role. System rights and the credit-note documentation require review.",
89,JE202502-03669,T06,Segregation-of-duties breach,T06,SOD-RARE-COMBO,2025-02-11,2025-02-11,2025-02-11 11:51:00,2025-02,4010,Revenue - Trading / Resale,Credit note / revenue reclass by AP clerk,Credit note / revenue re,,,No,1100,9800,9800,9800,9800,USR-002,R. Chikafu,Accounts Payable Clerk,(none),Manual,Manual-JE,30,Low,2940,Open - referred for investigation,"Revenue credit note posted by the accounts-payable clerk, outside the user's authorised role. System rights and the credit-note documentation require review.",
90,JE202503-03918,T06,Segregation-of-duties breach,T06,SOD-RARE-COMBO,2025-03-17,2025-03-17,2025-03-17 15:59:00,2025-03,4010,Revenue - Trading / Resale,Credit note / revenue reclass by AP clerk,Credit note / revenue re,,,No,1100,9800,9800,9800,9800,USR-002,R. Chikafu,Accounts Payable Clerk,(none),Manual,Manual-JE,30,Low,2940,Open - referred for investigation,"Revenue credit note posted by the accounts-payable clerk, outside the user's authorised role. System rights and the credit-note documentation require review.",
91,JE202505-04462,T06,Segregation-of-duties breach,T06,SOD-RARE-COMBO,2025-05-20,2025-05-20,2025-05-20 10:50:00,2025-05,4010,Revenue - Trading / Resale,Credit note / revenue reclass by AP clerk,Credit note / revenue re,,,No,1100,9800,9800,9800,9800,USR-002,R. Chikafu,Accounts Payable Clerk,(none),Manual,Manual-JE,30,Low,2940,Open - referred for investigation,"Revenue credit note posted by the accounts-payable clerk, outside the user's authorised role. System rights and the credit-note documentation require review.",
92,JE202407-01837,T01,Duplicate payment,T01,DUPLICATE-PAYMENT,2024-07-11,2024-07-11,2024-07-11 10:37:00,2024-07,6090,Professional and Consulting Fees,Professional fees per invoice INV-20557 vendor V1008,INV-20557,V1008,SecureGuard Security Services,No,1010,4132.71,4132.71,4132.71,4132.71,USR-012,D. Mutasa,Shared Services Clerk,(none),Automatic,ERP-GL,70,High,2892.9,Open - referred for investigation,"Second payment of the same supplier invoice. Documentary corroboration (supplier statement, remittance advice) required before recovery is pursued.",
93,JE202402-00525,T04,Split purchase,T04,SPLIT-PURCHASE,2024-02-11,2024-02-11,2024-02-11 16:27:00,2024-02,6040,Repairs and Maintenance,Engineering spares part 1/2 vendor V1006,Engineering spares part ,V1006,PowerCo Utilities Zimbabwe,No,2000,4640.71,4640.71,4640.71,4640.71,USR-002,R. Chikafu,Accounts Payable Clerk,(none),Automatic,ERP-GL,55,Medium,2552.39,Open - referred for investigation,Two identical invoices to the same vendor within days whose combined value exceeds the purchase-order threshold; no approval for the combined commitment was identified.,
94,JE202505-04460,T04,Split purchase,T04,SPLIT-PURCHASE,2025-05-17,2025-05-17,2025-05-17 16:32:00,2025-05,6040,Repairs and Maintenance,Engineering spares part 1/2 vendor V1004,Engineering spares part ,V1004,PackRite Packaging Solutions,No,2000,6349.66,6349.66,6349.66,6349.66,USR-002,R. Chikafu,Accounts Payable Clerk,(none),Automatic,ERP-GL,35,Low,2222.38,Open - referred for investigation,Two identical invoices to the same vendor within days whose combined value exceeds the purchase-order threshold; no approval for the combined commitment was identified.,
95,JE202404-01059,T04,Split purchase,T04,SPLIT-PURCHASE,2024-04-15,2024-04-15,2024-04-15 14:40:00,2024-04,6040,Repairs and Maintenance,Engineering spares part 1/2 vendor V1008,Engineering spares part ,V1008,SecureGuard Security Services,No,2000,5425.48,5425.48,5425.48,5425.48,USR-002,R. Chikafu,Accounts Payable Clerk,(none),Automatic,ERP-GL,40,Medium,2170.19,Open - referred for investigation,Two identical invoices to the same vendor within days whose combined value exceeds the purchase-order threshold; no approval for the combined commitment was identified.,
96,JE202404-01060,T04,Split purchase,T04,SPLIT-PURCHASE,2024-04-17,2024-04-17,2024-04-17 11:06:00,2024-04,6040,Repairs and Maintenance,Engineering spares part 2/2 vendor V1008,Engineering spares part ,V1008,SecureGuard Security Services,No,2000,5425.48,5425.48,5425.48,5425.48,USR-002,R. Chikafu,Accounts Payable Clerk,(none),Automatic,ERP-GL,40,Medium,2170.19,Open - referred for investigation,Two identical invoices to the same vendor within days whose combined value exceeds the purchase-order threshold; no approval for the combined commitment was identified.,
97,JE202409-02368,T04,Split purchase,T04,SPLIT-PURCHASE,2024-09-08,2024-09-08,2024-09-08 16:14:00,2024-09,6040,Repairs and Maintenance,Engineering spares part 1/2 vendor V1012,Engineering spares part ,V1012,Auditax Chartered Accountants,No,2000,6104.66,6104.66,6104.66,6104.66,USR-002,R. Chikafu,Accounts Payable Clerk,(none),Automatic,ERP-GL,35,Low,2136.63,Open - referred for investigation,Two identical invoices to the same vendor within days whose combined value exceeds the purchase-order threshold; no approval for the combined commitment was identified.,
98,JE202506-04731,T04,Split purchase,T04,SPLIT-PURCHASE,2025-06-15,2025-06-15,2025-06-15 13:04:00,2025-06,6040,Repairs and Maintenance,Engineering spares part 1/2 vendor V1017,Engineering spares part ,V1017,CleanServ Facilities,No,2000,6069.27,6069.27,6069.27,6069.27,USR-002,R. Chikafu,Accounts Payable Clerk,(none),Automatic,ERP-GL,35,Low,2124.24,Open - referred for investigation,Two identical invoices to the same vendor within days whose combined value exceeds the purchase-order threshold; no approval for the combined commitment was identified.,
99,JE202509-05497,T01,Duplicate payment,T01,DUPLICATE-PAYMENT,2025-09-08,2025-09-08,2025-09-08 09:14:00,2025-09,6090,Professional and Consulting Fees,Professional fees per invoice INV-27533 vendor V1016,INV-27533,V1016,MainTek Engineering Services,No,1010,4203.1,4203.1,4203.1,4203.1,USR-012,D. Mutasa,Shared Services Clerk,(none),Automatic,ERP-GL,50,Medium,2101.55,Open - referred for investigation,"Second payment of the same supplier invoice. Documentary corroboration (supplier statement, remittance advice) required before recovery is pursued.",
100,JE202509-05498,T01,Duplicate payment,T01,DUPLICATE-PAYMENT,2025-09-16,2025-09-16,2025-09-16 09:15:00,2025-09,6090,Professional and Consulting Fees,Professional fees per invoice INV-27533 vendor V1016,INV-27533,V1016,MainTek Engineering Services,No,1010,4203.1,4203.1,4203.1,4203.1,USR-012,D. Mutasa,Shared Services Clerk,(none),Automatic,ERP-GL,50,Medium,2101.55,Open - referred for investigation,"Second payment of the same supplier invoice. Documentary corroboration (supplier statement, remittance advice) required before recovery is pursued.",
101,JE202411-02912,T01,Duplicate payment,T01,DUPLICATE-PAYMENT,2024-11-06,2024-11-06,2024-11-06 10:49:00,2024-11,6090,Professional and Consulting Fees,Professional fees per invoice INV-27322 vendor V1018,INV-27322,V1018,AdvertStar Media,No,1010,4144.63,4144.63,4144.63,4144.63,USR-012,D. Mutasa,Shared Services Clerk,(none),Automatic,ERP-GL,50,Medium,2072.32,Open - referred for investigation,"Second payment of the same supplier invoice. Documentary corroboration (supplier statement, remittance advice) required before recovery is pursued.",
102,JE202411-02913,T01,Duplicate payment,T01,DUPLICATE-PAYMENT,2024-11-11,2024-11-11,2024-11-11 17:45:00,2024-11,6090,Professional and Consulting Fees,Professional fees per invoice INV-27322 vendor V1018,INV-27322,V1018,AdvertStar Media,No,1010,4144.63,4144.63,4144.63,4144.63,USR-012,D. Mutasa,Shared Services Clerk,(none),Automatic,ERP-GL,50,Medium,2072.32,Open - referred for investigation,"Second payment of the same supplier invoice. Documentary corroboration (supplier statement, remittance advice) required before recovery is pursued.",
103,JE202412-03162,T01,Duplicate payment,T01,DUPLICATE-PAYMENT,2024-12-04,2024-12-04,2024-12-04 17:17:00,2024-12,6090,Professional and Consulting Fees,Professional fees per invoice INV-21375 vendor V1018,INV-21375,V1018,AdvertStar Media,No,1010,4101.91,4101.91,4101.91,4101.91,USR-012,D. Mutasa,Shared Services Clerk,(none),Automatic,ERP-GL,50,Medium,2050.95,Open - referred for investigation,"Second payment of the same supplier invoice. Documentary corroboration (supplier statement, remittance advice) required before recovery is pursued.",
104,JE202412-03163,T01,Duplicate payment,T01,DUPLICATE-PAYMENT,2024-12-11,2024-12-11,2024-12-11 13:57:00,2024-12,6090,Professional and Consulting Fees,Professional fees per invoice INV-21375 vendor V1018,INV-21375,V1018,AdvertStar Media,No,1010,4101.91,4101.91,4101.91,4101.91,USR-012,D. Mutasa,Shared Services Clerk,(none),Automatic,ERP-GL,50,Medium,2050.95,Open - referred for investigation,"Second payment of the same supplier invoice. Documentary corroboration (supplier statement, remittance advice) required before recovery is pursued.",
105,JE202402-00523,T03,Approval-threshold avoidance,T03,ROUND-NUMBER-THRESHOLD,2024-02-19,2024-02-19,2024-02-19 17:07:00,2024-02,6140,Consumables and Packaging,Supply of consumables vendor V1016,Supply of consumables ve,V1016,MainTek Engineering Services,No,1010,9900,9900,9900,9900,USR-002,R. Chikafu,Accounts Payable Clerk,(none),Automatic,ERP-GL,20,Low,1980,Open - referred for investigation,"Procurement payment sitting immediately below the purchase-order or approval limit, in a round amount, with no purchase order on file.",
106,JE202408-02087,T03,Approval-threshold avoidance,T03,ROUND-NUMBER-THRESHOLD,2024-08-06,2024-08-06,2024-08-06 14:44:00,2024-08,6140,Consumables and Packaging,Supply of consumables vendor V1012,Supply of consumables ve,V1012,Auditax Chartered Accountants,No,1010,9900,9900,9900,9900,USR-002,R. Chikafu,Accounts Payable Clerk,(none),Automatic,ERP-GL,20,Low,1980,Open - referred for investigation,"Procurement payment sitting immediately below the purchase-order or approval limit, in a round amount, with no purchase order on file.",
107,JE202408-02088,T03,Approval-threshold avoidance,T03,ROUND-NUMBER-THRESHOLD,2024-08-07,2024-08-07,2024-08-07 10:45:00,2024-08,6140,Consumables and Packaging,Supply of consumables vendor V1003,Supply of consumables ve,V1003,ChemPro Industrial Chemicals,No,1010,9900,9900,9900,9900,USR-002,R. Chikafu,Accounts Payable Clerk,(none),Automatic,ERP-GL,20,Low,1980,Open - referred for investigation,"Procurement payment sitting immediately below the purchase-order or approval limit, in a round amount, with no purchase order on file.",
108,JE202406-01581,T03,Approval-threshold avoidance,T03,ROUND-NUMBER-THRESHOLD,2024-06-20,2024-06-20,2024-06-20 08:33:00,2024-06,6140,Consumables and Packaging,Supply of consumables vendor V1012,Supply of consumables ve,V1012,Auditax Chartered Accountants,No,1010,9750,9750,9750,9750,USR-002,R. Chikafu,Accounts Payable Clerk,(none),Automatic,ERP-GL,20,Low,1950,Open - referred for investigation,"Procurement payment sitting immediately below the purchase-order or approval limit, in a round amount, with no purchase order on file.",
109,JE202503-03912,T03,Approval-threshold avoidance,T03,ROUND-NUMBER-THRESHOLD,2025-03-17,2025-03-17,2025-03-17 17:11:00,2025-03,6140,Consumables and Packaging,Supply of consumables vendor V1018,Supply of consumables ve,V1018,AdvertStar Media,No,1010,9750,9750,9750,9750,USR-002,R. Chikafu,Accounts Payable Clerk,(none),Automatic,ERP-GL,20,Low,1950,Open - referred for investigation,"Procurement payment sitting immediately below the purchase-order or approval limit, in a round amount, with no purchase order on file.",
110,JE202506-04728,T03,Approval-threshold avoidance,T03,ROUND-NUMBER-THRESHOLD,2025-06-20,2025-06-20,2025-06-20 14:03:00,2025-06,6140,Consumables and Packaging,Supply of consumables vendor V1012,Supply of consumables ve,V1012,Auditax Chartered Accountants,No,1010,9750,9750,9750,9750,USR-002,R. Chikafu,Accounts Payable Clerk,(none),Automatic,ERP-GL,20,Low,1950,Open - referred for investigation,"Procurement payment sitting immediately below the purchase-order or approval limit, in a round amount, with no purchase order on file.",
111,JE202509-05499,T03,Approval-threshold avoidance,T03,ROUND-NUMBER-THRESHOLD,2025-09-12,2025-09-12,2025-09-12 14:18:00,2025-09,6140,Consumables and Packaging,Supply of consumables vendor V1003,Supply of consumables ve,V1003,ChemPro Industrial Chemicals,No,1010,9750,9750,9750,9750,USR-002,R. Chikafu,Accounts Payable Clerk,(none),Automatic,ERP-GL,20,Low,1950,Open - referred for investigation,"Procurement payment sitting immediately below the purchase-order or approval limit, in a round amount, with no purchase order on file.",
112,JE202507-04989,T04,Split purchase,T04,SPLIT-PURCHASE,2025-07-05,2025-07-05,2025-07-05 10:10:00,2025-07,6040,Repairs and Maintenance,Engineering spares part 1/2 vendor V1010,Engineering spares part ,V1010,InsureCorp Brokers,No,2000,5426.41,5426.41,5426.41,5426.41,USR-002,R. Chikafu,Accounts Payable Clerk,(none),Automatic,ERP-GL,35,Low,1899.24,Open - referred for investigation,Two identical invoices to the same vendor within days whose combined value exceeds the purchase-order threshold; no approval for the combined commitment was identified.,
113,JE202501-03413,T04,Split purchase,T04,SPLIT-PURCHASE,2025-01-12,2025-01-12,2025-01-12 10:19:00,2025-01,6040,Repairs and Maintenance,Engineering spares part 1/2 vendor V1007,Engineering spares part ,V1007,TelStar Communications,No,2000,5357.93,5357.93,5357.93,5357.93,USR-002,R. Chikafu,Accounts Payable Clerk,(none),Automatic,ERP-GL,35,Low,1875.28,Open - referred for investigation,Two identical invoices to the same vendor within days whose combined value exceeds the purchase-order threshold; no approval for the combined commitment was identified.,
114,JE202402-00526,T04,Split purchase,T04,SPLIT-PURCHASE,2024-02-13,2024-02-13,2024-02-13 11:58:00,2024-02,6040,Repairs and Maintenance,Engineering spares part 2/2 vendor V1006,Engineering spares part ,V1006,PowerCo Utilities Zimbabwe,No,2000,4640.71,4640.71,4640.71,4640.71,USR-002,R. Chikafu,Accounts Payable Clerk,(none),Automatic,ERP-GL,40,Medium,1856.28,Open - referred for investigation,Two identical invoices to the same vendor within days whose combined value exceeds the purchase-order threshold; no approval for the combined commitment was identified.,
115,JE202403-00795,T04,Split purchase,T04,SPLIT-PURCHASE,2024-03-10,2024-03-10,2024-03-10 08:59:00,2024-03,6040,Repairs and Maintenance,Engineering spares part 2/2 vendor V1016,Engineering spares part ,V1016,MainTek Engineering Services,No,2000,5159.77,5159.77,5159.77,5159.77,USR-002,R. Chikafu,Accounts Payable Clerk,(none),Automatic,ERP-GL,35,Low,1805.92,Open - referred for investigation,Two identical invoices to the same vendor within days whose combined value exceeds the purchase-order threshold; no approval for the combined commitment was identified.,
116,JE202407-01839,T03,Approval-threshold avoidance,T03,ROUND-NUMBER-THRESHOLD,2024-07-07,2024-07-07,2024-07-07 15:05:00,2024-07,6140,Consumables and Packaging,Supply of consumables vendor V1018,Supply of consumables ve,V1018,AdvertStar Media,No,1010,4995,4995,4995,4995,USR-002,R. Chikafu,Accounts Payable Clerk,(none),Automatic,ERP-GL,35,Low,1748.25,Open - referred for investigation,"Procurement payment sitting immediately below the purchase-order or approval limit, in a round amount, with no purchase order on file.",
117,JE202405-01319,T03,Approval-threshold avoidance,T03,ROUND-NUMBER-THRESHOLD,2024-05-05,2024-05-05,2024-05-05 10:57:00,2024-05,6140,Consumables and Packaging,Supply of consumables vendor V1005,Supply of consumables ve,V1005,Logistics Windward Freight,No,1010,4990,4990,4990,4990,USR-002,R. Chikafu,Accounts Payable Clerk,(none),Automatic,ERP-GL,35,Low,1746.5,Open - referred for investigation,"Procurement payment sitting immediately below the purchase-order or approval limit, in a round amount, with no purchase order on file.",
118,JE202504-04190,T03,Approval-threshold avoidance,T03,ROUND-NUMBER-THRESHOLD,2025-04-06,2025-04-06,2025-04-06 13:17:00,2025-04,6140,Consumables and Packaging,Supply of consumables vendor V1006,Supply of consumables ve,V1006,PowerCo Utilities Zimbabwe,No,1010,4990,4990,4990,4990,USR-002,R. Chikafu,Accounts Payable Clerk,(none),Automatic,ERP-GL,35,Low,1746.5,Open - referred for investigation,"Procurement payment sitting immediately below the purchase-order or approval limit, in a round amount, with no purchase order on file.",
119,JE202508-05236,T03,Approval-threshold avoidance,T03,ROUND-NUMBER-THRESHOLD,2025-08-09,2025-08-09,2025-08-09 17:11:00,2025-08,6140,Consumables and Packaging,Supply of consumables vendor V1009,Supply of consumables ve,V1009,FuelMax Petroleum,No,1010,4985,4985,4985,4985,USR-002,R. Chikafu,Accounts Payable Clerk,(none),Automatic,ERP-GL,35,Low,1744.75,Open - referred for investigation,"Procurement payment sitting immediately below the purchase-order or approval limit, in a round amount, with no purchase order on file.",
120,JE202502-03667,T04,Split purchase,T04,SPLIT-PURCHASE,2025-02-02,2025-02-02,2025-02-02 16:45:00,2025-02,6040,Repairs and Maintenance,Engineering spares part 1/2 vendor V1005,Engineering spares part ,V1005,Logistics Windward Freight,No,2000,4575.63,4575.63,4575.63,4575.63,USR-002,R. Chikafu,Accounts Payable Clerk,(none),Automatic,ERP-GL,35,Low,1601.47,Open - referred for investigation,Two identical invoices to the same vendor within days whose combined value exceeds the purchase-order threshold; no approval for the combined commitment was identified.,
121,JE202505-04461,T04,Split purchase,T04,SPLIT-PURCHASE,2025-05-19,2025-05-19,2025-05-19 17:26:00,2025-05,6040,Repairs and Maintenance,Engineering spares part 2/2 vendor V1004,Engineering spares part ,V1004,PackRite Packaging Solutions,No,2000,6349.66,6349.66,6349.66,6349.66,USR-002,R. Chikafu,Accounts Payable Clerk,(none),Automatic,ERP-GL,20,Low,1269.93,Open - referred for investigation,Two identical invoices to the same vendor within days whose combined value exceeds the purchase-order threshold; no approval for the combined commitment was identified.,
122,JE202409-02369,T04,Split purchase,T04,SPLIT-PURCHASE,2024-09-10,2024-09-10,2024-09-10 16:49:00,2024-09,6040,Repairs and Maintenance,Engineering spares part 2/2 vendor V1012,Engineering spares part ,V1012,Auditax Chartered Accountants,No,2000,6104.66,6104.66,6104.66,6104.66,USR-002,R. Chikafu,Accounts Payable Clerk,(none),Automatic,ERP-GL,20,Low,1220.93,Open - referred for investigation,Two identical invoices to the same vendor within days whose combined value exceeds the purchase-order threshold; no approval for the combined commitment was identified.,
123,JE202506-04732,T04,Split purchase,T04,SPLIT-PURCHASE,2025-06-17,2025-06-17,2025-06-17 08:48:00,2025-06,6040,Repairs and Maintenance,Engineering spares part 2/2 vendor V1017,Engineering spares part ,V1017,CleanServ Facilities,No,2000,6069.27,6069.27,6069.27,6069.27,USR-002,R. Chikafu,Accounts Payable Clerk,(none),Automatic,ERP-GL,20,Low,1213.85,Open - referred for investigation,Two identical invoices to the same vendor within days whose combined value exceeds the purchase-order threshold; no approval for the combined commitment was identified.,
124,JE202508-05239,T04,Split purchase,T04,SPLIT-PURCHASE,2025-08-12,2025-08-12,2025-08-12 12:52:00,2025-08,6040,Repairs and Maintenance,Engineering spares part 1/2 vendor V1009,Engineering spares part ,V1009,FuelMax Petroleum,No,2000,6036.84,6036.84,6036.84,6036.84,USR-002,R. Chikafu,Accounts Payable Clerk,(none),Automatic,ERP-GL,20,Low,1207.37,Open - referred for investigation,Two identical invoices to the same vendor within days whose combined value exceeds the purchase-order threshold; no approval for the combined commitment was identified.,
125,JE202508-05240,T04,Split purchase,T04,SPLIT-PURCHASE,2025-08-14,2025-08-14,2025-08-14 13:13:00,2025-08,6040,Repairs and Maintenance,Engineering spares part 2/2 vendor V1009,Engineering spares part ,V1009,FuelMax Petroleum,No,2000,6036.84,6036.84,6036.84,6036.84,USR-002,R. Chikafu,Accounts Payable Clerk,(none),Automatic,ERP-GL,20,Low,1207.37,Open - referred for investigation,Two identical invoices to the same vendor within days whose combined value exceeds the purchase-order threshold; no approval for the combined commitment was identified.,
126,JE202503-03916,T04,Split purchase,T04,SPLIT-PURCHASE,2025-03-03,2025-03-03,2025-03-03 10:52:00,2025-03,6040,Repairs and Maintenance,Engineering spares part 1/2 vendor V1007,Engineering spares part ,V1007,TelStar Communications,No,2000,5793.46,5793.46,5793.46,5793.46,USR-002,R. Chikafu,Accounts Payable Clerk,(none),Automatic,ERP-GL,20,Low,1158.69,Open - referred for investigation,Two identical invoices to the same vendor within days whose combined value exceeds the purchase-order threshold; no approval for the combined commitment was identified.,
127,JE202503-03917,T04,Split purchase,T04,SPLIT-PURCHASE,2025-03-05,2025-03-05,2025-03-05 08:59:00,2025-03,6040,Repairs and Maintenance,Engineering spares part 2/2 vendor V1007,Engineering spares part ,V1007,TelStar Communications,No,2000,5793.46,5793.46,5793.46,5793.46,USR-002,R. Chikafu,Accounts Payable Clerk,(none),Automatic,ERP-GL,20,Low,1158.69,Open - referred for investigation,Two identical invoices to the same vendor within days whose combined value exceeds the purchase-order threshold; no approval for the combined commitment was identified.,
128,JE202412-03166,T04,Split purchase,T04,SPLIT-PURCHASE,2024-12-10,2024-12-10,2024-12-10 15:04:00,2024-12,6040,Repairs and Maintenance,Engineering spares part 1/2 vendor V1014,Engineering spares part ,V1014,IT Support Partners (Pvt) Ltd,No,2000,5487.73,5487.73,5487.73,5487.73,USR-002,R. Chikafu,Accounts Payable Clerk,(none),Automatic,ERP-GL,20,Low,1097.55,Open - referred for investigation,Two identical invoices to the same vendor within days whose combined value exceeds the purchase-order threshold; no approval for the combined commitment was identified.,
129,JE202412-03167,T04,Split purchase,T04,SPLIT-PURCHASE,2024-12-12,2024-12-12,2024-12-12 10:35:00,2024-12,6040,Repairs and Maintenance,Engineering spares part 2/2 vendor V1014,Engineering spares part ,V1014,IT Support Partners (Pvt) Ltd,No,2000,5487.73,5487.73,5487.73,5487.73,USR-002,R. Chikafu,Accounts Payable Clerk,(none),Automatic,ERP-GL,20,Low,1097.55,Open - referred for investigation,Two identical invoices to the same vendor within days whose combined value exceeds the purchase-order threshold; no approval for the combined commitment was identified.,
130,JE202507-04990,T04,Split purchase,T04,SPLIT-PURCHASE,2025-07-07,2025-07-07,2025-07-07 17:11:00,2025-07,6040,Repairs and Maintenance,Engineering spares part 2/2 vendor V1010,Engineering spares part ,V1010,InsureCorp Brokers,No,2000,5426.41,5426.41,5426.41,5426.41,USR-002,R. Chikafu,Accounts Payable Clerk,(none),Automatic,ERP-GL,20,Low,1085.28,Open - referred for investigation,Two identical invoices to the same vendor within days whose combined value exceeds the purchase-order threshold; no approval for the combined commitment was identified.,
131,JE202410-02647,T04,Split purchase,T04,SPLIT-PURCHASE,2024-10-02,2024-10-02,2024-10-02 10:25:00,2024-10,6040,Repairs and Maintenance,Engineering spares part 1/2 vendor V1016,Engineering spares part ,V1016,MainTek Engineering Services,No,2000,5410.48,5410.48,5410.48,5410.48,USR-002,R. Chikafu,Accounts Payable Clerk,(none),Automatic,ERP-GL,20,Low,1082.1,Open - referred for investigation,Two identical invoices to the same vendor within days whose combined value exceeds the purchase-order threshold; no approval for the combined commitment was identified.,
132,JE202410-02648,T04,Split purchase,T04,SPLIT-PURCHASE,2024-10-04,2024-10-04,2024-10-04 13:52:00,2024-10,6040,Repairs and Maintenance,Engineering spares part 2/2 vendor V1016,Engineering spares part ,V1016,MainTek Engineering Services,No,2000,5410.48,5410.48,5410.48,5410.48,USR-002,R. Chikafu,Accounts Payable Clerk,(none),Automatic,ERP-GL,20,Low,1082.1,Open - referred for investigation,Two identical invoices to the same vendor within days whose combined value exceeds the purchase-order threshold; no approval for the combined commitment was identified.,
133,JE202411-02890,T07,Unreversed accrual,T07,UNREVERSED-ACCRUAL,2024-11-30,2024-11-30,2024-11-30 10:27:00,2024-11,6190,Sundry Expenses,Accrual for unbilled services,Accrual for unbilled ser,,,No,"1300, 2010, 6080",2400,12293.93,12293.93,12293.93,USR-005,S. Moyo,Management Accountant,(none),Manual,Manual-JE,45,Medium,1080,Open - referred for investigation,Prepayment release posted with no reversal in the following period. The prepayment schedule requires agreement to the underlying contract.,
134,JE202501-03414,T04,Split purchase,T04,SPLIT-PURCHASE,2025-01-14,2025-01-14,2025-01-14 15:28:00,2025-01,6040,Repairs and Maintenance,Engineering spares part 2/2 vendor V1007,Engineering spares part ,V1007,TelStar Communications,No,2000,5357.93,5357.93,5357.93,5357.93,USR-002,R. Chikafu,Accounts Payable Clerk,(none),Automatic,ERP-GL,20,Low,1071.59,Open - referred for investigation,Two identical invoices to the same vendor within days whose combined value exceeds the purchase-order threshold; no approval for the combined commitment was identified.,
135,JE202401-00257,T04,Split purchase,T04,SPLIT-PURCHASE,2024-01-10,2024-01-10,2024-01-10 17:52:00,2024-01,6040,Repairs and Maintenance,Engineering spares part 1/2 vendor V1005,Engineering spares part ,V1005,Logistics Windward Freight,No,2000,5215.98,5215.98,5215.98,5215.98,USR-002,R. Chikafu,Accounts Payable Clerk,(none),Automatic,ERP-GL,20,Low,1043.2,Open - referred for investigation,Two identical invoices to the same vendor within days whose combined value exceeds the purchase-order threshold; no approval for the combined commitment was identified.,
136,JE202401-00258,T04,Split purchase,T04,SPLIT-PURCHASE,2024-01-12,2024-01-12,2024-01-12 16:13:00,2024-01,6040,Repairs and Maintenance,Engineering spares part 2/2 vendor V1005,Engineering spares part ,V1005,Logistics Windward Freight,No,2000,5215.98,5215.98,5215.98,5215.98,USR-002,R. Chikafu,Accounts Payable Clerk,(none),Automatic,ERP-GL,20,Low,1043.2,Open - referred for investigation,Two identical invoices to the same vendor within days whose combined value exceeds the purchase-order threshold; no approval for the combined commitment was identified.,
137,JE202405-01322,T04,Split purchase,T04,SPLIT-PURCHASE,2024-05-08,2024-05-08,2024-05-08 17:11:00,2024-05,6040,Repairs and Maintenance,Engineering spares part 1/2 vendor V1013,Engineering spares part ,V1013,TrainCo Skills Institute,No,2000,5205.61,5205.61,5205.61,5205.61,USR-002,R. Chikafu,Accounts Payable Clerk,(none),Automatic,ERP-GL,20,Low,1041.12,Open - referred for investigation,Two identical invoices to the same vendor within days whose combined value exceeds the purchase-order threshold; no approval for the combined commitment was identified.,
138,JE202405-01323,T04,Split purchase,T04,SPLIT-PURCHASE,2024-05-10,2024-05-10,2024-05-10 16:08:00,2024-05,6040,Repairs and Maintenance,Engineering spares part 2/2 vendor V1013,Engineering spares part ,V1013,TrainCo Skills Institute,No,2000,5205.61,5205.61,5205.61,5205.61,USR-002,R. Chikafu,Accounts Payable Clerk,(none),Automatic,ERP-GL,20,Low,1041.12,Open - referred for investigation,Two identical invoices to the same vendor within days whose combined value exceeds the purchase-order threshold; no approval for the combined commitment was identified.,
139,JE202408-02090,T04,Split purchase,T04,SPLIT-PURCHASE,2024-08-05,2024-08-05,2024-08-05 16:27:00,2024-08,6040,Repairs and Maintenance,Engineering spares part 1/2 vendor V1011,Engineering spares part ,V1011,LegalVault Attorneys,No,2000,5202.75,5202.75,5202.75,5202.75,USR-002,R. Chikafu,Accounts Payable Clerk,(none),Automatic,ERP-GL,20,Low,1040.55,Open - referred for investigation,Two identical invoices to the same vendor within days whose combined value exceeds the purchase-order threshold; no approval for the combined commitment was identified.,
140,JE202408-02091,T04,Split purchase,T04,SPLIT-PURCHASE,2024-08-07,2024-08-07,2024-08-07 13:45:00,2024-08,6040,Repairs and Maintenance,Engineering spares part 2/2 vendor V1011,Engineering spares part ,V1011,LegalVault Attorneys,No,2000,5202.75,5202.75,5202.75,5202.75,USR-002,R. Chikafu,Accounts Payable Clerk,(none),Automatic,ERP-GL,20,Low,1040.55,Open - referred for investigation,Two identical invoices to the same vendor within days whose combined value exceeds the purchase-order threshold; no approval for the combined commitment was identified.,
141,JE202403-00794,T04,Split purchase,T04,SPLIT-PURCHASE,2024-03-08,2024-03-08,2024-03-08 08:42:00,2024-03,6040,Repairs and Maintenance,Engineering spares part 1/2 vendor V1016,Engineering spares part ,V1016,MainTek Engineering Services,No,2000,5159.77,5159.77,5159.77,5159.77,USR-002,R. Chikafu,Accounts Payable Clerk,(none),Automatic,ERP-GL,20,Low,1031.95,Open - referred for investigation,Two identical invoices to the same vendor within days whose combined value exceeds the purchase-order threshold; no approval for the combined commitment was identified.,
142,JE202504-04193,T04,Split purchase,T04,SPLIT-PURCHASE,2025-04-14,2025-04-14,2025-04-14 08:04:00,2025-04,6040,Repairs and Maintenance,Engineering spares part 1/2 vendor V1005,Engineering spares part ,V1005,Logistics Windward Freight,No,2000,5128.76,5128.76,5128.76,5128.76,USR-002,R. Chikafu,Accounts Payable Clerk,(none),Automatic,ERP-GL,20,Low,1025.75,Open - referred for investigation,Two identical invoices to the same vendor within days whose combined value exceeds the purchase-order threshold; no approval for the combined commitment was identified.,
143,JE202504-04194,T04,Split purchase,T04,SPLIT-PURCHASE,2025-04-16,2025-04-16,2025-04-16 17:36:00,2025-04,6040,Repairs and Maintenance,Engineering spares part 2/2 vendor V1005,Engineering spares part ,V1005,Logistics Windward Freight,No,2000,5128.76,5128.76,5128.76,5128.76,USR-002,R. Chikafu,Accounts Payable Clerk,(none),Automatic,ERP-GL,20,Low,1025.75,Open - referred for investigation,Two identical invoices to the same vendor within days whose combined value exceeds the purchase-order threshold; no approval for the combined commitment was identified.,
144,JE202407-01843,T04,Split purchase,T04,SPLIT-PURCHASE,2024-07-15,2024-07-15,2024-07-15 16:39:00,2024-07,6040,Repairs and Maintenance,Engineering spares part 1/2 vendor V1010,Engineering spares part ,V1010,InsureCorp Brokers,No,2000,5111.89,5111.89,5111.89,5111.89,USR-002,R. Chikafu,Accounts Payable Clerk,(none),Automatic,ERP-GL,20,Low,1022.38,Open - referred for investigation,Two identical invoices to the same vendor within days whose combined value exceeds the purchase-order threshold; no approval for the combined commitment was identified.,
145,JE202407-01844,T04,Split purchase,T04,SPLIT-PURCHASE,2024-07-17,2024-07-17,2024-07-17 17:15:00,2024-07,6040,Repairs and Maintenance,Engineering spares part 2/2 vendor V1010,Engineering spares part ,V1010,InsureCorp Brokers,No,2000,5111.89,5111.89,5111.89,5111.89,USR-002,R. Chikafu,Accounts Payable Clerk,(none),Automatic,ERP-GL,20,Low,1022.38,Open - referred for investigation,Two identical invoices to the same vendor within days whose combined value exceeds the purchase-order threshold; no approval for the combined commitment was identified.,
146,JE202401-00253,T03,Approval-threshold avoidance,T03,ROUND-NUMBER-THRESHOLD,2024-01-12,2024-01-12,2024-01-12 09:49:00,2024-01,6140,Consumables and Packaging,Supply of consumables vendor V1017,Supply of consumables ve,V1017,CleanServ Facilities,No,1010,4995,4995,4995,4995,USR-002,R. Chikafu,Accounts Payable Clerk,(none),Automatic,ERP-GL,20,Low,999,Open - referred for investigation,"Procurement payment sitting immediately below the purchase-order or approval limit, in a round amount, with no purchase order on file.",
147,JE202404-01057,T03,Approval-threshold avoidance,T03,ROUND-NUMBER-THRESHOLD,2024-04-17,2024-04-17,2024-04-17 17:07:00,2024-04,6140,Consumables and Packaging,Supply of consumables vendor V1014,Supply of consumables ve,V1014,IT Support Partners (Pvt) Ltd,No,1010,4995,4995,4995,4995,USR-002,R. Chikafu,Accounts Payable Clerk,(none),Automatic,ERP-GL,20,Low,999,Open - referred for investigation,"Procurement payment sitting immediately below the purchase-order or approval limit, in a round amount, with no purchase order on file.",
148,JE202409-02365,T03,Approval-threshold avoidance,T03,ROUND-NUMBER-THRESHOLD,2024-09-24,2024-09-24,2024-09-24 16:07:00,2024-09,6140,Consumables and Packaging,Supply of consumables vendor V1001,Supply of consumables ve,V1001,Steel Supplies Zimbabwe (Pvt) Ltd,No,1010,4995,4995,4995,4995,USR-002,R. Chikafu,Accounts Payable Clerk,(none),Automatic,ERP-GL,20,Low,999,Open - referred for investigation,"Procurement payment sitting immediately below the purchase-order or approval limit, in a round amount, with no purchase order on file.",
149,JE202410-02645,T03,Approval-threshold avoidance,T03,ROUND-NUMBER-THRESHOLD,2024-10-09,2024-10-09,2024-10-09 13:18:00,2024-10,6140,Consumables and Packaging,Supply of consumables vendor V1007,Supply of consumables ve,V1007,TelStar Communications,No,1010,4995,4995,4995,4995,USR-002,R. Chikafu,Accounts Payable Clerk,(none),Automatic,ERP-GL,20,Low,999,Open - referred for investigation,"Procurement payment sitting immediately below the purchase-order or approval limit, in a round amount, with no purchase order on file.",
150,JE202502-03664,T03,Approval-threshold avoidance,T03,ROUND-NUMBER-THRESHOLD,2025-02-20,2025-02-20,2025-02-20 17:11:00,2025-02,6140,Consumables and Packaging,Supply of consumables vendor V1012,Supply of consumables ve,V1012,Auditax Chartered Accountants,No,1010,4995,4995,4995,4995,USR-002,R. Chikafu,Accounts Payable Clerk,(none),Automatic,ERP-GL,20,Low,999,Open - referred for investigation,"Procurement payment sitting immediately below the purchase-order or approval limit, in a round amount, with no purchase order on file.",
151,JE202507-04986,T03,Approval-threshold avoidance,T03,ROUND-NUMBER-THRESHOLD,2025-07-23,2025-07-23,2025-07-23 13:34:00,2025-07,6140,Consumables and Packaging,Supply of consumables vendor V1003,Supply of consumables ve,V1003,ChemPro Industrial Chemicals,No,1010,4995,4995,4995,4995,USR-002,R. Chikafu,Accounts Payable Clerk,(none),Automatic,ERP-GL,20,Low,999,Open - referred for investigation,"Procurement payment sitting immediately below the purchase-order or approval limit, in a round amount, with no purchase order on file.",
152,JE202503-03913,T03,Approval-threshold avoidance,T03,ROUND-NUMBER-THRESHOLD,2025-03-18,2025-03-18,2025-03-18 13:08:00,2025-03,6140,Consumables and Packaging,Supply of consumables vendor V1002,Supply of consumables ve,V1002,PolyPlas Holdings (Pvt) Ltd,No,1010,4990,4990,4990,4990,USR-002,R. Chikafu,Accounts Payable Clerk,(none),Automatic,ERP-GL,20,Low,998,Open - referred for investigation,"Procurement payment sitting immediately below the purchase-order or approval limit, in a round amount, with no purchase order on file.",
153,JE202505-04457,T03,Approval-threshold avoidance,T03,ROUND-NUMBER-THRESHOLD,2025-05-05,2025-05-05,2025-05-05 16:35:00,2025-05,6140,Consumables and Packaging,Supply of consumables vendor V1018,Supply of consumables ve,V1018,AdvertStar Media,No,1010,4990,4990,4990,4990,USR-002,R. Chikafu,Accounts Payable Clerk,(none),Automatic,ERP-GL,20,Low,998,Open - referred for investigation,"Procurement payment sitting immediately below the purchase-order or approval limit, in a round amount, with no purchase order on file.",
154,JE202403-00791,T03,Approval-threshold avoidance,T03,ROUND-NUMBER-THRESHOLD,2024-03-12,2024-03-12,2024-03-12 14:09:00,2024-03,6140,Consumables and Packaging,Supply of consumables vendor V1018,Supply of consumables ve,V1018,AdvertStar Media,No,1010,4985,4985,4985,4985,USR-002,R. Chikafu,Accounts Payable Clerk,(none),Automatic,ERP-GL,20,Low,997,Open - referred for investigation,"Procurement payment sitting immediately below the purchase-order or approval limit, in a round amount, with no purchase order on file.",
155,JE202407-01840,T03,Approval-threshold avoidance,T03,ROUND-NUMBER-THRESHOLD,2024-07-17,2024-07-17,2024-07-17 08:57:00,2024-07,6140,Consumables and Packaging,Supply of consumables vendor V1017,Supply of consumables ve,V1017,CleanServ Facilities,No,1010,4985,4985,4985,4985,USR-002,R. Chikafu,Accounts Payable Clerk,(none),Automatic,ERP-GL,20,Low,997,Open - referred for investigation,"Procurement payment sitting immediately below the purchase-order or approval limit, in a round amount, with no purchase order on file.",
156,JE202411-02915,T03,Approval-threshold avoidance,T03,ROUND-NUMBER-THRESHOLD,2024-11-15,2024-11-15,2024-11-15 14:39:00,2024-11,6140,Consumables and Packaging,Supply of consumables vendor V1007,Supply of consumables ve,V1007,TelStar Communications,No,1010,4985,4985,4985,4985,USR-002,R. Chikafu,Accounts Payable Clerk,(none),Automatic,ERP-GL,20,Low,997,Open - referred for investigation,"Procurement payment sitting immediately below the purchase-order or approval limit, in a round amount, with no purchase order on file.",
157,JE202412-03164,T03,Approval-threshold avoidance,T03,ROUND-NUMBER-THRESHOLD,2024-12-10,2024-12-10,2024-12-10 12:00:00,2024-12,6140,Consumables and Packaging,Supply of consumables vendor V1010,Supply of consumables ve,V1010,InsureCorp Brokers,No,1010,4985,4985,4985,4985,USR-002,R. Chikafu,Accounts Payable Clerk,(none),Automatic,ERP-GL,20,Low,997,Open - referred for investigation,"Procurement payment sitting immediately below the purchase-order or approval limit, in a round amount, with no purchase order on file.",
158,JE202501-03410,T03,Approval-threshold avoidance,T03,ROUND-NUMBER-THRESHOLD,2025-01-07,2025-01-07,2025-01-07 13:42:00,2025-01,6140,Consumables and Packaging,Supply of consumables vendor V1018,Supply of consumables ve,V1018,AdvertStar Media,No,1010,4985,4985,4985,4985,USR-002,R. Chikafu,Accounts Payable Clerk,(none),Automatic,ERP-GL,20,Low,997,Open - referred for investigation,"Procurement payment sitting immediately below the purchase-order or approval limit, in a round amount, with no purchase order on file.",
159,JE202502-03663,T03,Approval-threshold avoidance,T03,ROUND-NUMBER-THRESHOLD,2025-02-14,2025-02-14,2025-02-14 13:53:00,2025-02,6140,Consumables and Packaging,Supply of consumables vendor V1016,Supply of consumables ve,V1016,MainTek Engineering Services,No,1010,4985,4985,4985,4985,USR-002,R. Chikafu,Accounts Payable Clerk,(none),Automatic,ERP-GL,20,Low,997,Open - referred for investigation,"Procurement payment sitting immediately below the purchase-order or approval limit, in a round amount, with no purchase order on file.",
160,JE202411-02918,T04,Split purchase,T04,SPLIT-PURCHASE,2024-11-06,2024-11-06,2024-11-06 13:48:00,2024-11,6040,Repairs and Maintenance,Engineering spares part 1/2 vendor V1015,Engineering spares part ,V1015,OfficeQuip Stationers,No,2000,4892.99,4892.99,4892.99,4892.99,USR-002,R. Chikafu,Accounts Payable Clerk,(none),Automatic,ERP-GL,20,Low,978.6,Open - referred for investigation,Two identical invoices to the same vendor within days whose combined value exceeds the purchase-order threshold; no approval for the combined commitment was identified.,
161,JE202411-02919,T04,Split purchase,T04,SPLIT-PURCHASE,2024-11-08,2024-11-08,2024-11-08 15:27:00,2024-11,6040,Repairs and Maintenance,Engineering spares part 2/2 vendor V1015,Engineering spares part ,V1015,OfficeQuip Stationers,No,2000,4892.99,4892.99,4892.99,4892.99,USR-002,R. Chikafu,Accounts Payable Clerk,(none),Automatic,ERP-GL,20,Low,978.6,Open - referred for investigation,Two identical invoices to the same vendor within days whose combined value exceeds the purchase-order threshold; no approval for the combined commitment was identified.,
162,JE202509-05502,T04,Split purchase,T04,SPLIT-PURCHASE,2025-09-08,2025-09-08,2025-09-08 15:18:00,2025-09,6040,Repairs and Maintenance,Engineering spares part 1/2 vendor V1014,Engineering spares part ,V1014,IT Support Partners (Pvt) Ltd,No,2000,4712.55,4712.55,4712.55,4712.55,USR-002,R. Chikafu,Accounts Payable Clerk,(none),Automatic,ERP-GL,20,Low,942.51,Open - referred for investigation,Two identical invoices to the same vendor within days whose combined value exceeds the purchase-order threshold; no approval for the combined commitment was identified.,
163,JE202509-05503,T04,Split purchase,T04,SPLIT-PURCHASE,2025-09-10,2025-09-10,2025-09-10 13:46:00,2025-09,6040,Repairs and Maintenance,Engineering spares part 2/2 vendor V1014,Engineering spares part ,V1014,IT Support Partners (Pvt) Ltd,No,2000,4712.55,4712.55,4712.55,4712.55,USR-002,R. Chikafu,Accounts Payable Clerk,(none),Automatic,ERP-GL,20,Low,942.51,Open - referred for investigation,Two identical invoices to the same vendor within days whose combined value exceeds the purchase-order threshold; no approval for the combined commitment was identified.,
164,JE202406-01584,T04,Split purchase,T04,SPLIT-PURCHASE,2024-06-17,2024-06-17,2024-06-17 12:39:00,2024-06,6040,Repairs and Maintenance,Engineering spares part 1/2 vendor V1012,Engineering spares part ,V1012,Auditax Chartered Accountants,No,2000,4653.78,4653.78,4653.78,4653.78,USR-002,R. Chikafu,Accounts Payable Clerk,(none),Automatic,ERP-GL,20,Low,930.76,Open - referred for investigation,Two identical invoices to the same vendor within days whose combined value exceeds the purchase-order threshold; no approval for the combined commitment was identified.,
165,JE202406-01585,T04,Split purchase,T04,SPLIT-PURCHASE,2024-06-19,2024-06-19,2024-06-19 17:55:00,2024-06,6040,Repairs and Maintenance,Engineering spares part 2/2 vendor V1012,Engineering spares part ,V1012,Auditax Chartered Accountants,No,2000,4653.78,4653.78,4653.78,4653.78,USR-002,R. Chikafu,Accounts Payable Clerk,(none),Automatic,ERP-GL,20,Low,930.76,Open - referred for investigation,Two identical invoices to the same vendor within days whose combined value exceeds the purchase-order threshold; no approval for the combined commitment was identified.,
166,JE202502-03668,T04,Split purchase,T04,SPLIT-PURCHASE,2025-02-04,2025-02-04,2025-02-04 17:45:00,2025-02,6040,Repairs and Maintenance,Engineering spares part 2/2 vendor V1005,Engineering spares part ,V1005,Logistics Windward Freight,No,2000,4575.63,4575.63,4575.63,4575.63,USR-002,R. Chikafu,Accounts Payable Clerk,(none),Automatic,ERP-GL,20,Low,915.13,Open - referred for investigation,Two identical invoices to the same vendor within days whose combined value exceeds the purchase-order threshold; no approval for the combined commitment was identified.,
167,JE202410-02624,T07,Unreversed accrual,T07,UNREVERSED-ACCRUAL,2024-10-31,2024-10-31,2024-10-31 11:12:00,2024-10,6190,Sundry Expenses,Accrual for unbilled services,Accrual for unbilled ser,,,No,"1300, 2010, 6080",2400,18861.25,18861.25,18861.25,USR-005,S. Moyo,Management Accountant,(none),Manual,Manual-JE,30,Low,720,Open - referred for investigation,Prepayment release posted with no reversal in the following period. The prepayment schedule requires agreement to the underlying contract.,
168,JE202412-03138,T07,Unreversed accrual,T07,UNREVERSED-ACCRUAL,2024-12-31,2024-12-31,2024-12-31 08:35:00,2024-12,6190,Sundry Expenses,Accrual for unbilled services,Accrual for unbilled ser,,,No,"1300, 2010, 6080",2400,9448.14,9448.14,9448.14,USR-005,S. Moyo,Management Accountant,(none),Manual,Manual-JE,30,Low,720,Open - referred for investigation,Prepayment release posted with no reversal in the following period. The prepayment schedule requires agreement to the underlying contract.,
169,JE202501-03387,T07,Unreversed accrual,T07,UNREVERSED-ACCRUAL,2025-01-31,2025-01-31,2025-01-31 10:59:00,2025-01,6190,Sundry Expenses,Accrual for unbilled services,Accrual for unbilled ser,,,No,"1300, 2010, 6080",2400,8358.48,8358.48,8358.48,USR-005,S. Moyo,Management Accountant,(none),Manual,Manual-JE,30,Low,720,Open - referred for investigation,Prepayment release posted with no reversal in the following period. The prepayment schedule requires agreement to the underlying contract.,
170,JE202504-04166,T07,Unreversed accrual,T07,UNREVERSED-ACCRUAL,2025-04-30,2025-04-30,2025-04-30 16:23:00,2025-04,6190,Sundry Expenses,Accrual for unbilled services,Accrual for unbilled ser,,,No,"1300, 2010, 6080",2400,15007.52,15007.52,15007.52,USR-005,S. Moyo,Management Accountant,(none),Manual,Manual-JE,30,Low,720,Open - referred for investigation,Prepayment release posted with no reversal in the following period. The prepayment schedule requires agreement to the underlying contract.,
171,JE202507-04965,T07,Unreversed accrual,T07,UNREVERSED-ACCRUAL,2025-07-31,2025-07-31,2025-07-31 08:12:00,2025-07,6190,Sundry Expenses,Accrual for unbilled services,Accrual for unbilled ser,,,No,"1300, 2010, 6080",2400,12174.65,12174.65,12174.65,USR-005,S. Moyo,Management Accountant,(none),Manual,Manual-JE,30,Low,720,Open - referred for investigation,Prepayment release posted with no reversal in the following period. The prepayment schedule requires agreement to the underlying contract.,
