ClaimID,EmployeeID,EmployeeName,ClaimDate,Period,ExpenseCategory,ClaimedUSD,ReceiptAttached,ApprovedBy,PaidDate,DuplicateSuspected,WeekendClaim,ReceiptFlag,ApprovedFlag,ExceptionFlag,ExceptionReason
EXP-00000,EMP1009,R. Chikafu,2025-09-10,2025-09,Accommodation,3401.13,Yes,USR-001,2025-10-03,No,No,Yes,Yes,No,-
EXP-00001,EMP1027,N. Zhou,2024-01-04,2024-01,Travel - Mileage,451.62,Yes,USR-006,2024-01-24,No,No,Yes,Yes,No,-
EXP-00002,EMP1021,L. Sibanda,2024-06-06,2024-06,Fuel,583.35,Yes,USR-006,2024-06-20,No,No,Yes,Yes,No,-
EXP-00003,EMP1042,A. Banda,2024-07-26,2024-07,Travel - Mileage,118.89,Yes,USR-006,2024-08-21,No,No,Yes,Yes,No,-
EXP-00004,EMP1040,M. Nyathi,2025-01-19,2025-01,Meals,2694.03,Yes,USR-006,2025-02-28,No,Yes,Yes,Yes,Yes,Claim submitted at the weekend
EXP-00005,EMP1013,K. Dube,2025-05-15,2025-05,Fuel,40.71,Yes,USR-001,2025-06-04,No,No,Yes,Yes,No,-
EXP-00006,EMP1036,M. Nyathi,2024-10-17,2024-10,Communication,2830.65,No,USR-011,2024-11-11,No,No,No,Yes,Yes,No receipt attached
EXP-00007,EMP1033,P. Gumbo,2024-04-07,2024-04,Meals,321.05,Yes,USR-006,2024-05-17,No,Yes,Yes,Yes,Yes,Claim submitted at the weekend
EXP-00008,EMP1010,T. Makuvaza,2025-06-25,2025-06,Communication,1422.37,Yes,USR-001,2025-08-01,No,No,Yes,Yes,No,-
EXP-00009,EMP1005,L. Sibanda,2024-06-21,2024-06,Accommodation,54.92,Yes,USR-001,2024-07-27,No,No,Yes,Yes,No,-
EXP-00010,EMP1007,B. Ncube,2024-11-23,2024-11,Travel - Air,286.18,Yes,USR-001,2024-12-05,No,Yes,Yes,Yes,Yes,Claim submitted at the weekend
EXP-00011,EMP1040,S. Moyo,2025-01-06,2025-01,Accommodation,582.57,No,USR-006,2025-02-08,No,No,No,Yes,Yes,No receipt attached
EXP-00012,EMP1016,L. Sibanda,2024-01-10,2024-01,Travel - Mileage,103.87,No,USR-006,2024-01-27,No,No,No,Yes,Yes,No receipt attached
EXP-00013,EMP1001,R. Chikafu,2024-11-12,2024-11,Fuel,2947.12,Yes,USR-011,2024-11-26,No,No,Yes,Yes,No,-
EXP-00014,EMP1027,K. Dube,2024-10-20,2024-10,Client Entertainment,53.26,Yes,USR-011,2024-11-26,No,Yes,Yes,Yes,Yes,Claim submitted at the weekend
EXP-00015,EMP1018,T. Makuvaza,2025-08-01,2025-08,Fuel,1677.82,Yes,USR-011,2025-09-02,No,No,Yes,Yes,No,-
EXP-00016,EMP1024,J. Marufu,2025-08-20,2025-08,Accommodation,4497.98,Yes,USR-006,2025-09-28,No,No,Yes,Yes,No,-
EXP-00017,EMP1028,J. Marufu,2025-07-21,2025-07,Travel - Air,787.54,Yes,USR-006,2025-07-31,No,No,Yes,Yes,No,-
EXP-00018,EMP1005,B. Ncube,2025-06-08,2025-06,Fuel,529.57,Yes,USR-006,2025-07-12,No,Yes,Yes,Yes,Yes,Claim submitted at the weekend
EXP-00019,EMP1022,N. Zhou,2024-02-08,2024-02,Travel - Air,859.61,Yes,USR-001,2024-02-18,No,No,Yes,Yes,No,-
EXP-00020,EMP1024,R. Chikafu,2024-09-13,2024-09,Accommodation,5397.21,Yes,USR-001,2024-10-06,No,No,Yes,Yes,No,-
EXP-00021,EMP1049,D. Mutasa,2024-02-02,2024-02,Meals,846.57,Yes,USR-011,2024-03-05,No,No,Yes,Yes,No,-
EXP-00022,EMP1040,A. Banda,2025-09-12,2025-09,Travel - Air,2765.16,Yes,USR-001,2025-10-09,No,No,Yes,Yes,No,-
EXP-00023,EMP1032,B. Ncube,2025-03-26,2025-03,Accommodation,1754.03,Yes,USR-011,2025-04-17,No,No,Yes,Yes,No,-
EXP-00024,EMP1001,D. Mutasa,2024-08-11,2024-08,Travel - Air,48.28,Yes,USR-006,2024-09-07,No,Yes,Yes,Yes,Yes,Claim submitted at the weekend
EXP-00025,EMP1003,P. Gumbo,2024-10-27,2024-10,Fuel,230.54,Yes,USR-006,2024-11-30,No,Yes,Yes,Yes,Yes,Claim submitted at the weekend
EXP-00026,EMP1011,M. Nyathi,2024-11-09,2024-11,Meals,287.56,Yes,USR-011,2024-12-12,No,Yes,Yes,Yes,Yes,Claim submitted at the weekend
EXP-00027,EMP1001,A. Banda,2025-08-13,2025-08,Travel - Mileage,300.66,Yes,USR-011,2025-09-07,Yes,No,Yes,Yes,Yes,Duplicate claim suspected
EXP-00028,EMP1021,R. Chikafu,2025-07-27,2025-07,Travel - Mileage,1029.46,Yes,USR-001,2025-08-16,No,Yes,Yes,Yes,Yes,Claim submitted at the weekend
EXP-00029,EMP1008,S. Moyo,2024-07-29,2024-07,Accommodation,457.93,No,USR-011,2024-08-14,No,No,No,Yes,Yes,No receipt attached
EXP-00030,EMP1009,B. Ncube,2025-09-26,2025-09,Client Entertainment,45.29,Yes,USR-001,2025-10-08,No,No,Yes,Yes,No,-
EXP-00031,EMP1037,L. Sibanda,2025-04-28,2025-04,Travel - Air,517.38,Yes,USR-011,2025-05-17,No,No,Yes,Yes,No,-
EXP-00032,EMP1036,N. Zhou,2024-08-27,2024-08,Fuel,490.95,Yes,USR-001,2024-09-13,No,No,Yes,Yes,No,-
EXP-00033,EMP1006,S. Moyo,2024-06-24,2024-06,Training,54.27,Yes,USR-011,2024-07-16,No,No,Yes,Yes,No,-
EXP-00034,EMP1042,K. Dube,2024-03-20,2024-03,Communication,879.36,Yes,USR-011,2024-04-24,No,No,Yes,Yes,No,-
EXP-00035,EMP1020,N. Zhou,2024-10-14,2024-10,Client Entertainment,45.82,Yes,USR-011,2024-11-23,No,No,Yes,Yes,No,-
EXP-00036,EMP1024,B. Ncube,2024-03-11,2024-03,Travel - Air,1475.66,Yes,USR-001,2024-03-31,No,No,Yes,Yes,No,-
EXP-00037,EMP1044,T. Makuvaza,2025-04-20,2025-04,Accommodation,1835.94,Yes,USR-001,2025-04-28,No,Yes,Yes,Yes,Yes,Claim submitted at the weekend
EXP-00038,EMP1041,B. Ncube,2025-05-04,2025-05,Fuel,115.31,Yes,USR-011,2025-06-11,Yes,Yes,Yes,Yes,Yes,Duplicate claim suspected; Claim submitted at the weekend
EXP-00039,EMP1033,J. Marufu,2025-02-22,2025-02,Travel - Mileage,1001.36,Yes,USR-011,2025-03-06,No,Yes,Yes,Yes,Yes,Claim submitted at the weekend
EXP-00040,EMP1024,L. Sibanda,2025-02-14,2025-02,Travel - Mileage,290.54,Yes,USR-006,2025-03-20,No,No,Yes,Yes,No,-
EXP-00041,EMP1047,J. Marufu,2024-12-18,2024-12,Training,126.01,Yes,USR-001,2024-12-26,No,No,Yes,Yes,No,-
EXP-00042,EMP1040,S. Moyo,2024-04-06,2024-04,Client Entertainment,5856.01,Yes,USR-001,2024-04-20,No,Yes,Yes,Yes,Yes,Claim submitted at the weekend
EXP-00043,EMP1039,J. Marufu,2024-10-07,2024-10,Client Entertainment,120.57,Yes,USR-006,2024-11-08,No,No,Yes,Yes,No,-
EXP-00044,EMP1015,M. Nyathi,2024-03-05,2024-03,Client Entertainment,1432.79,Yes,USR-006,2024-03-25,No,No,Yes,Yes,No,-
EXP-00045,EMP1014,R. Chikafu,2025-07-12,2025-07,Travel - Air,130.91,Yes,USR-011,2025-08-03,No,Yes,Yes,Yes,Yes,Claim submitted at the weekend
EXP-00046,EMP1006,J. Marufu,2025-04-25,2025-04,Communication,36.12,Yes,USR-001,2025-05-17,No,No,Yes,Yes,No,-
EXP-00047,EMP1020,P. Gumbo,2025-01-03,2025-01,Fuel,1023.84,Yes,USR-006,2025-02-06,No,No,Yes,Yes,No,-
EXP-00048,EMP1009,S. Moyo,2025-04-07,2025-04,Travel - Mileage,765.11,Yes,USR-001,2025-04-18,No,No,Yes,Yes,No,-
EXP-00049,EMP1046,M. Nyathi,2025-09-03,2025-09,Fuel,889.74,No,USR-001,2025-10-05,Yes,No,No,Yes,Yes,No receipt attached; Duplicate claim suspected
EXP-00050,EMP1014,P. Gumbo,2024-12-25,2024-12,Accommodation,5872.02,Yes,USR-001,2025-01-30,No,No,Yes,Yes,No,-
EXP-00051,EMP1000,B. Ncube,2024-10-05,2024-10,Accommodation,2445.42,No,USR-001,2024-11-02,No,Yes,No,Yes,Yes,No receipt attached; Claim submitted at the weekend
EXP-00052,EMP1038,D. Mutasa,2024-02-18,2024-02,Fuel,1005.79,Yes,USR-011,2024-03-15,Yes,Yes,Yes,Yes,Yes,Duplicate claim suspected; Claim submitted at the weekend
EXP-00053,EMP1023,P. Gumbo,2024-05-23,2024-05,Training,5060.73,Yes,USR-011,2024-06-23,No,No,Yes,Yes,No,-
EXP-00054,EMP1048,S. Moyo,2024-01-25,2024-01,Fuel,2811.82,Yes,USR-011,2024-02-27,No,No,Yes,Yes,No,-
EXP-00055,EMP1039,J. Marufu,2025-03-06,2025-03,Fuel,1219.48,No,USR-006,2025-03-13,No,No,No,Yes,Yes,No receipt attached
EXP-00056,EMP1046,D. Mutasa,2025-07-23,2025-07,Accommodation,42.14,Yes,USR-011,2025-08-15,No,No,Yes,Yes,No,-
EXP-00057,EMP1044,T. Makuvaza,2024-01-04,2024-01,Training,2299.5,Yes,USR-006,2024-01-24,No,No,Yes,Yes,No,-
EXP-00058,EMP1006,R. Chikafu,2025-02-18,2025-02,Travel - Air,3214.23,Yes,USR-006,2025-03-09,No,No,Yes,Yes,No,-
EXP-00059,EMP1006,M. Nyathi,2025-02-04,2025-02,Travel - Mileage,307.3,Yes,USR-011,2025-03-15,No,No,Yes,Yes,No,-
EXP-00060,EMP1003,T. Makuvaza,2025-08-07,2025-08,Accommodation,2286.51,No,USR-001,2025-08-24,No,No,No,Yes,Yes,No receipt attached
EXP-00061,EMP1002,K. Dube,2025-08-17,2025-08,Fuel,37.73,Yes,USR-001,2025-09-24,No,Yes,Yes,Yes,Yes,Claim submitted at the weekend
EXP-00062,EMP1031,M. Nyathi,2025-02-01,2025-02,Training,2459.58,No,USR-001,2025-03-01,No,Yes,No,Yes,Yes,No receipt attached; Claim submitted at the weekend
EXP-00063,EMP1000,R. Chikafu,2024-07-01,2024-07,Communication,824.68,Yes,USR-001,2024-08-07,No,No,Yes,Yes,No,-
EXP-00064,EMP1024,B. Ncube,2024-05-20,2024-05,Communication,5593.38,Yes,USR-006,2024-06-05,No,No,Yes,Yes,No,-
EXP-00065,EMP1042,B. Ncube,2025-04-09,2025-04,Fuel,1075.18,Yes,USR-011,2025-05-15,No,No,Yes,Yes,No,-
EXP-00066,EMP1040,P. Gumbo,2024-10-23,2024-10,Communication,2968.94,Yes,USR-006,2024-11-21,No,No,Yes,Yes,No,-
EXP-00067,EMP1022,L. Sibanda,2025-09-10,2025-09,Communication,3226.43,Yes,USR-006,2025-10-17,No,No,Yes,Yes,No,-
EXP-00068,EMP1014,P. Gumbo,2024-07-30,2024-07,Travel - Mileage,1510.95,No,USR-006,2024-09-08,No,No,No,Yes,Yes,No receipt attached
EXP-00069,EMP1024,K. Dube,2024-01-13,2024-01,Travel - Air,298.06,Yes,USR-001,2024-02-16,No,Yes,Yes,Yes,Yes,Claim submitted at the weekend
EXP-00070,EMP1024,B. Ncube,2024-08-18,2024-08,Accommodation,470.9,Yes,USR-001,2024-09-20,No,Yes,Yes,Yes,Yes,Claim submitted at the weekend
EXP-00071,EMP1040,T. Makuvaza,2024-07-19,2024-07,Communication,1383.88,Yes,USR-011,2024-08-16,No,No,Yes,Yes,No,-
EXP-00072,EMP1044,R. Chikafu,2024-04-07,2024-04,Travel - Air,1066.63,Yes,USR-001,2024-04-24,No,Yes,Yes,Yes,Yes,Claim submitted at the weekend
EXP-00073,EMP1035,S. Moyo,2025-07-22,2025-07,Training,928.73,Yes,USR-001,2025-08-24,No,No,Yes,Yes,No,-
EXP-00074,EMP1011,D. Mutasa,2024-10-21,2024-10,Client Entertainment,1170.66,Yes,USR-011,2024-11-25,No,No,Yes,Yes,No,-
EXP-00075,EMP1005,R. Chikafu,2025-04-08,2025-04,Accommodation,4252.87,Yes,USR-006,2025-05-05,No,No,Yes,Yes,No,-
EXP-00076,EMP1016,T. Makuvaza,2024-04-10,2024-04,Communication,1087.96,No,USR-001,2024-05-10,No,No,No,Yes,Yes,No receipt attached
EXP-00077,EMP1029,K. Dube,2025-07-08,2025-07,Client Entertainment,42.95,Yes,USR-001,2025-08-04,No,No,Yes,Yes,No,-
EXP-00078,EMP1043,P. Gumbo,2024-04-04,2024-04,Travel - Air,239.5,Yes,USR-011,2024-04-16,No,No,Yes,Yes,No,-
EXP-00079,EMP1022,P. Gumbo,2025-07-16,2025-07,Travel - Mileage,815.48,Yes,USR-006,2025-07-28,No,No,Yes,Yes,No,-
EXP-00080,EMP1022,R. Chikafu,2024-05-03,2024-05,Training,1556.36,Yes,USR-011,2024-05-23,No,No,Yes,Yes,No,-
EXP-00081,EMP1029,A. Banda,2024-06-02,2024-06,Travel - Air,2895.43,Yes,USR-006,2024-06-24,No,Yes,Yes,Yes,Yes,Claim submitted at the weekend
EXP-00082,EMP1049,B. Ncube,2024-04-20,2024-04,Accommodation,54.25,Yes,USR-011,2024-04-29,No,Yes,Yes,Yes,Yes,Claim submitted at the weekend
EXP-00083,EMP1022,R. Chikafu,2024-04-24,2024-04,Communication,5255.37,Yes,USR-006,2024-05-07,No,No,Yes,Yes,No,-
EXP-00084,EMP1015,T. Makuvaza,2024-03-09,2024-03,Meals,1260.2,Yes,USR-001,2024-04-11,No,Yes,Yes,Yes,Yes,Claim submitted at the weekend
EXP-00085,EMP1040,B. Ncube,2024-03-05,2024-03,Communication,1067.07,Yes,USR-006,2024-03-12,No,No,Yes,Yes,No,-
EXP-00086,EMP1037,K. Dube,2025-04-11,2025-04,Client Entertainment,5901.78,Yes,USR-006,2025-05-15,No,No,Yes,Yes,No,-
EXP-00087,EMP1010,K. Dube,2025-08-09,2025-08,Accommodation,2209.47,Yes,USR-011,2025-09-16,No,Yes,Yes,Yes,Yes,Claim submitted at the weekend
EXP-00088,EMP1020,S. Moyo,2024-05-23,2024-05,Travel - Air,273.06,Yes,USR-006,2024-06-08,No,No,Yes,Yes,No,-
EXP-00089,EMP1004,R. Chikafu,2025-07-29,2025-07,Travel - Air,56.05,Yes,USR-006,2025-08-11,No,No,Yes,Yes,No,-
EXP-00090,EMP1044,T. Makuvaza,2024-09-15,2024-09,Travel - Mileage,1141.55,Yes,USR-001,2024-10-04,No,Yes,Yes,Yes,Yes,Claim submitted at the weekend
EXP-00091,EMP1019,M. Nyathi,2024-07-06,2024-07,Meals,1788.73,Yes,USR-011,2024-08-14,No,Yes,Yes,Yes,Yes,Claim submitted at the weekend
EXP-00092,EMP1049,P. Gumbo,2025-08-05,2025-08,Communication,53.52,Yes,USR-001,2025-08-27,Yes,No,Yes,Yes,Yes,Duplicate claim suspected
EXP-00093,EMP1047,N. Zhou,2025-07-09,2025-07,Travel - Air,135.51,No,USR-006,2025-07-25,No,No,No,Yes,Yes,No receipt attached
EXP-00094,EMP1014,D. Mutasa,2024-06-19,2024-06,Meals,133.75,Yes,USR-006,2024-07-26,No,No,Yes,Yes,No,-
EXP-00095,EMP1047,N. Zhou,2025-08-08,2025-08,Fuel,251.28,Yes,USR-001,2025-09-14,No,No,Yes,Yes,No,-
EXP-00096,EMP1005,L. Sibanda,2025-08-12,2025-08,Fuel,287.41,No,USR-011,2025-09-07,No,No,No,Yes,Yes,No receipt attached
EXP-00097,EMP1038,P. Gumbo,2025-09-08,2025-09,Accommodation,5550.22,Yes,USR-006,2025-10-12,Yes,No,Yes,Yes,Yes,Duplicate claim suspected
EXP-00098,EMP1013,D. Mutasa,2024-05-21,2024-05,Travel - Mileage,482.08,Yes,USR-011,2024-05-30,No,No,Yes,Yes,No,-
EXP-00099,EMP1024,J. Marufu,2024-09-16,2024-09,Fuel,2284.33,Yes,USR-001,2024-10-17,No,No,Yes,Yes,No,-
EXP-00100,EMP1012,B. Ncube,2024-08-18,2024-08,Client Entertainment,399.91,Yes,USR-006,2024-08-31,No,Yes,Yes,Yes,Yes,Claim submitted at the weekend
EXP-00101,EMP1011,A. Banda,2024-05-28,2024-05,Client Entertainment,792.46,Yes,USR-011,2024-06-05,No,No,Yes,Yes,No,-
EXP-00102,EMP1015,L. Sibanda,2024-09-24,2024-09,Travel - Air,5884.31,Yes,USR-011,2024-11-02,No,No,Yes,Yes,No,-
EXP-00103,EMP1010,D. Mutasa,2025-01-02,2025-01,Accommodation,269.91,Yes,USR-006,2025-01-24,No,No,Yes,Yes,No,-
EXP-00104,EMP1001,T. Makuvaza,2025-07-02,2025-07,Travel - Air,1862.09,No,USR-001,2025-07-28,No,No,No,Yes,Yes,No receipt attached
EXP-00105,EMP1028,T. Makuvaza,2025-05-19,2025-05,Communication,1432.97,No,USR-011,2025-06-15,No,No,No,Yes,Yes,No receipt attached
EXP-00106,EMP1026,S. Moyo,2024-01-09,2024-01,Client Entertainment,5430.39,Yes,USR-011,2024-01-22,No,No,Yes,Yes,No,-
EXP-00107,EMP1033,P. Gumbo,2025-03-03,2025-03,Fuel,4932.49,Yes,USR-001,2025-03-29,No,No,Yes,Yes,No,-
EXP-00108,EMP1027,S. Moyo,2024-05-27,2024-05,Accommodation,284.62,Yes,USR-006,2024-06-26,No,No,Yes,Yes,No,-
EXP-00109,EMP1034,T. Makuvaza,2025-04-18,2025-04,Travel - Air,902.85,Yes,USR-006,2025-04-27,No,No,Yes,Yes,No,-
EXP-00110,EMP1036,K. Dube,2024-09-21,2024-09,Training,1531.73,Yes,USR-001,2024-10-25,No,Yes,Yes,Yes,Yes,Claim submitted at the weekend
EXP-00111,EMP1049,K. Dube,2025-09-01,2025-09,Communication,117.53,No,USR-006,2025-09-27,No,No,No,Yes,Yes,No receipt attached
EXP-00112,EMP1025,J. Marufu,2025-07-23,2025-07,Communication,4227.04,Yes,USR-011,2025-08-24,No,No,Yes,Yes,No,-
EXP-00113,EMP1015,N. Zhou,2024-08-03,2024-08,Travel - Mileage,3895.14,Yes,USR-006,2024-08-18,No,Yes,Yes,Yes,Yes,Claim submitted at the weekend
EXP-00114,EMP1002,A. Banda,2025-09-18,2025-09,Travel - Air,112.87,Yes,USR-001,2025-10-09,No,No,Yes,Yes,No,-
EXP-00115,EMP1016,P. Gumbo,2024-02-16,2024-02,Meals,558.84,Yes,USR-006,2024-03-22,No,No,Yes,Yes,No,-
EXP-00116,EMP1027,K. Dube,2025-04-27,2025-04,Communication,222.81,Yes,USR-006,2025-05-20,No,Yes,Yes,Yes,Yes,Claim submitted at the weekend
EXP-00117,EMP1006,B. Ncube,2025-04-11,2025-04,Accommodation,2896.91,Yes,USR-011,2025-05-19,No,No,Yes,Yes,No,-
EXP-00118,EMP1036,K. Dube,2024-02-21,2024-02,Training,2774.94,Yes,USR-001,2024-03-01,No,No,Yes,Yes,No,-
EXP-00119,EMP1037,B. Ncube,2025-07-08,2025-07,Client Entertainment,276.15,Yes,USR-011,2025-08-02,Yes,No,Yes,Yes,Yes,Duplicate claim suspected
EXP-00120,EMP1050,R. Chikafu,2024-04-27,2024-04,Training,234.32,Yes,USR-006,2024-05-12,No,Yes,Yes,Yes,Yes,Claim submitted at the weekend
EXP-00121,EMP1032,J. Marufu,2025-07-14,2025-07,Accommodation,44.46,Yes,USR-006,2025-07-30,No,No,Yes,Yes,No,-
EXP-00122,EMP1027,R. Chikafu,2025-03-29,2025-03,Travel - Mileage,105.87,Yes,USR-011,2025-04-21,No,Yes,Yes,Yes,Yes,Claim submitted at the weekend
EXP-00123,EMP1017,A. Banda,2024-07-18,2024-07,Travel - Mileage,1363.36,Yes,USR-001,2024-08-05,No,No,Yes,Yes,No,-
EXP-00124,EMP1028,L. Sibanda,2024-05-15,2024-05,Travel - Mileage,310.39,Yes,USR-006,2024-06-18,No,No,Yes,Yes,No,-
EXP-00125,EMP1036,T. Makuvaza,2024-02-23,2024-02,Accommodation,121.67,Yes,USR-006,2024-03-23,No,No,Yes,Yes,No,-
EXP-00126,EMP1034,K. Dube,2024-02-04,2024-02,Meals,1209.07,Yes,USR-001,2024-02-29,No,Yes,Yes,Yes,Yes,Claim submitted at the weekend
EXP-00127,EMP1038,R. Chikafu,2024-05-03,2024-05,Meals,50.85,Yes,USR-006,2024-05-18,No,No,Yes,Yes,No,-
EXP-00128,EMP1045,P. Gumbo,2024-03-04,2024-03,Communication,2398.03,No,USR-011,2024-03-13,No,No,No,Yes,Yes,No receipt attached
EXP-00129,EMP1017,B. Ncube,2024-05-31,2024-05,Meals,149.92,No,USR-011,2024-06-12,No,No,No,Yes,Yes,No receipt attached
EXP-00130,EMP1001,M. Nyathi,2025-08-04,2025-08,Communication,142.29,Yes,USR-001,2025-08-23,No,No,Yes,Yes,No,-
EXP-00131,EMP1035,R. Chikafu,2025-09-17,2025-09,Travel - Air,508.59,Yes,USR-001,2025-10-08,No,No,Yes,Yes,No,-
EXP-00132,EMP1005,T. Makuvaza,2025-07-16,2025-07,Travel - Air,145.99,No,USR-006,2025-08-03,No,No,No,Yes,Yes,No receipt attached
EXP-00133,EMP1017,S. Moyo,2025-02-26,2025-02,Communication,909.56,Yes,USR-011,2025-03-22,No,No,Yes,Yes,No,-
EXP-00134,EMP1017,J. Marufu,2024-07-25,2024-07,Meals,5476.36,Yes,USR-006,2024-08-23,No,No,Yes,Yes,No,-
EXP-00135,EMP1041,S. Moyo,2025-01-22,2025-01,Travel - Mileage,47.4,Yes,USR-001,2025-02-07,No,No,Yes,Yes,No,-
EXP-00136,EMP1040,A. Banda,2024-10-31,2024-10,Client Entertainment,595.22,Yes,USR-006,2024-12-02,No,No,Yes,Yes,No,-
EXP-00137,EMP1037,B. Ncube,2024-06-24,2024-06,Training,3233.54,Yes,USR-001,2024-07-07,No,No,Yes,Yes,No,-
EXP-00138,EMP1030,R. Chikafu,2024-05-22,2024-05,Communication,222.11,Yes,USR-006,2024-06-26,No,No,Yes,Yes,No,-
EXP-00139,EMP1039,S. Moyo,2024-01-20,2024-01,Accommodation,2468.54,Yes,USR-001,2024-02-22,No,Yes,Yes,Yes,Yes,Claim submitted at the weekend
EXP-00140,EMP1038,P. Gumbo,2024-07-13,2024-07,Accommodation,1055.8,Yes,USR-001,2024-08-13,No,Yes,Yes,Yes,Yes,Claim submitted at the weekend
EXP-00141,EMP1031,P. Gumbo,2025-01-25,2025-01,Meals,135.47,No,USR-011,2025-02-21,No,Yes,No,Yes,Yes,No receipt attached; Claim submitted at the weekend
EXP-00142,EMP1050,K. Dube,2025-08-21,2025-08,Accommodation,118.61,Yes,USR-006,2025-09-26,No,No,Yes,Yes,No,-
EXP-00143,EMP1045,P. Gumbo,2024-09-12,2024-09,Training,52.87,No,USR-006,2024-10-12,No,No,No,Yes,Yes,No receipt attached
EXP-00144,EMP1043,S. Moyo,2024-02-06,2024-02,Travel - Mileage,1857.22,Yes,USR-006,2024-02-16,No,No,Yes,Yes,No,-
EXP-00145,EMP1037,B. Ncube,2024-10-21,2024-10,Training,1007.17,Yes,USR-006,2024-11-10,No,No,Yes,Yes,No,-
EXP-00146,EMP1019,K. Dube,2025-05-22,2025-05,Fuel,584.52,Yes,USR-011,2025-06-09,No,No,Yes,Yes,No,-
EXP-00147,EMP1027,K. Dube,2024-07-13,2024-07,Fuel,4501.42,Yes,USR-011,2024-08-12,No,Yes,Yes,Yes,Yes,Claim submitted at the weekend
EXP-00148,EMP1026,S. Moyo,2024-12-09,2024-12,Training,562.49,Yes,USR-001,2025-01-01,No,No,Yes,Yes,No,-
EXP-00149,EMP1010,R. Chikafu,2024-07-31,2024-07,Training,839.03,No,USR-006,2024-08-28,No,No,No,Yes,Yes,No receipt attached
EXP-00150,EMP1023,R. Chikafu,2025-08-25,2025-08,Meals,2608.9,Yes,USR-006,2025-09-05,No,No,Yes,Yes,No,-
EXP-00151,EMP1009,P. Gumbo,2024-09-12,2024-09,Accommodation,55.25,Yes,USR-011,2024-09-26,No,No,Yes,Yes,No,-
EXP-00152,EMP1033,K. Dube,2024-11-28,2024-11,Accommodation,304.63,Yes,USR-001,2024-12-09,No,No,Yes,Yes,No,-
EXP-00153,EMP1043,L. Sibanda,2025-04-10,2025-04,Meals,5391.83,Yes,USR-001,2025-05-01,No,No,Yes,Yes,No,-
EXP-00154,EMP1036,B. Ncube,2025-03-22,2025-03,Meals,444.03,No,USR-001,2025-03-30,No,Yes,No,Yes,Yes,No receipt attached; Claim submitted at the weekend
EXP-00155,EMP1048,M. Nyathi,2024-03-05,2024-03,Travel - Air,538.41,No,USR-006,2024-03-20,No,No,No,Yes,Yes,No receipt attached
EXP-00156,EMP1000,T. Makuvaza,2025-07-10,2025-07,Training,148.55,Yes,USR-001,2025-07-22,No,No,Yes,Yes,No,-
EXP-00157,EMP1026,S. Moyo,2024-05-26,2024-05,Travel - Air,5462.15,Yes,USR-006,2024-06-10,No,Yes,Yes,Yes,Yes,Claim submitted at the weekend
EXP-00158,EMP1031,T. Makuvaza,2024-07-23,2024-07,Accommodation,5502.71,Yes,USR-011,2024-08-31,No,No,Yes,Yes,No,-
EXP-00159,EMP1000,S. Moyo,2024-02-13,2024-02,Communication,260.84,Yes,USR-006,2024-03-06,No,No,Yes,Yes,No,-
EXP-00160,EMP1040,M. Nyathi,2024-02-06,2024-02,Client Entertainment,2902.96,Yes,USR-011,2024-02-27,No,No,Yes,Yes,No,-
EXP-00161,EMP1001,N. Zhou,2024-08-16,2024-08,Travel - Mileage,428.32,No,USR-006,2024-09-02,No,No,No,Yes,Yes,No receipt attached
EXP-00162,EMP1034,K. Dube,2025-06-12,2025-06,Meals,215.86,Yes,USR-006,2025-07-12,No,No,Yes,Yes,No,-
EXP-00163,EMP1020,K. Dube,2025-02-01,2025-02,Training,556.11,Yes,USR-011,2025-02-13,No,Yes,Yes,Yes,Yes,Claim submitted at the weekend
EXP-00164,EMP1043,K. Dube,2024-06-08,2024-06,Meals,782.99,Yes,USR-001,2024-07-05,No,Yes,Yes,Yes,Yes,Claim submitted at the weekend
EXP-00165,EMP1037,L. Sibanda,2024-01-21,2024-01,Training,4265.02,Yes,USR-006,2024-02-07,Yes,Yes,Yes,Yes,Yes,Duplicate claim suspected; Claim submitted at the weekend
EXP-00166,EMP1011,J. Marufu,2024-10-22,2024-10,Accommodation,112.62,Yes,USR-011,2024-11-23,No,No,Yes,Yes,No,-
EXP-00167,EMP1023,D. Mutasa,2024-04-17,2024-04,Accommodation,1476.11,Yes,USR-006,2024-05-12,No,No,Yes,Yes,No,-
EXP-00168,EMP1006,D. Mutasa,2025-03-23,2025-03,Training,130.58,Yes,USR-011,2025-04-16,No,Yes,Yes,Yes,Yes,Claim submitted at the weekend
EXP-00169,EMP1015,L. Sibanda,2024-06-05,2024-06,Client Entertainment,4166.81,No,USR-001,2024-06-14,No,No,No,Yes,Yes,No receipt attached
EXP-00170,EMP1020,D. Mutasa,2024-04-01,2024-04,Meals,409.4,Yes,USR-001,2024-04-30,No,No,Yes,Yes,No,-
EXP-00171,EMP1026,T. Makuvaza,2024-11-18,2024-11,Client Entertainment,532.04,Yes,USR-011,2024-12-18,No,No,Yes,Yes,No,-
EXP-00172,EMP1029,S. Moyo,2024-04-15,2024-04,Training,110.04,No,USR-006,2024-04-23,No,No,No,Yes,Yes,No receipt attached
EXP-00173,EMP1022,K. Dube,2024-11-26,2024-11,Fuel,972.86,Yes,USR-006,2024-12-17,No,No,Yes,Yes,No,-
EXP-00174,EMP1015,R. Chikafu,2024-11-15,2024-11,Travel - Air,1703.88,No,USR-001,2024-12-08,No,No,No,Yes,Yes,No receipt attached
EXP-00175,EMP1037,N. Zhou,2025-08-01,2025-08,Travel - Mileage,41.75,Yes,USR-006,2025-08-25,No,No,Yes,Yes,No,-
EXP-00176,EMP1002,K. Dube,2025-05-10,2025-05,Accommodation,3068.05,No,USR-006,2025-05-30,No,Yes,No,Yes,Yes,No receipt attached; Claim submitted at the weekend
EXP-00177,EMP1030,K. Dube,2025-05-30,2025-05,Travel - Mileage,782.26,Yes,USR-006,2025-07-05,No,No,Yes,Yes,No,-
EXP-00178,EMP1023,T. Makuvaza,2025-07-26,2025-07,Accommodation,3435.06,Yes,USR-001,2025-08-11,No,Yes,Yes,Yes,Yes,Claim submitted at the weekend
EXP-00179,EMP1016,K. Dube,2024-06-02,2024-06,Travel - Mileage,2912.24,Yes,USR-001,2024-07-04,No,Yes,Yes,Yes,Yes,Claim submitted at the weekend
EXP-00180,EMP1050,T. Makuvaza,2024-06-04,2024-06,Fuel,1812.19,No,USR-001,2024-07-13,No,No,No,Yes,Yes,No receipt attached
EXP-00181,EMP1004,J. Marufu,2024-08-30,2024-08,Client Entertainment,1857.42,Yes,USR-006,2024-09-14,No,No,Yes,Yes,No,-
EXP-00182,EMP1024,P. Gumbo,2025-05-27,2025-05,Client Entertainment,244.51,Yes,USR-006,2025-06-18,No,No,Yes,Yes,No,-
EXP-00183,EMP1044,B. Ncube,2024-05-12,2024-05,Training,44.9,Yes,USR-006,2024-06-03,No,Yes,Yes,Yes,Yes,Claim submitted at the weekend
EXP-00184,EMP1012,R. Chikafu,2024-03-30,2024-03,Travel - Mileage,4352.37,Yes,USR-001,2024-04-27,No,Yes,Yes,Yes,Yes,Claim submitted at the weekend
EXP-00185,EMP1024,B. Ncube,2025-09-05,2025-09,Communication,4822.15,Yes,USR-006,2025-09-26,No,No,Yes,Yes,No,-
EXP-00186,EMP1034,N. Zhou,2024-12-21,2024-12,Training,539.57,Yes,USR-001,2024-12-29,No,Yes,Yes,Yes,Yes,Claim submitted at the weekend
EXP-00187,EMP1013,J. Marufu,2024-11-09,2024-11,Client Entertainment,1512.08,Yes,USR-006,2024-11-24,No,Yes,Yes,Yes,Yes,Claim submitted at the weekend
EXP-00188,EMP1016,L. Sibanda,2024-09-29,2024-09,Client Entertainment,222.23,Yes,USR-011,2024-10-11,No,Yes,Yes,Yes,Yes,Claim submitted at the weekend
EXP-00189,EMP1036,P. Gumbo,2024-02-19,2024-02,Accommodation,2361.54,No,USR-006,2024-03-25,No,No,No,Yes,Yes,No receipt attached
EXP-00190,EMP1016,K. Dube,2025-03-01,2025-03,Client Entertainment,422.81,Yes,USR-001,2025-03-27,No,Yes,Yes,Yes,Yes,Claim submitted at the weekend
EXP-00191,EMP1011,D. Mutasa,2024-11-08,2024-11,Client Entertainment,5650.5,Yes,USR-001,2024-12-15,No,No,Yes,Yes,No,-
EXP-00192,EMP1013,P. Gumbo,2024-07-03,2024-07,Communication,484.34,Yes,USR-011,2024-08-12,No,No,Yes,Yes,No,-
EXP-00193,EMP1005,D. Mutasa,2024-10-28,2024-10,Travel - Air,258.52,Yes,USR-011,2024-11-30,No,No,Yes,Yes,No,-
EXP-00194,EMP1018,S. Moyo,2025-04-02,2025-04,Client Entertainment,2349.99,Yes,USR-006,2025-04-17,No,No,Yes,Yes,No,-
EXP-00195,EMP1046,T. Makuvaza,2024-05-28,2024-05,Fuel,1586.12,Yes,USR-011,2024-06-24,No,No,Yes,Yes,No,-
EXP-00196,EMP1014,L. Sibanda,2024-01-14,2024-01,Meals,257.02,Yes,USR-006,2024-01-25,No,Yes,Yes,Yes,Yes,Claim submitted at the weekend
EXP-00197,EMP1042,L. Sibanda,2025-09-14,2025-09,Travel - Air,109.16,Yes,USR-011,2025-10-14,No,Yes,Yes,Yes,Yes,Claim submitted at the weekend
EXP-00198,EMP1023,B. Ncube,2025-08-09,2025-08,Travel - Mileage,3959.35,Yes,USR-011,2025-09-18,No,Yes,Yes,Yes,Yes,Claim submitted at the weekend
EXP-00199,EMP1043,P. Gumbo,2024-01-24,2024-01,Client Entertainment,2817.0,No,USR-001,2024-02-06,Yes,No,No,Yes,Yes,No receipt attached; Duplicate claim suspected
EXP-00200,EMP1014,R. Chikafu,2024-07-19,2024-07,Training,2517.63,Yes,USR-001,2024-07-29,No,No,Yes,Yes,No,-
EXP-00201,EMP1006,K. Dube,2024-09-02,2024-09,Travel - Air,1645.99,Yes,USR-006,2024-09-09,No,No,Yes,Yes,No,-
EXP-00202,EMP1035,T. Makuvaza,2024-10-27,2024-10,Accommodation,212.05,Yes,USR-011,2024-11-18,No,Yes,Yes,Yes,Yes,Claim submitted at the weekend
EXP-00203,EMP1030,M. Nyathi,2024-07-19,2024-07,Communication,1182.76,Yes,USR-011,2024-08-28,No,No,Yes,Yes,No,-
EXP-00204,EMP1040,N. Zhou,2024-01-13,2024-01,Client Entertainment,299.05,Yes,USR-001,2024-02-06,No,Yes,Yes,Yes,Yes,Claim submitted at the weekend
EXP-00205,EMP1049,B. Ncube,2025-07-29,2025-07,Accommodation,252.07,Yes,USR-011,2025-08-26,No,No,Yes,Yes,No,-
EXP-00206,EMP1032,K. Dube,2024-05-29,2024-05,Training,106.44,Yes,USR-006,2024-06-08,No,No,Yes,Yes,No,-
EXP-00207,EMP1043,D. Mutasa,2025-05-27,2025-05,Client Entertainment,937.42,Yes,USR-011,2025-06-20,No,No,Yes,Yes,No,-
EXP-00208,EMP1027,L. Sibanda,2024-02-05,2024-02,Training,1420.47,No,USR-006,2024-03-09,Yes,No,No,Yes,Yes,No receipt attached; Duplicate claim suspected
EXP-00209,EMP1031,N. Zhou,2024-10-03,2024-10,Fuel,1818.89,Yes,USR-011,2024-10-20,No,No,Yes,Yes,No,-
EXP-00210,EMP1045,S. Moyo,2025-09-22,2025-09,Accommodation,130.77,Yes,USR-006,2025-10-03,No,No,Yes,Yes,No,-
EXP-00211,EMP1007,P. Gumbo,2025-02-18,2025-02,Accommodation,55.49,Yes,USR-006,2025-03-04,No,No,Yes,Yes,No,-
EXP-00212,EMP1044,D. Mutasa,2024-10-06,2024-10,Meals,1633.2,Yes,USR-001,2024-10-29,No,Yes,Yes,Yes,Yes,Claim submitted at the weekend
EXP-00213,EMP1032,J. Marufu,2024-12-06,2024-12,Accommodation,4805.89,Yes,USR-001,2025-01-09,No,No,Yes,Yes,No,-
EXP-00214,EMP1012,L. Sibanda,2025-06-25,2025-06,Accommodation,592.41,No,USR-006,2025-08-02,No,No,No,Yes,Yes,No receipt attached
EXP-00215,EMP1013,B. Ncube,2025-06-25,2025-06,Client Entertainment,465.04,Yes,USR-001,2025-07-22,No,No,Yes,Yes,No,-
EXP-00216,EMP1047,R. Chikafu,2024-10-09,2024-10,Travel - Air,4299.15,Yes,USR-011,2024-10-25,No,No,Yes,Yes,No,-
EXP-00217,EMP1042,T. Makuvaza,2025-03-29,2025-03,Travel - Air,2721.9,No,USR-006,2025-05-08,No,Yes,No,Yes,Yes,No receipt attached; Claim submitted at the weekend
EXP-00218,EMP1036,L. Sibanda,2025-09-24,2025-09,Accommodation,1037.76,Yes,USR-006,2025-10-09,No,No,Yes,Yes,No,-
EXP-00219,EMP1044,R. Chikafu,2025-07-18,2025-07,Travel - Mileage,111.02,Yes,USR-006,2025-07-30,No,No,Yes,Yes,No,-
EXP-00220,EMP1018,S. Moyo,2025-09-01,2025-09,Communication,787.45,Yes,USR-006,2025-10-04,No,No,Yes,Yes,No,-
EXP-00221,EMP1039,T. Makuvaza,2024-10-11,2024-10,Communication,585.33,Yes,USR-011,2024-11-02,No,No,Yes,Yes,No,-
EXP-00222,EMP1011,L. Sibanda,2024-03-16,2024-03,Travel - Mileage,1145.18,Yes,USR-001,2024-04-22,No,Yes,Yes,Yes,Yes,Claim submitted at the weekend
EXP-00223,EMP1010,R. Chikafu,2025-07-26,2025-07,Client Entertainment,499.52,Yes,USR-011,2025-08-26,No,Yes,Yes,Yes,Yes,Claim submitted at the weekend
EXP-00224,EMP1026,R. Chikafu,2024-08-08,2024-08,Communication,529.13,Yes,USR-006,2024-08-26,No,No,Yes,Yes,No,-
EXP-00225,EMP1046,N. Zhou,2024-09-16,2024-09,Travel - Mileage,234.34,Yes,USR-011,2024-10-22,No,No,Yes,Yes,No,-
EXP-00226,EMP1013,K. Dube,2024-06-12,2024-06,Travel - Air,766.56,Yes,USR-011,2024-07-19,No,No,Yes,Yes,No,-
EXP-00227,EMP1050,T. Makuvaza,2025-05-22,2025-05,Communication,5313.17,Yes,USR-011,2025-06-07,No,No,Yes,Yes,No,-
EXP-00228,EMP1023,B. Ncube,2025-07-09,2025-07,Client Entertainment,2924.01,Yes,USR-006,2025-08-08,No,No,Yes,Yes,No,-
EXP-00229,EMP1021,D. Mutasa,2024-04-08,2024-04,Training,384.04,Yes,USR-001,2024-04-18,No,No,Yes,Yes,No,-
EXP-00230,EMP1004,R. Chikafu,2024-05-22,2024-05,Travel - Air,911.2,Yes,USR-001,2024-06-13,No,No,Yes,Yes,No,-
EXP-00231,EMP1026,J. Marufu,2025-01-04,2025-01,Training,547.95,Yes,USR-011,2025-02-11,No,Yes,Yes,Yes,Yes,Claim submitted at the weekend
EXP-00232,EMP1027,M. Nyathi,2025-01-29,2025-01,Travel - Air,101.6,Yes,USR-006,2025-02-06,No,No,Yes,Yes,No,-
EXP-00233,EMP1045,S. Moyo,2024-08-08,2024-08,Accommodation,5068.46,No,USR-006,2024-09-01,No,No,No,Yes,Yes,No receipt attached
EXP-00234,EMP1048,N. Zhou,2024-06-10,2024-06,Travel - Air,5327.76,Yes,USR-011,2024-06-20,No,No,Yes,Yes,No,-
EXP-00235,EMP1018,B. Ncube,2025-01-28,2025-01,Accommodation,5665.88,Yes,USR-011,2025-02-15,No,No,Yes,Yes,No,-
EXP-00236,EMP1044,L. Sibanda,2024-04-24,2024-04,Accommodation,99.68,Yes,USR-001,2024-05-01,No,No,Yes,Yes,No,-
EXP-00237,EMP1011,M. Nyathi,2024-08-12,2024-08,Client Entertainment,3008.88,Yes,USR-001,2024-09-18,No,No,Yes,Yes,No,-
EXP-00238,EMP1040,R. Chikafu,2025-07-30,2025-07,Client Entertainment,41.94,Yes,USR-011,2025-08-09,No,No,Yes,Yes,No,-
EXP-00239,EMP1022,P. Gumbo,2025-06-25,2025-06,Meals,1286.31,Yes,USR-006,2025-08-03,No,No,Yes,Yes,No,-
EXP-00240,EMP1048,A. Banda,2024-11-27,2024-11,Training,4891.87,Yes,USR-011,2024-12-21,No,No,Yes,Yes,No,-
EXP-00241,EMP1046,J. Marufu,2025-01-19,2025-01,Travel - Mileage,224.29,Yes,USR-006,2025-02-05,No,Yes,Yes,Yes,Yes,Claim submitted at the weekend
EXP-00242,EMP1015,K. Dube,2024-03-12,2024-03,Meals,1708.22,Yes,USR-001,2024-04-14,No,No,Yes,Yes,No,-
EXP-00243,EMP1005,D. Mutasa,2025-06-20,2025-06,Travel - Air,599.89,Yes,USR-011,2025-07-24,No,No,Yes,Yes,No,-
EXP-00244,EMP1021,A. Banda,2025-05-10,2025-05,Fuel,322.62,Yes,USR-006,2025-05-23,No,Yes,Yes,Yes,Yes,Claim submitted at the weekend
EXP-00245,EMP1039,S. Moyo,2024-05-25,2024-05,Communication,2466.13,Yes,USR-011,2024-07-03,No,Yes,Yes,Yes,Yes,Claim submitted at the weekend
EXP-00246,EMP1033,N. Zhou,2025-09-16,2025-09,Training,1583.8,Yes,USR-001,2025-10-11,No,No,Yes,Yes,No,-
EXP-00247,EMP1030,N. Zhou,2024-10-16,2024-10,Training,1818.67,Yes,USR-006,2024-10-27,No,No,Yes,Yes,No,-
EXP-00248,EMP1006,N. Zhou,2024-04-14,2024-04,Fuel,48.49,Yes,USR-011,2024-04-25,No,Yes,Yes,Yes,Yes,Claim submitted at the weekend
EXP-00249,EMP1019,N. Zhou,2025-05-31,2025-05,Client Entertainment,2641.73,Yes,USR-006,2025-06-28,No,Yes,Yes,Yes,Yes,Claim submitted at the weekend
EXP-00250,EMP1036,S. Moyo,2025-04-05,2025-04,Travel - Mileage,1695.14,Yes,USR-006,2025-05-03,No,Yes,Yes,Yes,Yes,Claim submitted at the weekend
EXP-00251,EMP1040,D. Mutasa,2024-07-19,2024-07,Training,224.94,Yes,USR-011,2024-08-21,No,No,Yes,Yes,No,-
EXP-00252,EMP1002,T. Makuvaza,2024-05-06,2024-05,Travel - Air,55.0,Yes,USR-001,2024-05-28,No,No,Yes,Yes,No,-
EXP-00253,EMP1016,S. Moyo,2025-01-25,2025-01,Meals,4043.12,Yes,USR-011,2025-02-15,No,Yes,Yes,Yes,Yes,Claim submitted at the weekend
EXP-00254,EMP1048,B. Ncube,2024-05-18,2024-05,Accommodation,4906.97,Yes,USR-001,2024-06-07,No,Yes,Yes,Yes,Yes,Claim submitted at the weekend
EXP-00255,EMP1040,P. Gumbo,2024-04-29,2024-04,Communication,4096.06,No,USR-011,2024-06-06,No,No,No,Yes,Yes,No receipt attached
EXP-00256,EMP1015,S. Moyo,2025-06-05,2025-06,Fuel,106.44,No,USR-001,2025-06-14,No,No,No,Yes,Yes,No receipt attached
EXP-00257,EMP1028,S. Moyo,2024-02-06,2024-02,Travel - Mileage,2873.47,Yes,USR-011,2024-03-07,No,No,Yes,Yes,No,-
EXP-00258,EMP1050,N. Zhou,2025-07-31,2025-07,Travel - Mileage,1157.18,Yes,USR-011,2025-08-26,No,No,Yes,Yes,No,-
EXP-00259,EMP1045,R. Chikafu,2024-06-25,2024-06,Accommodation,4624.82,Yes,USR-006,2024-07-21,No,No,Yes,Yes,No,-
EXP-00260,EMP1034,N. Zhou,2024-02-05,2024-02,Meals,4978.76,Yes,USR-001,2024-02-19,No,No,Yes,Yes,No,-
EXP-00261,EMP1047,P. Gumbo,2025-06-12,2025-06,Client Entertainment,931.73,Yes,USR-001,2025-06-25,No,No,Yes,Yes,No,-
EXP-00262,EMP1015,A. Banda,2025-06-17,2025-06,Fuel,3417.6,Yes,USR-001,2025-07-04,No,No,Yes,Yes,No,-
EXP-00263,EMP1025,N. Zhou,2025-05-27,2025-05,Accommodation,314.14,Yes,USR-006,2025-06-08,No,No,Yes,Yes,No,-
EXP-00264,EMP1012,B. Ncube,2024-01-13,2024-01,Communication,137.08,Yes,USR-011,2024-02-18,No,Yes,Yes,Yes,Yes,Claim submitted at the weekend
EXP-00265,EMP1042,M. Nyathi,2024-12-03,2024-12,Travel - Air,4896.23,Yes,USR-006,2024-12-11,No,No,Yes,Yes,No,-
EXP-00266,EMP1032,P. Gumbo,2025-01-07,2025-01,Travel - Air,120.29,Yes,USR-006,2025-01-26,No,No,Yes,Yes,No,-
EXP-00267,EMP1020,K. Dube,2024-09-24,2024-09,Meals,521.18,No,USR-001,2024-10-20,No,No,No,Yes,Yes,No receipt attached
EXP-00268,EMP1007,D. Mutasa,2024-03-13,2024-03,Travel - Air,46.72,Yes,USR-006,2024-03-20,No,No,Yes,Yes,No,-
EXP-00269,EMP1047,S. Moyo,2024-12-21,2024-12,Fuel,102.36,Yes,USR-006,2025-01-01,No,Yes,Yes,Yes,Yes,Claim submitted at the weekend
EXP-00270,EMP1013,B. Ncube,2024-11-24,2024-11,Training,51.0,Yes,USR-011,2024-12-27,No,Yes,Yes,Yes,Yes,Claim submitted at the weekend
EXP-00271,EMP1019,R. Chikafu,2024-10-05,2024-10,Client Entertainment,52.35,Yes,USR-006,2024-11-10,No,Yes,Yes,Yes,Yes,Claim submitted at the weekend
EXP-00272,EMP1035,R. Chikafu,2025-06-06,2025-06,Client Entertainment,51.61,No,USR-001,2025-06-28,No,No,No,Yes,Yes,No receipt attached
EXP-00273,EMP1030,A. Banda,2025-09-04,2025-09,Training,4058.95,Yes,USR-011,2025-09-23,No,No,Yes,Yes,No,-
EXP-00274,EMP1031,D. Mutasa,2025-05-22,2025-05,Fuel,128.81,Yes,USR-011,2025-06-11,No,No,Yes,Yes,No,-
EXP-00275,EMP1047,D. Mutasa,2024-08-18,2024-08,Travel - Mileage,143.94,Yes,USR-001,2024-09-16,No,Yes,Yes,Yes,Yes,Claim submitted at the weekend
EXP-00276,EMP1045,J. Marufu,2024-11-23,2024-11,Travel - Air,52.96,Yes,USR-006,2024-12-19,Yes,Yes,Yes,Yes,Yes,Duplicate claim suspected; Claim submitted at the weekend
EXP-00277,EMP1033,L. Sibanda,2024-09-03,2024-09,Travel - Mileage,894.15,Yes,USR-011,2024-09-27,No,No,Yes,Yes,No,-
EXP-00278,EMP1042,A. Banda,2025-08-21,2025-08,Fuel,258.72,Yes,USR-006,2025-09-28,No,No,Yes,Yes,No,-
EXP-00279,EMP1016,J. Marufu,2024-01-25,2024-01,Training,45.63,Yes,USR-006,2024-02-22,No,No,Yes,Yes,No,-
EXP-00280,EMP1006,B. Ncube,2024-11-30,2024-11,Travel - Air,36.2,Yes,USR-001,2024-12-15,No,Yes,Yes,Yes,Yes,Claim submitted at the weekend
EXP-00281,EMP1023,A. Banda,2024-12-30,2024-12,Travel - Mileage,823.21,Yes,USR-006,2025-01-11,No,No,Yes,Yes,No,-
EXP-00282,EMP1028,R. Chikafu,2024-06-24,2024-06,Travel - Air,55.08,Yes,USR-006,2024-07-15,No,No,Yes,Yes,No,-
EXP-00283,EMP1004,B. Ncube,2024-03-12,2024-03,Client Entertainment,512.59,Yes,USR-011,2024-03-25,No,No,Yes,Yes,No,-
EXP-00284,EMP1033,N. Zhou,2025-04-01,2025-04,Client Entertainment,1812.87,Yes,USR-006,2025-04-10,No,No,Yes,Yes,No,-
EXP-00285,EMP1049,K. Dube,2024-02-15,2024-02,Fuel,1518.35,Yes,USR-011,2024-03-01,No,No,Yes,Yes,No,-
EXP-00286,EMP1004,T. Makuvaza,2025-08-06,2025-08,Travel - Air,49.38,Yes,USR-011,2025-08-19,No,No,Yes,Yes,No,-
EXP-00287,EMP1033,P. Gumbo,2025-04-29,2025-04,Travel - Mileage,3419.01,Yes,USR-001,2025-05-23,No,No,Yes,Yes,No,-
EXP-00288,EMP1041,N. Zhou,2024-01-03,2024-01,Communication,813.17,Yes,USR-001,2024-02-11,No,No,Yes,Yes,No,-
EXP-00289,EMP1012,K. Dube,2025-09-22,2025-09,Travel - Air,117.87,Yes,USR-006,2025-10-24,No,No,Yes,Yes,No,-
EXP-00290,EMP1049,B. Ncube,2024-02-06,2024-02,Accommodation,4203.28,Yes,USR-001,2024-02-22,No,No,Yes,Yes,No,-
EXP-00291,EMP1050,P. Gumbo,2024-12-12,2024-12,Meals,3365.17,Yes,USR-001,2024-12-27,No,No,Yes,Yes,No,-
EXP-00292,EMP1008,P. Gumbo,2025-01-18,2025-01,Travel - Air,1486.21,Yes,USR-001,2025-02-03,No,Yes,Yes,Yes,Yes,Claim submitted at the weekend
EXP-00293,EMP1012,D. Mutasa,2025-07-05,2025-07,Client Entertainment,36.28,Yes,USR-006,2025-07-17,No,Yes,Yes,Yes,Yes,Claim submitted at the weekend
EXP-00294,EMP1006,L. Sibanda,2024-03-29,2024-03,Client Entertainment,1503.89,Yes,USR-011,2024-04-25,No,No,Yes,Yes,No,-
EXP-00295,EMP1036,S. Moyo,2024-07-10,2024-07,Training,114.38,Yes,USR-001,2024-07-19,No,No,Yes,Yes,No,-
EXP-00296,EMP1030,P. Gumbo,2024-12-17,2024-12,Fuel,237.43,Yes,USR-001,2025-01-04,No,No,Yes,Yes,No,-
EXP-00297,EMP1040,K. Dube,2024-10-10,2024-10,Travel - Mileage,1054.17,Yes,USR-011,2024-11-10,No,No,Yes,Yes,No,-
EXP-00298,EMP1013,K. Dube,2024-08-25,2024-08,Travel - Mileage,116.65,Yes,USR-011,2024-10-01,No,Yes,Yes,Yes,Yes,Claim submitted at the weekend
EXP-00299,EMP1017,K. Dube,2024-12-14,2024-12,Client Entertainment,2225.98,Yes,USR-001,2025-01-19,No,Yes,Yes,Yes,Yes,Claim submitted at the weekend
EXP-00300,EMP1023,P. Gumbo,2024-04-23,2024-04,Communication,120.78,Yes,USR-006,2024-05-14,No,No,Yes,Yes,No,-
EXP-00301,EMP1004,M. Nyathi,2024-03-28,2024-03,Communication,1715.55,Yes,USR-006,2024-04-05,Yes,No,Yes,Yes,Yes,Duplicate claim suspected
EXP-00302,EMP1036,B. Ncube,2024-07-20,2024-07,Client Entertainment,307.9,Yes,USR-006,2024-08-25,No,Yes,Yes,Yes,Yes,Claim submitted at the weekend
EXP-00303,EMP1024,D. Mutasa,2024-11-29,2024-11,Communication,299.37,Yes,USR-011,2025-01-01,No,No,Yes,Yes,No,-
EXP-00304,EMP1026,J. Marufu,2024-11-10,2024-11,Communication,3326.64,Yes,USR-001,2024-12-06,No,Yes,Yes,Yes,Yes,Claim submitted at the weekend
EXP-00305,EMP1027,N. Zhou,2025-05-09,2025-05,Travel - Air,102.54,Yes,USR-011,2025-06-13,No,No,Yes,Yes,No,-
EXP-00306,EMP1025,N. Zhou,2025-08-06,2025-08,Travel - Mileage,246.99,Yes,USR-011,2025-09-13,No,No,Yes,Yes,No,-
EXP-00307,EMP1011,J. Marufu,2025-05-03,2025-05,Accommodation,54.53,Yes,USR-011,2025-06-07,No,Yes,Yes,Yes,Yes,Claim submitted at the weekend
EXP-00308,EMP1019,T. Makuvaza,2024-05-01,2024-05,Fuel,1779.56,No,USR-001,2024-05-15,No,No,No,Yes,Yes,No receipt attached
EXP-00309,EMP1024,M. Nyathi,2024-03-13,2024-03,Accommodation,806.59,Yes,USR-011,2024-04-04,No,No,Yes,Yes,No,-
EXP-00310,EMP1049,B. Ncube,2025-03-31,2025-03,Client Entertainment,3304.41,Yes,USR-006,2025-04-27,No,No,Yes,Yes,No,-
EXP-00311,EMP1020,S. Moyo,2024-10-23,2024-10,Fuel,1595.89,Yes,USR-006,2024-11-24,No,No,Yes,Yes,No,-
EXP-00312,EMP1050,D. Mutasa,2024-04-10,2024-04,Client Entertainment,46.58,Yes,USR-001,2024-05-19,No,No,Yes,Yes,No,-
EXP-00313,EMP1049,T. Makuvaza,2025-02-08,2025-02,Training,2509.52,Yes,USR-011,2025-03-06,No,Yes,Yes,Yes,Yes,Claim submitted at the weekend
EXP-00314,EMP1025,L. Sibanda,2025-07-01,2025-07,Accommodation,438.9,No,USR-001,2025-08-02,No,No,No,Yes,Yes,No receipt attached
EXP-00315,EMP1022,P. Gumbo,2025-04-28,2025-04,Client Entertainment,1185.11,No,USR-011,2025-06-05,No,No,No,Yes,Yes,No receipt attached
EXP-00316,EMP1043,B. Ncube,2025-03-29,2025-03,Client Entertainment,42.79,Yes,USR-006,2025-04-19,No,Yes,Yes,Yes,Yes,Claim submitted at the weekend
EXP-00317,EMP1009,J. Marufu,2025-02-19,2025-02,Client Entertainment,2798.75,No,USR-001,2025-03-30,No,No,No,Yes,Yes,No receipt attached
EXP-00318,EMP1042,T. Makuvaza,2025-03-20,2025-03,Meals,40.34,Yes,USR-011,2025-04-24,No,No,Yes,Yes,No,-
EXP-00319,EMP1001,T. Makuvaza,2024-11-15,2024-11,Accommodation,289.97,Yes,USR-001,2024-11-22,No,No,Yes,Yes,No,-
EXP-00320,EMP1008,M. Nyathi,2024-12-30,2024-12,Accommodation,1622.58,Yes,USR-001,2025-01-13,No,No,Yes,Yes,No,-
EXP-00321,EMP1042,T. Makuvaza,2024-03-14,2024-03,Travel - Air,813.66,Yes,USR-001,2024-04-10,No,No,Yes,Yes,No,-
EXP-00322,EMP1031,N. Zhou,2024-09-02,2024-09,Training,295.99,Yes,USR-006,2024-10-07,No,No,Yes,Yes,No,-
EXP-00323,EMP1001,M. Nyathi,2024-05-25,2024-05,Communication,791.8,No,USR-011,2024-06-21,No,Yes,No,Yes,Yes,No receipt attached; Claim submitted at the weekend
EXP-00324,EMP1025,B. Ncube,2024-08-06,2024-08,Training,3880.63,Yes,USR-006,2024-08-30,No,No,Yes,Yes,No,-
EXP-00325,EMP1026,P. Gumbo,2024-09-11,2024-09,Communication,5179.81,Yes,USR-011,2024-09-26,No,No,Yes,Yes,No,-
EXP-00326,EMP1004,B. Ncube,2025-01-24,2025-01,Travel - Air,2962.25,Yes,USR-001,2025-02-20,No,No,Yes,Yes,No,-
EXP-00327,EMP1000,P. Gumbo,2024-06-05,2024-06,Communication,242.81,Yes,USR-006,2024-07-06,No,No,Yes,Yes,No,-
EXP-00328,EMP1006,S. Moyo,2025-09-10,2025-09,Training,444.31,Yes,USR-006,2025-10-02,No,No,Yes,Yes,No,-
EXP-00329,EMP1032,A. Banda,2024-01-30,2024-01,Client Entertainment,4716.37,Yes,USR-001,2024-02-19,No,No,Yes,Yes,No,-
EXP-00330,EMP1032,S. Moyo,2024-03-07,2024-03,Communication,4247.43,Yes,USR-001,2024-03-28,No,No,Yes,Yes,No,-
EXP-00331,EMP1037,B. Ncube,2025-06-12,2025-06,Training,290.12,Yes,USR-001,2025-06-25,No,No,Yes,Yes,No,-
EXP-00332,EMP1043,N. Zhou,2024-10-30,2024-10,Training,3224.67,Yes,USR-011,2024-12-03,No,No,Yes,Yes,No,-
EXP-00333,EMP1011,K. Dube,2025-09-13,2025-09,Accommodation,3422.74,Yes,USR-001,2025-09-27,No,Yes,Yes,Yes,Yes,Claim submitted at the weekend
EXP-00334,EMP1039,L. Sibanda,2024-08-18,2024-08,Travel - Mileage,542.15,Yes,USR-001,2024-09-13,No,Yes,Yes,Yes,Yes,Claim submitted at the weekend
EXP-00335,EMP1030,J. Marufu,2024-03-14,2024-03,Training,3063.22,Yes,USR-006,2024-04-06,No,No,Yes,Yes,No,-
EXP-00336,EMP1027,P. Gumbo,2025-01-24,2025-01,Communication,143.7,Yes,USR-006,2025-02-06,No,No,Yes,Yes,No,-
EXP-00337,EMP1032,T. Makuvaza,2025-08-30,2025-08,Travel - Mileage,532.18,Yes,USR-011,2025-09-15,No,Yes,Yes,Yes,Yes,Claim submitted at the weekend
EXP-00338,EMP1006,L. Sibanda,2024-03-10,2024-03,Accommodation,125.05,Yes,USR-001,2024-04-13,No,Yes,Yes,Yes,Yes,Claim submitted at the weekend
EXP-00339,EMP1026,L. Sibanda,2024-03-24,2024-03,Travel - Mileage,1334.71,No,USR-006,2024-04-15,No,Yes,No,Yes,Yes,No receipt attached; Claim submitted at the weekend
EXP-00340,EMP1014,P. Gumbo,2024-05-10,2024-05,Meals,252.15,Yes,USR-001,2024-05-31,No,No,Yes,Yes,No,-
EXP-00341,EMP1029,N. Zhou,2025-09-19,2025-09,Meals,5151.87,Yes,USR-001,2025-10-04,No,No,Yes,Yes,No,-
EXP-00342,EMP1011,P. Gumbo,2024-01-13,2024-01,Meals,3185.18,Yes,USR-006,2024-01-28,No,Yes,Yes,Yes,Yes,Claim submitted at the weekend
EXP-00343,EMP1016,K. Dube,2025-04-19,2025-04,Meals,1641.1,Yes,USR-001,2025-05-16,No,Yes,Yes,Yes,Yes,Claim submitted at the weekend
EXP-00344,EMP1021,S. Moyo,2025-01-03,2025-01,Travel - Mileage,120.48,Yes,USR-001,2025-01-30,No,No,Yes,Yes,No,-
EXP-00345,EMP1031,M. Nyathi,2024-11-06,2024-11,Training,4101.87,Yes,USR-006,2024-12-03,No,No,Yes,Yes,No,-
EXP-00346,EMP1013,P. Gumbo,2024-08-23,2024-08,Travel - Air,4346.4,No,USR-006,2024-09-20,No,No,No,Yes,Yes,No receipt attached
EXP-00347,EMP1031,A. Banda,2025-06-30,2025-06,Travel - Air,102.01,Yes,USR-001,2025-07-18,No,No,Yes,Yes,No,-
EXP-00348,EMP1003,M. Nyathi,2025-03-10,2025-03,Communication,871.05,No,USR-001,2025-04-16,No,No,No,Yes,Yes,No receipt attached
EXP-00349,EMP1024,J. Marufu,2024-08-08,2024-08,Client Entertainment,460.89,Yes,USR-006,2024-08-21,No,No,Yes,Yes,No,-
EXP-00350,EMP1049,D. Mutasa,2024-06-17,2024-06,Communication,5680.32,No,USR-011,2024-07-13,No,No,No,Yes,Yes,No receipt attached
EXP-00351,EMP1017,M. Nyathi,2025-04-28,2025-04,Travel - Air,39.73,Yes,USR-011,2025-05-29,No,No,Yes,Yes,No,-
EXP-00352,EMP1037,K. Dube,2024-08-04,2024-08,Meals,912.86,Yes,USR-006,2024-08-13,No,Yes,Yes,Yes,Yes,Claim submitted at the weekend
EXP-00353,EMP1026,N. Zhou,2025-08-17,2025-08,Client Entertainment,1543.95,Yes,USR-006,2025-09-23,No,Yes,Yes,Yes,Yes,Claim submitted at the weekend
EXP-00354,EMP1005,B. Ncube,2025-05-23,2025-05,Client Entertainment,928.56,Yes,USR-001,2025-06-15,No,No,Yes,Yes,No,-
EXP-00355,EMP1049,S. Moyo,2025-02-23,2025-02,Meals,53.12,Yes,USR-006,2025-03-19,No,Yes,Yes,Yes,Yes,Claim submitted at the weekend
EXP-00356,EMP1018,K. Dube,2025-04-30,2025-04,Accommodation,263.35,Yes,USR-001,2025-05-26,No,No,Yes,Yes,No,-
EXP-00357,EMP1002,M. Nyathi,2024-01-22,2024-01,Travel - Mileage,1155.78,Yes,USR-011,2024-01-31,No,No,Yes,Yes,No,-
EXP-00358,EMP1043,J. Marufu,2024-03-02,2024-03,Client Entertainment,1012.37,Yes,USR-001,2024-03-13,No,Yes,Yes,Yes,Yes,Claim submitted at the weekend
EXP-00359,EMP1006,D. Mutasa,2024-07-29,2024-07,Training,2756.3,Yes,USR-001,2024-08-15,No,No,Yes,Yes,No,-
EXP-00360,EMP1023,N. Zhou,2024-11-17,2024-11,Training,3146.1,Yes,USR-001,2024-12-03,No,Yes,Yes,Yes,Yes,Claim submitted at the weekend
EXP-00361,EMP1012,A. Banda,2025-01-09,2025-01,Meals,101.33,Yes,USR-001,2025-02-10,No,No,Yes,Yes,No,-
EXP-00362,EMP1013,M. Nyathi,2024-08-31,2024-08,Client Entertainment,972.49,Yes,USR-011,2024-09-08,No,Yes,Yes,Yes,Yes,Claim submitted at the weekend
EXP-00363,EMP1030,P. Gumbo,2024-03-27,2024-03,Travel - Air,113.57,Yes,USR-006,2024-05-04,No,No,Yes,Yes,No,-
EXP-00364,EMP1023,D. Mutasa,2024-10-06,2024-10,Travel - Air,44.97,No,USR-011,2024-11-05,No,Yes,No,Yes,Yes,No receipt attached; Claim submitted at the weekend
EXP-00365,EMP1011,P. Gumbo,2025-05-05,2025-05,Client Entertainment,504.06,Yes,USR-001,2025-05-23,No,No,Yes,Yes,No,-
EXP-00366,EMP1003,J. Marufu,2025-07-06,2025-07,Travel - Mileage,125.83,Yes,USR-011,2025-07-20,No,Yes,Yes,Yes,Yes,Claim submitted at the weekend
EXP-00367,EMP1025,J. Marufu,2024-08-11,2024-08,Training,36.11,Yes,USR-001,2024-08-25,No,Yes,Yes,Yes,Yes,Claim submitted at the weekend
EXP-00368,EMP1000,T. Makuvaza,2024-01-13,2024-01,Accommodation,1649.78,Yes,USR-006,2024-01-23,No,Yes,Yes,Yes,Yes,Claim submitted at the weekend
EXP-00369,EMP1016,M. Nyathi,2024-11-24,2024-11,Fuel,244.63,Yes,USR-011,2024-12-15,No,Yes,Yes,Yes,Yes,Claim submitted at the weekend
EXP-00370,EMP1027,J. Marufu,2024-09-21,2024-09,Travel - Air,149.09,Yes,USR-001,2024-10-05,No,Yes,Yes,Yes,Yes,Claim submitted at the weekend
EXP-00371,EMP1012,R. Chikafu,2024-06-22,2024-06,Fuel,266.55,Yes,USR-001,2024-07-07,No,Yes,Yes,Yes,Yes,Claim submitted at the weekend
EXP-00372,EMP1003,L. Sibanda,2025-04-14,2025-04,Travel - Air,2463.93,No,USR-011,2025-05-01,No,No,No,Yes,Yes,No receipt attached
EXP-00373,EMP1010,B. Ncube,2025-03-27,2025-03,Training,324.43,Yes,USR-006,2025-04-28,No,No,Yes,Yes,No,-
EXP-00374,EMP1030,J. Marufu,2025-05-11,2025-05,Training,1227.41,Yes,USR-006,2025-06-03,No,Yes,Yes,Yes,Yes,Claim submitted at the weekend
EXP-00375,EMP1030,S. Moyo,2024-01-01,2024-01,Travel - Mileage,134.03,Yes,USR-011,2024-01-18,No,No,Yes,Yes,No,-
EXP-00376,EMP1040,B. Ncube,2025-05-14,2025-05,Accommodation,272.69,Yes,USR-011,2025-05-22,No,No,Yes,Yes,No,-
EXP-00377,EMP1036,B. Ncube,2025-06-10,2025-06,Fuel,1563.64,Yes,USR-006,2025-07-04,No,No,Yes,Yes,No,-
EXP-00378,EMP1046,D. Mutasa,2024-02-22,2024-02,Meals,1462.85,Yes,USR-006,2024-03-27,No,No,Yes,Yes,No,-
EXP-00379,EMP1021,R. Chikafu,2025-07-05,2025-07,Accommodation,1772.9,Yes,USR-001,2025-07-16,No,Yes,Yes,Yes,Yes,Claim submitted at the weekend
EXP-00380,EMP1015,R. Chikafu,2024-05-25,2024-05,Meals,103.92,Yes,USR-006,2024-06-18,No,Yes,Yes,Yes,Yes,Claim submitted at the weekend
EXP-00381,EMP1010,K. Dube,2025-09-15,2025-09,Communication,2224.79,Yes,USR-011,2025-09-25,No,No,Yes,Yes,No,-
EXP-00382,EMP1013,P. Gumbo,2025-06-30,2025-06,Client Entertainment,807.7,Yes,USR-006,2025-07-15,No,No,Yes,Yes,No,-
EXP-00383,EMP1014,A. Banda,2024-03-02,2024-03,Travel - Mileage,582.2,Yes,USR-011,2024-04-09,No,Yes,Yes,Yes,Yes,Claim submitted at the weekend
EXP-00384,EMP1029,M. Nyathi,2025-07-17,2025-07,Travel - Air,1423.9,Yes,USR-001,2025-08-02,No,No,Yes,Yes,No,-
EXP-00385,EMP1043,N. Zhou,2024-01-24,2024-01,Meals,1056.29,Yes,USR-001,2024-02-20,No,No,Yes,Yes,No,-
EXP-00386,EMP1031,N. Zhou,2025-04-15,2025-04,Communication,281.9,Yes,USR-006,2025-05-17,No,No,Yes,Yes,No,-
EXP-00387,EMP1025,D. Mutasa,2024-06-21,2024-06,Communication,136.87,Yes,USR-001,2024-07-12,No,No,Yes,Yes,No,-
EXP-00388,EMP1019,R. Chikafu,2025-09-30,2025-09,Accommodation,1003.21,Yes,USR-001,2025-10-31,No,No,Yes,Yes,No,-
EXP-00389,EMP1043,J. Marufu,2024-05-15,2024-05,Meals,2825.39,Yes,USR-011,2024-06-12,No,No,Yes,Yes,No,-
EXP-00390,EMP1047,R. Chikafu,2025-07-25,2025-07,Communication,36.28,Yes,USR-006,2025-08-02,No,No,Yes,Yes,No,-
EXP-00391,EMP1038,R. Chikafu,2025-04-14,2025-04,Client Entertainment,4785.0,Yes,USR-011,2025-05-13,No,No,Yes,Yes,No,-
EXP-00392,EMP1041,K. Dube,2024-11-16,2024-11,Fuel,36.34,Yes,USR-006,2024-12-21,No,Yes,Yes,Yes,Yes,Claim submitted at the weekend
EXP-00393,EMP1028,A. Banda,2024-01-22,2024-01,Travel - Mileage,819.65,Yes,USR-001,2024-02-22,No,No,Yes,Yes,No,-
EXP-00394,EMP1020,N. Zhou,2025-08-24,2025-08,Client Entertainment,866.41,No,USR-001,2025-10-02,No,Yes,No,Yes,Yes,No receipt attached; Claim submitted at the weekend
EXP-00395,EMP1029,T. Makuvaza,2024-05-18,2024-05,Communication,246.58,Yes,USR-006,2024-06-12,No,Yes,Yes,Yes,Yes,Claim submitted at the weekend
EXP-00396,EMP1018,S. Moyo,2024-02-18,2024-02,Training,5239.46,Yes,USR-001,2024-02-29,No,Yes,Yes,Yes,Yes,Claim submitted at the weekend
EXP-00397,EMP1011,S. Moyo,2024-06-26,2024-06,Communication,135.3,Yes,USR-001,2024-07-05,No,No,Yes,Yes,No,-
EXP-00398,EMP1005,N. Zhou,2024-07-01,2024-07,Communication,957.36,Yes,USR-001,2024-08-05,No,No,Yes,Yes,No,-
EXP-00399,EMP1047,D. Mutasa,2025-07-24,2025-07,Client Entertainment,306.06,Yes,USR-001,2025-08-23,Yes,No,Yes,Yes,Yes,Duplicate claim suspected
EXP-00400,EMP1009,P. Gumbo,2024-03-24,2024-03,Training,2561.87,Yes,USR-001,2024-04-25,No,Yes,Yes,Yes,Yes,Claim submitted at the weekend
EXP-00401,EMP1020,L. Sibanda,2024-04-02,2024-04,Accommodation,761.49,Yes,USR-001,2024-04-30,No,No,Yes,Yes,No,-
EXP-00402,EMP1029,B. Ncube,2025-09-06,2025-09,Travel - Air,48.36,No,USR-011,2025-10-05,No,Yes,No,Yes,Yes,No receipt attached; Claim submitted at the weekend
EXP-00403,EMP1040,R. Chikafu,2024-07-02,2024-07,Fuel,48.32,No,USR-011,2024-07-29,No,No,No,Yes,Yes,No receipt attached
EXP-00404,EMP1015,R. Chikafu,2025-04-28,2025-04,Accommodation,1025.39,Yes,USR-001,2025-05-11,No,No,Yes,Yes,No,-
EXP-00405,EMP1038,A. Banda,2024-08-01,2024-08,Communication,115.2,Yes,USR-011,2024-08-27,No,No,Yes,Yes,No,-
EXP-00406,EMP1001,T. Makuvaza,2025-03-23,2025-03,Travel - Air,3943.58,Yes,USR-001,2025-04-07,No,Yes,Yes,Yes,Yes,Claim submitted at the weekend
EXP-00407,EMP1039,P. Gumbo,2024-05-21,2024-05,Fuel,2302.17,Yes,USR-011,2024-06-14,Yes,No,Yes,Yes,Yes,Duplicate claim suspected
EXP-00408,EMP1038,L. Sibanda,2024-03-27,2024-03,Fuel,2511.2,Yes,USR-001,2024-04-08,No,No,Yes,Yes,No,-
EXP-00409,EMP1018,N. Zhou,2025-06-20,2025-06,Communication,506.91,Yes,USR-001,2025-07-21,No,No,Yes,Yes,No,-
EXP-00410,EMP1002,M. Nyathi,2025-03-15,2025-03,Travel - Air,3250.03,Yes,USR-001,2025-03-24,No,Yes,Yes,Yes,Yes,Claim submitted at the weekend
EXP-00411,EMP1042,J. Marufu,2025-08-27,2025-08,Communication,98.26,Yes,USR-001,2025-10-01,No,No,Yes,Yes,No,-
EXP-00412,EMP1031,R. Chikafu,2025-02-04,2025-02,Accommodation,5827.91,Yes,USR-011,2025-02-15,No,No,Yes,Yes,No,-
EXP-00413,EMP1025,S. Moyo,2024-10-02,2024-10,Communication,1454.49,Yes,USR-001,2024-11-05,No,No,Yes,Yes,No,-
EXP-00414,EMP1008,J. Marufu,2024-03-25,2024-03,Meals,135.33,Yes,USR-006,2024-05-02,No,No,Yes,Yes,No,-
EXP-00415,EMP1039,S. Moyo,2024-09-13,2024-09,Travel - Air,128.27,Yes,USR-001,2024-09-28,Yes,No,Yes,Yes,Yes,Duplicate claim suspected
EXP-00416,EMP1045,P. Gumbo,2025-02-09,2025-02,Travel - Mileage,4137.46,Yes,USR-011,2025-02-24,No,Yes,Yes,Yes,Yes,Claim submitted at the weekend
EXP-00417,EMP1048,A. Banda,2025-06-21,2025-06,Accommodation,108.96,Yes,USR-011,2025-07-05,No,Yes,Yes,Yes,Yes,Claim submitted at the weekend
EXP-00418,EMP1035,N. Zhou,2025-06-30,2025-06,Travel - Mileage,597.52,No,USR-011,2025-08-06,No,No,No,Yes,Yes,No receipt attached
EXP-00419,EMP1018,S. Moyo,2025-09-28,2025-09,Accommodation,1097.97,Yes,USR-011,2025-10-17,No,Yes,Yes,Yes,Yes,Claim submitted at the weekend
EXP-00420,EMP1030,D. Mutasa,2024-09-13,2024-09,Training,138.43,Yes,USR-006,2024-10-09,No,No,Yes,Yes,No,-
EXP-00421,EMP1028,S. Moyo,2025-04-04,2025-04,Meals,1534.41,Yes,USR-001,2025-04-13,No,No,Yes,Yes,No,-
EXP-00422,EMP1022,P. Gumbo,2024-07-23,2024-07,Travel - Mileage,107.97,Yes,USR-006,2024-08-28,No,No,Yes,Yes,No,-
EXP-00423,EMP1035,S. Moyo,2024-03-27,2024-03,Communication,4338.71,Yes,USR-001,2024-04-27,No,No,Yes,Yes,No,-
EXP-00424,EMP1039,A. Banda,2024-01-13,2024-01,Meals,145.12,Yes,USR-011,2024-02-18,No,Yes,Yes,Yes,Yes,Claim submitted at the weekend
EXP-00425,EMP1003,D. Mutasa,2025-01-11,2025-01,Accommodation,3372.78,Yes,USR-006,2025-02-05,No,Yes,Yes,Yes,Yes,Claim submitted at the weekend
EXP-00426,EMP1013,D. Mutasa,2024-03-10,2024-03,Client Entertainment,910.82,Yes,USR-011,2024-04-16,No,Yes,Yes,Yes,Yes,Claim submitted at the weekend
EXP-00427,EMP1038,S. Moyo,2024-03-04,2024-03,Training,428.32,Yes,USR-011,2024-04-07,No,No,Yes,Yes,No,-
EXP-00428,EMP1048,P. Gumbo,2024-04-20,2024-04,Travel - Mileage,306.82,Yes,USR-011,2024-05-09,No,Yes,Yes,Yes,Yes,Claim submitted at the weekend
EXP-00429,EMP1021,S. Moyo,2025-05-10,2025-05,Meals,1797.48,Yes,USR-006,2025-06-12,No,Yes,Yes,Yes,Yes,Claim submitted at the weekend
EXP-00430,EMP1012,R. Chikafu,2025-08-04,2025-08,Travel - Air,4582.1,Yes,USR-006,2025-09-13,No,No,Yes,Yes,No,-
EXP-00431,EMP1008,A. Banda,2025-06-30,2025-06,Travel - Mileage,148.88,Yes,USR-001,2025-07-21,No,No,Yes,Yes,No,-
EXP-00432,EMP1049,D. Mutasa,2024-11-09,2024-11,Travel - Air,789.02,Yes,USR-001,2024-12-18,No,Yes,Yes,Yes,Yes,Claim submitted at the weekend
EXP-00433,EMP1039,D. Mutasa,2024-09-16,2024-09,Communication,2286.87,Yes,USR-006,2024-10-14,No,No,Yes,Yes,No,-
EXP-00434,EMP1012,P. Gumbo,2025-09-30,2025-09,Fuel,47.7,Yes,USR-001,2025-10-16,No,No,Yes,Yes,No,-
EXP-00435,EMP1039,A. Banda,2024-04-21,2024-04,Travel - Air,1007.75,Yes,USR-001,2024-05-31,No,Yes,Yes,Yes,Yes,Claim submitted at the weekend
EXP-00436,EMP1017,N. Zhou,2025-04-14,2025-04,Fuel,218.58,Yes,USR-001,2025-05-11,No,No,Yes,Yes,No,-
EXP-00437,EMP1009,B. Ncube,2024-11-05,2024-11,Travel - Air,2275.41,Yes,USR-006,2024-11-12,No,No,Yes,Yes,No,-
EXP-00438,EMP1029,L. Sibanda,2024-09-09,2024-09,Meals,105.78,Yes,USR-001,2024-10-15,No,No,Yes,Yes,No,-
EXP-00439,EMP1002,N. Zhou,2025-03-22,2025-03,Meals,267.19,Yes,USR-006,2025-04-08,No,Yes,Yes,Yes,Yes,Claim submitted at the weekend
EXP-00440,EMP1035,L. Sibanda,2024-07-16,2024-07,Accommodation,2849.89,Yes,USR-001,2024-08-02,Yes,No,Yes,Yes,Yes,Duplicate claim suspected
EXP-00441,EMP1046,B. Ncube,2025-03-10,2025-03,Fuel,3844.92,Yes,USR-006,2025-03-26,No,No,Yes,Yes,No,-
EXP-00442,EMP1037,P. Gumbo,2024-01-10,2024-01,Training,2536.82,No,USR-011,2024-01-29,No,No,No,Yes,Yes,No receipt attached
EXP-00443,EMP1007,R. Chikafu,2025-04-15,2025-04,Training,855.16,Yes,USR-001,2025-05-07,No,No,Yes,Yes,No,-
EXP-00444,EMP1010,S. Moyo,2024-09-15,2024-09,Travel - Mileage,259.57,Yes,USR-006,2024-10-23,No,Yes,Yes,Yes,Yes,Claim submitted at the weekend
EXP-00445,EMP1025,L. Sibanda,2025-09-13,2025-09,Accommodation,5419.06,Yes,USR-001,2025-10-20,No,Yes,Yes,Yes,Yes,Claim submitted at the weekend
EXP-00446,EMP1025,T. Makuvaza,2025-04-29,2025-04,Accommodation,5993.19,Yes,USR-001,2025-05-19,No,No,Yes,Yes,No,-
EXP-00447,EMP1006,B. Ncube,2025-01-31,2025-01,Travel - Mileage,48.33,Yes,USR-011,2025-02-20,No,No,Yes,Yes,No,-
EXP-00448,EMP1000,M. Nyathi,2025-04-11,2025-04,Fuel,419.15,Yes,USR-011,2025-04-19,No,No,Yes,Yes,No,-
EXP-00449,EMP1013,M. Nyathi,2024-07-02,2024-07,Meals,933.64,Yes,USR-001,2024-07-27,No,No,Yes,Yes,No,-
EXP-00450,EMP1037,M. Nyathi,2024-09-06,2024-09,Communication,1713.68,Yes,USR-006,2024-09-14,No,No,Yes,Yes,No,-
EXP-00451,EMP1026,D. Mutasa,2024-01-11,2024-01,Fuel,472.48,Yes,USR-001,2024-02-08,No,No,Yes,Yes,No,-
EXP-00452,EMP1015,D. Mutasa,2024-10-15,2024-10,Travel - Air,38.69,Yes,USR-001,2024-11-04,No,No,Yes,Yes,No,-
EXP-00453,EMP1039,R. Chikafu,2025-09-10,2025-09,Communication,2861.9,Yes,USR-006,2025-09-24,No,No,Yes,Yes,No,-
EXP-00454,EMP1010,S. Moyo,2025-02-28,2025-02,Training,1826.79,Yes,USR-001,2025-03-20,No,No,Yes,Yes,No,-
EXP-00455,EMP1008,R. Chikafu,2024-12-19,2024-12,Meals,37.74,Yes,USR-011,2025-01-12,No,No,Yes,Yes,No,-
EXP-00456,EMP1035,N. Zhou,2024-02-03,2024-02,Communication,936.07,Yes,USR-011,2024-02-11,No,Yes,Yes,Yes,Yes,Claim submitted at the weekend
EXP-00457,EMP1003,B. Ncube,2025-08-14,2025-08,Travel - Mileage,4722.77,Yes,USR-001,2025-08-30,No,No,Yes,Yes,No,-
EXP-00458,EMP1018,B. Ncube,2024-12-20,2024-12,Travel - Mileage,2770.06,Yes,USR-001,2024-12-28,No,No,Yes,Yes,No,-
EXP-00459,EMP1036,J. Marufu,2025-08-10,2025-08,Fuel,993.61,Yes,USR-001,2025-08-19,No,Yes,Yes,Yes,Yes,Claim submitted at the weekend
EXP-00460,EMP1024,N. Zhou,2024-07-12,2024-07,Training,2381.48,Yes,USR-011,2024-07-29,No,No,Yes,Yes,No,-
EXP-00461,EMP1020,P. Gumbo,2024-05-16,2024-05,Fuel,1156.42,No,USR-011,2024-05-24,No,No,No,Yes,Yes,No receipt attached
EXP-00462,EMP1039,J. Marufu,2024-07-19,2024-07,Fuel,51.96,Yes,USR-006,2024-07-26,No,No,Yes,Yes,No,-
EXP-00463,EMP1030,P. Gumbo,2024-10-26,2024-10,Fuel,5716.98,Yes,USR-001,2024-11-19,No,Yes,Yes,Yes,Yes,Claim submitted at the weekend
EXP-00464,EMP1008,R. Chikafu,2025-02-19,2025-02,Travel - Air,1687.28,Yes,USR-011,2025-03-26,No,No,Yes,Yes,No,-
EXP-00465,EMP1040,P. Gumbo,2024-05-07,2024-05,Fuel,3240.49,Yes,USR-001,2024-06-07,No,No,Yes,Yes,No,-
EXP-00466,EMP1027,K. Dube,2025-03-29,2025-03,Training,100.69,No,USR-006,2025-04-16,No,Yes,No,Yes,Yes,No receipt attached; Claim submitted at the weekend
EXP-00467,EMP1014,N. Zhou,2025-06-19,2025-06,Accommodation,1369.96,Yes,USR-011,2025-07-28,No,No,Yes,Yes,No,-
EXP-00468,EMP1047,L. Sibanda,2024-08-24,2024-08,Fuel,1803.51,Yes,USR-006,2024-09-08,No,Yes,Yes,Yes,Yes,Claim submitted at the weekend
EXP-00469,EMP1021,R. Chikafu,2025-02-18,2025-02,Travel - Air,875.34,Yes,USR-001,2025-03-16,No,No,Yes,Yes,No,-
EXP-00470,EMP1020,L. Sibanda,2024-05-03,2024-05,Travel - Air,4676.67,Yes,USR-006,2024-06-09,No,No,Yes,Yes,No,-
EXP-00471,EMP1008,S. Moyo,2024-07-19,2024-07,Meals,513.76,No,USR-011,2024-07-27,No,No,No,Yes,Yes,No receipt attached
EXP-00472,EMP1014,T. Makuvaza,2025-03-05,2025-03,Accommodation,2791.44,Yes,USR-006,2025-03-20,No,No,Yes,Yes,No,-
EXP-00473,EMP1008,B. Ncube,2024-01-06,2024-01,Meals,322.11,Yes,USR-006,2024-01-29,No,Yes,Yes,Yes,Yes,Claim submitted at the weekend
EXP-00474,EMP1015,A. Banda,2024-02-15,2024-02,Communication,4943.64,No,USR-006,2024-03-14,No,No,No,Yes,Yes,No receipt attached
EXP-00475,EMP1007,L. Sibanda,2024-03-29,2024-03,Travel - Mileage,5674.36,Yes,USR-006,2024-05-07,No,No,Yes,Yes,No,-
EXP-00476,EMP1050,M. Nyathi,2025-07-08,2025-07,Client Entertainment,148.89,Yes,USR-001,2025-07-23,No,No,Yes,Yes,No,-
EXP-00477,EMP1023,R. Chikafu,2024-02-23,2024-02,Travel - Mileage,482.25,Yes,USR-001,2024-03-27,No,No,Yes,Yes,No,-
EXP-00478,EMP1031,S. Moyo,2025-08-13,2025-08,Travel - Air,51.88,Yes,USR-001,2025-09-19,No,No,Yes,Yes,No,-
EXP-00479,EMP1025,P. Gumbo,2024-03-20,2024-03,Fuel,948.19,Yes,USR-001,2024-04-23,No,No,Yes,Yes,No,-
EXP-00480,EMP1030,P. Gumbo,2025-07-31,2025-07,Accommodation,1673.41,Yes,USR-011,2025-08-29,No,No,Yes,Yes,No,-
EXP-00481,EMP1021,B. Ncube,2024-09-08,2024-09,Fuel,2384.23,Yes,USR-006,2024-10-03,No,Yes,Yes,Yes,Yes,Claim submitted at the weekend
EXP-00482,EMP1047,T. Makuvaza,2025-03-20,2025-03,Meals,4205.09,Yes,USR-001,2025-04-06,Yes,No,Yes,Yes,Yes,Duplicate claim suspected
EXP-00483,EMP1015,T. Makuvaza,2025-06-29,2025-06,Client Entertainment,2434.66,Yes,USR-011,2025-08-06,No,Yes,Yes,Yes,Yes,Claim submitted at the weekend
EXP-00484,EMP1019,D. Mutasa,2024-06-19,2024-06,Meals,1319.29,Yes,USR-001,2024-07-28,No,No,Yes,Yes,No,-
EXP-00485,EMP1047,D. Mutasa,2024-09-23,2024-09,Meals,1078.16,No,USR-011,2024-10-23,No,No,No,Yes,Yes,No receipt attached
EXP-00486,EMP1024,B. Ncube,2024-03-02,2024-03,Client Entertainment,389.57,Yes,USR-011,2024-03-18,No,Yes,Yes,Yes,Yes,Claim submitted at the weekend
EXP-00487,EMP1028,K. Dube,2025-06-15,2025-06,Communication,286.83,Yes,USR-001,2025-06-25,No,Yes,Yes,Yes,Yes,Claim submitted at the weekend
EXP-00488,EMP1020,K. Dube,2025-07-10,2025-07,Fuel,3066.01,No,USR-006,2025-08-07,No,No,No,Yes,Yes,No receipt attached
EXP-00489,EMP1027,T. Makuvaza,2025-01-01,2025-01,Fuel,1243.49,Yes,USR-006,2025-02-10,No,No,Yes,Yes,No,-
EXP-00490,EMP1024,R. Chikafu,2024-05-05,2024-05,Client Entertainment,2937.38,Yes,USR-006,2024-05-24,No,Yes,Yes,Yes,Yes,Claim submitted at the weekend
EXP-00491,EMP1037,D. Mutasa,2024-09-18,2024-09,Client Entertainment,37.12,Yes,USR-011,2024-10-18,No,No,Yes,Yes,No,-
EXP-00492,EMP1006,D. Mutasa,2025-06-28,2025-06,Client Entertainment,214.16,Yes,USR-001,2025-07-10,No,Yes,Yes,Yes,Yes,Claim submitted at the weekend
EXP-00493,EMP1018,R. Chikafu,2025-09-14,2025-09,Client Entertainment,53.39,Yes,USR-011,2025-10-18,No,Yes,Yes,Yes,Yes,Claim submitted at the weekend
EXP-00494,EMP1027,N. Zhou,2025-01-11,2025-01,Training,515.67,No,USR-006,2025-01-26,No,Yes,No,Yes,Yes,No receipt attached; Claim submitted at the weekend
EXP-00495,EMP1034,J. Marufu,2024-09-16,2024-09,Client Entertainment,117.39,Yes,USR-001,2024-09-28,No,No,Yes,Yes,No,-
EXP-00496,EMP1001,D. Mutasa,2024-12-21,2024-12,Meals,147.96,No,USR-001,2024-12-28,No,Yes,No,Yes,Yes,No receipt attached; Claim submitted at the weekend
EXP-00497,EMP1046,N. Zhou,2025-03-12,2025-03,Training,47.33,Yes,USR-001,2025-03-23,No,No,Yes,Yes,No,-
EXP-00498,EMP1019,L. Sibanda,2025-06-18,2025-06,Training,2840.07,Yes,USR-006,2025-06-26,No,No,Yes,Yes,No,-
EXP-00499,EMP1008,L. Sibanda,2025-09-13,2025-09,Client Entertainment,231.7,Yes,USR-011,2025-10-04,No,Yes,Yes,Yes,Yes,Claim submitted at the weekend
EXP-00500,EMP1010,R. Chikafu,2025-05-06,2025-05,Travel - Air,117.03,Yes,USR-011,2025-05-13,No,No,Yes,Yes,No,-
EXP-00501,EMP1009,R. Chikafu,2025-09-09,2025-09,Travel - Air,273.65,Yes,USR-011,2025-09-22,Yes,No,Yes,Yes,Yes,Duplicate claim suspected
EXP-00502,EMP1016,B. Ncube,2025-08-04,2025-08,Training,1629.56,Yes,USR-006,2025-09-05,No,No,Yes,Yes,No,-
EXP-00503,EMP1001,P. Gumbo,2025-06-21,2025-06,Meals,53.04,Yes,USR-001,2025-07-03,No,Yes,Yes,Yes,Yes,Claim submitted at the weekend
EXP-00504,EMP1023,K. Dube,2024-04-02,2024-04,Training,3088.7,Yes,USR-011,2024-04-21,No,No,Yes,Yes,No,-
EXP-00505,EMP1000,B. Ncube,2025-07-09,2025-07,Fuel,1793.13,Yes,USR-001,2025-08-01,No,No,Yes,Yes,No,-
EXP-00506,EMP1009,T. Makuvaza,2024-02-24,2024-02,Client Entertainment,1171.24,Yes,USR-011,2024-03-25,Yes,Yes,Yes,Yes,Yes,Duplicate claim suspected; Claim submitted at the weekend
EXP-00507,EMP1040,S. Moyo,2024-05-12,2024-05,Accommodation,277.62,Yes,USR-006,2024-06-05,No,Yes,Yes,Yes,Yes,Claim submitted at the weekend
EXP-00508,EMP1017,D. Mutasa,2024-08-29,2024-08,Communication,1203.73,Yes,USR-011,2024-10-02,No,No,Yes,Yes,No,-
EXP-00509,EMP1013,J. Marufu,2024-06-30,2024-06,Fuel,4981.45,Yes,USR-011,2024-07-29,No,Yes,Yes,Yes,Yes,Claim submitted at the weekend
EXP-00510,EMP1003,B. Ncube,2024-06-26,2024-06,Training,927.64,Yes,USR-006,2024-07-08,No,No,Yes,Yes,No,-
EXP-00511,EMP1035,A. Banda,2025-08-11,2025-08,Fuel,4642.1,Yes,USR-006,2025-08-28,Yes,No,Yes,Yes,Yes,Duplicate claim suspected
EXP-00512,EMP1020,K. Dube,2024-12-13,2024-12,Travel - Air,42.93,Yes,USR-011,2025-01-08,No,No,Yes,Yes,No,-
EXP-00513,EMP1047,D. Mutasa,2025-06-10,2025-06,Travel - Air,1330.16,Yes,USR-001,2025-07-14,No,No,Yes,Yes,No,-
EXP-00514,EMP1045,J. Marufu,2025-08-04,2025-08,Travel - Air,1749.92,Yes,USR-006,2025-08-28,No,No,Yes,Yes,No,-
EXP-00515,EMP1044,P. Gumbo,2024-10-22,2024-10,Communication,259.71,Yes,USR-011,2024-11-05,No,No,Yes,Yes,No,-
EXP-00516,EMP1008,L. Sibanda,2025-05-11,2025-05,Fuel,44.22,Yes,USR-001,2025-06-09,No,Yes,Yes,Yes,Yes,Claim submitted at the weekend
EXP-00517,EMP1050,K. Dube,2024-11-29,2024-11,Accommodation,289.43,Yes,USR-011,2024-12-22,No,No,Yes,Yes,No,-
EXP-00518,EMP1028,J. Marufu,2024-05-19,2024-05,Communication,908.37,Yes,USR-006,2024-06-19,No,Yes,Yes,Yes,Yes,Claim submitted at the weekend
EXP-00519,EMP1017,B. Ncube,2025-08-07,2025-08,Training,862.47,No,USR-011,2025-09-12,No,No,No,Yes,Yes,No receipt attached
EXP-00520,EMP1042,L. Sibanda,2024-08-06,2024-08,Travel - Mileage,5775.15,Yes,USR-011,2024-09-02,No,No,Yes,Yes,No,-
EXP-00521,EMP1042,M. Nyathi,2024-08-09,2024-08,Training,3863.62,Yes,USR-006,2024-08-27,No,No,Yes,Yes,No,-
EXP-00522,EMP1050,N. Zhou,2024-10-12,2024-10,Travel - Air,45.41,Yes,USR-006,2024-10-27,No,Yes,Yes,Yes,Yes,Claim submitted at the weekend
EXP-00523,EMP1029,N. Zhou,2024-11-06,2024-11,Communication,49.67,Yes,USR-001,2024-11-29,No,No,Yes,Yes,No,-
EXP-00524,EMP1022,T. Makuvaza,2024-01-09,2024-01,Accommodation,1751.48,Yes,USR-006,2024-01-21,No,No,Yes,Yes,No,-
EXP-00525,EMP1024,N. Zhou,2024-08-19,2024-08,Accommodation,1497.63,Yes,USR-001,2024-09-16,No,No,Yes,Yes,No,-
EXP-00526,EMP1026,B. Ncube,2024-09-10,2024-09,Travel - Mileage,142.49,Yes,USR-001,2024-09-28,No,No,Yes,Yes,No,-
EXP-00527,EMP1020,D. Mutasa,2025-09-25,2025-09,Meals,965.08,Yes,USR-001,2025-10-08,No,No,Yes,Yes,No,-
EXP-00528,EMP1012,L. Sibanda,2024-09-22,2024-09,Meals,5182.22,Yes,USR-001,2024-10-17,No,Yes,Yes,Yes,Yes,Claim submitted at the weekend
EXP-00529,EMP1033,L. Sibanda,2024-09-23,2024-09,Travel - Mileage,5090.16,Yes,USR-006,2024-10-31,No,No,Yes,Yes,No,-
EXP-00530,EMP1050,M. Nyathi,2024-12-28,2024-12,Meals,3338.13,Yes,USR-011,2025-01-19,No,Yes,Yes,Yes,Yes,Claim submitted at the weekend
EXP-00531,EMP1049,D. Mutasa,2025-07-07,2025-07,Travel - Mileage,1479.21,Yes,USR-006,2025-07-27,No,No,Yes,Yes,No,-
EXP-00532,EMP1008,T. Makuvaza,2025-09-12,2025-09,Training,5609.14,Yes,USR-001,2025-10-03,No,No,Yes,Yes,No,-
EXP-00533,EMP1046,P. Gumbo,2024-01-02,2024-01,Training,1075.11,Yes,USR-011,2024-02-11,No,No,Yes,Yes,No,-
EXP-00534,EMP1012,P. Gumbo,2024-10-08,2024-10,Fuel,40.38,Yes,USR-006,2024-11-04,No,No,Yes,Yes,No,-
EXP-00535,EMP1032,T. Makuvaza,2024-10-23,2024-10,Travel - Air,125.65,No,USR-001,2024-11-22,No,No,No,Yes,Yes,No receipt attached
EXP-00536,EMP1006,J. Marufu,2024-10-08,2024-10,Accommodation,1730.31,Yes,USR-011,2024-11-16,No,No,Yes,Yes,No,-
EXP-00537,EMP1019,D. Mutasa,2025-08-17,2025-08,Fuel,4673.61,Yes,USR-011,2025-09-05,No,Yes,Yes,Yes,Yes,Claim submitted at the weekend
EXP-00538,EMP1038,L. Sibanda,2024-12-26,2024-12,Client Entertainment,286.66,No,USR-011,2025-01-05,No,No,No,Yes,Yes,No receipt attached
EXP-00539,EMP1004,T. Makuvaza,2025-01-17,2025-01,Communication,276.71,Yes,USR-006,2025-01-31,No,No,Yes,Yes,No,-
EXP-00540,EMP1006,B. Ncube,2025-07-27,2025-07,Accommodation,1433.02,Yes,USR-001,2025-08-22,No,Yes,Yes,Yes,Yes,Claim submitted at the weekend
EXP-00541,EMP1002,D. Mutasa,2024-12-23,2024-12,Accommodation,405.75,Yes,USR-001,2025-01-14,No,No,Yes,Yes,No,-
EXP-00542,EMP1002,J. Marufu,2024-02-11,2024-02,Training,54.15,Yes,USR-001,2024-03-04,No,Yes,Yes,Yes,Yes,Claim submitted at the weekend
EXP-00543,EMP1015,P. Gumbo,2024-12-05,2024-12,Meals,50.32,Yes,USR-006,2025-01-04,No,No,Yes,Yes,No,-
EXP-00544,EMP1028,M. Nyathi,2024-12-23,2024-12,Communication,412.93,Yes,USR-006,2025-01-10,No,No,Yes,Yes,No,-
EXP-00545,EMP1019,J. Marufu,2024-04-04,2024-04,Travel - Mileage,5853.07,No,USR-006,2024-05-07,No,No,No,Yes,Yes,No receipt attached
EXP-00546,EMP1025,P. Gumbo,2025-08-14,2025-08,Travel - Air,487.75,No,USR-006,2025-09-12,No,No,No,Yes,Yes,No receipt attached
EXP-00547,EMP1019,R. Chikafu,2024-10-05,2024-10,Accommodation,559.38,Yes,USR-001,2024-11-02,No,Yes,Yes,Yes,Yes,Claim submitted at the weekend
EXP-00548,EMP1027,T. Makuvaza,2025-04-30,2025-04,Communication,318.6,No,USR-011,2025-05-12,No,No,No,Yes,Yes,No receipt attached
EXP-00549,EMP1042,S. Moyo,2025-09-29,2025-09,Travel - Air,118.41,Yes,USR-011,2025-10-22,No,No,Yes,Yes,No,-
EXP-00550,EMP1013,P. Gumbo,2024-10-09,2024-10,Fuel,50.5,No,USR-011,2024-10-29,No,No,No,Yes,Yes,No receipt attached
EXP-00551,EMP1028,S. Moyo,2025-08-23,2025-08,Communication,311.38,Yes,USR-006,2025-09-16,No,Yes,Yes,Yes,Yes,Claim submitted at the weekend
EXP-00552,EMP1026,L. Sibanda,2024-11-09,2024-11,Travel - Mileage,112.27,Yes,USR-001,2024-11-23,No,Yes,Yes,Yes,Yes,Claim submitted at the weekend
EXP-00553,EMP1009,D. Mutasa,2024-02-05,2024-02,Training,3427.51,Yes,USR-001,2024-03-16,No,No,Yes,Yes,No,-
EXP-00554,EMP1036,D. Mutasa,2025-09-10,2025-09,Communication,1423.04,Yes,USR-011,2025-09-25,No,No,Yes,Yes,No,-
EXP-00555,EMP1037,N. Zhou,2024-11-29,2024-11,Accommodation,790.61,Yes,USR-006,2025-01-08,No,No,Yes,Yes,No,-
EXP-00556,EMP1049,M. Nyathi,2025-05-02,2025-05,Travel - Air,1793.65,Yes,USR-001,2025-05-27,No,No,Yes,Yes,No,-
EXP-00557,EMP1008,A. Banda,2024-06-20,2024-06,Travel - Mileage,3346.06,Yes,USR-006,2024-07-28,No,No,Yes,Yes,No,-
EXP-00558,EMP1048,S. Moyo,2025-05-09,2025-05,Accommodation,98.5,Yes,USR-001,2025-06-07,No,No,Yes,Yes,No,-
EXP-00559,EMP1033,R. Chikafu,2024-12-02,2024-12,Accommodation,5651.73,Yes,USR-011,2024-12-13,No,No,Yes,Yes,No,-
EXP-00560,EMP1028,L. Sibanda,2024-08-11,2024-08,Travel - Mileage,117.96,Yes,USR-011,2024-09-01,No,Yes,Yes,Yes,Yes,Claim submitted at the weekend
EXP-00561,EMP1003,S. Moyo,2024-10-14,2024-10,Fuel,1718.75,Yes,USR-011,2024-10-22,No,No,Yes,Yes,No,-
EXP-00562,EMP1035,N. Zhou,2025-09-12,2025-09,Fuel,314.24,Yes,USR-001,2025-10-17,No,No,Yes,Yes,No,-
EXP-00563,EMP1033,A. Banda,2025-01-20,2025-01,Communication,581.03,Yes,USR-011,2025-02-05,Yes,No,Yes,Yes,Yes,Duplicate claim suspected
EXP-00564,EMP1036,M. Nyathi,2025-04-19,2025-04,Travel - Mileage,581.06,Yes,USR-006,2025-04-30,No,Yes,Yes,Yes,Yes,Claim submitted at the weekend
EXP-00565,EMP1033,S. Moyo,2024-07-11,2024-07,Communication,237.1,Yes,USR-001,2024-07-18,No,No,Yes,Yes,No,-
EXP-00566,EMP1047,T. Makuvaza,2024-03-03,2024-03,Accommodation,140.06,No,USR-001,2024-04-11,No,Yes,No,Yes,Yes,No receipt attached; Claim submitted at the weekend
EXP-00567,EMP1009,A. Banda,2024-09-12,2024-09,Communication,978.8,Yes,USR-011,2024-09-27,No,No,Yes,Yes,No,-
EXP-00568,EMP1030,D. Mutasa,2025-06-01,2025-06,Client Entertainment,143.93,Yes,USR-001,2025-06-27,No,Yes,Yes,Yes,Yes,Claim submitted at the weekend
EXP-00569,EMP1035,M. Nyathi,2025-09-09,2025-09,Client Entertainment,5394.25,Yes,USR-001,2025-10-01,No,No,Yes,Yes,No,-
EXP-00570,EMP1046,L. Sibanda,2025-06-09,2025-06,Meals,97.96,Yes,USR-011,2025-06-25,No,No,Yes,Yes,No,-
EXP-00571,EMP1047,A. Banda,2024-05-26,2024-05,Training,324.65,Yes,USR-011,2024-07-05,No,Yes,Yes,Yes,Yes,Claim submitted at the weekend
EXP-00572,EMP1044,A. Banda,2025-08-19,2025-08,Travel - Mileage,140.06,Yes,USR-001,2025-09-04,No,No,Yes,Yes,No,-
EXP-00573,EMP1040,T. Makuvaza,2025-04-20,2025-04,Fuel,1318.93,Yes,USR-001,2025-05-19,No,Yes,Yes,Yes,Yes,Claim submitted at the weekend
EXP-00574,EMP1019,T. Makuvaza,2025-06-09,2025-06,Communication,2655.24,Yes,USR-006,2025-06-28,Yes,No,Yes,Yes,Yes,Duplicate claim suspected
EXP-00575,EMP1016,M. Nyathi,2024-06-21,2024-06,Accommodation,5544.8,Yes,USR-011,2024-07-27,No,No,Yes,Yes,No,-
EXP-00576,EMP1050,R. Chikafu,2024-12-05,2024-12,Fuel,1007.33,Yes,USR-006,2025-01-09,No,No,Yes,Yes,No,-
EXP-00577,EMP1015,N. Zhou,2025-09-23,2025-09,Client Entertainment,2813.63,No,USR-001,2025-10-14,No,No,No,Yes,Yes,No receipt attached
EXP-00578,EMP1007,K. Dube,2025-05-26,2025-05,Meals,1835.43,No,USR-006,2025-06-29,Yes,No,No,Yes,Yes,No receipt attached; Duplicate claim suspected
EXP-00579,EMP1038,B. Ncube,2025-04-16,2025-04,Travel - Mileage,258.39,Yes,USR-006,2025-04-24,No,No,Yes,Yes,No,-
EXP-00580,EMP1027,J. Marufu,2024-11-17,2024-11,Accommodation,4770.15,Yes,USR-011,2024-12-17,No,Yes,Yes,Yes,Yes,Claim submitted at the weekend
EXP-00581,EMP1050,S. Moyo,2024-08-18,2024-08,Accommodation,921.47,Yes,USR-006,2024-09-27,No,Yes,Yes,Yes,Yes,Claim submitted at the weekend
EXP-00582,EMP1013,D. Mutasa,2025-03-06,2025-03,Accommodation,5957.96,Yes,USR-006,2025-03-29,No,No,Yes,Yes,No,-
EXP-00583,EMP1022,D. Mutasa,2024-07-02,2024-07,Fuel,1602.41,Yes,USR-006,2024-08-09,No,No,Yes,Yes,No,-
EXP-00584,EMP1045,K. Dube,2024-03-16,2024-03,Travel - Mileage,210.82,No,USR-006,2024-04-02,No,Yes,No,Yes,Yes,No receipt attached; Claim submitted at the weekend
EXP-00585,EMP1003,A. Banda,2025-07-31,2025-07,Travel - Air,880.11,Yes,USR-001,2025-08-23,No,No,Yes,Yes,No,-
EXP-00586,EMP1017,M. Nyathi,2024-12-09,2024-12,Meals,299.76,Yes,USR-001,2024-12-29,No,No,Yes,Yes,No,-
EXP-00587,EMP1030,D. Mutasa,2024-01-20,2024-01,Training,240.12,Yes,USR-006,2024-02-26,No,Yes,Yes,Yes,Yes,Claim submitted at the weekend
EXP-00588,EMP1030,S. Moyo,2025-05-20,2025-05,Travel - Air,129.66,Yes,USR-011,2025-06-27,No,No,Yes,Yes,No,-
EXP-00589,EMP1018,L. Sibanda,2024-09-19,2024-09,Fuel,1388.12,Yes,USR-001,2024-10-16,No,No,Yes,Yes,No,-
EXP-00590,EMP1013,T. Makuvaza,2024-09-15,2024-09,Accommodation,780.03,Yes,USR-006,2024-10-07,No,Yes,Yes,Yes,Yes,Claim submitted at the weekend
EXP-00591,EMP1005,B. Ncube,2025-07-13,2025-07,Client Entertainment,101.61,Yes,USR-011,2025-07-26,No,Yes,Yes,Yes,Yes,Claim submitted at the weekend
EXP-00592,EMP1025,M. Nyathi,2025-05-08,2025-05,Training,3224.49,Yes,USR-011,2025-05-28,No,No,Yes,Yes,No,-
EXP-00593,EMP1019,P. Gumbo,2024-05-08,2024-05,Meals,4295.4,Yes,USR-001,2024-06-13,No,No,Yes,Yes,No,-
EXP-00594,EMP1010,D. Mutasa,2025-07-31,2025-07,Accommodation,1730.02,No,USR-006,2025-09-09,No,No,No,Yes,Yes,No receipt attached
EXP-00595,EMP1027,R. Chikafu,2025-09-21,2025-09,Travel - Mileage,2883.95,Yes,USR-011,2025-09-28,No,Yes,Yes,Yes,Yes,Claim submitted at the weekend
EXP-00596,EMP1012,T. Makuvaza,2024-03-29,2024-03,Training,209.59,Yes,USR-011,2024-04-25,No,No,Yes,Yes,No,-
EXP-00597,EMP1034,P. Gumbo,2024-05-22,2024-05,Fuel,1717.56,No,USR-001,2024-06-27,No,No,No,Yes,Yes,No receipt attached
EXP-00598,EMP1010,T. Makuvaza,2024-01-07,2024-01,Meals,2428.98,Yes,USR-011,2024-01-26,Yes,Yes,Yes,Yes,Yes,Duplicate claim suspected; Claim submitted at the weekend
EXP-00599,EMP1013,B. Ncube,2025-09-14,2025-09,Training,432.08,Yes,USR-011,2025-10-08,No,Yes,Yes,Yes,Yes,Claim submitted at the weekend
EXP-00600,EMP1025,K. Dube,2025-02-05,2025-02,Client Entertainment,236.21,Yes,USR-006,2025-03-15,Yes,No,Yes,Yes,Yes,Duplicate claim suspected
EXP-00601,EMP1019,D. Mutasa,2025-02-13,2025-02,Travel - Mileage,133.77,Yes,USR-011,2025-02-28,No,No,Yes,Yes,No,-
EXP-00602,EMP1018,S. Moyo,2024-05-17,2024-05,Travel - Air,113.43,Yes,USR-006,2024-05-28,No,No,Yes,Yes,No,-
EXP-00603,EMP1044,J. Marufu,2025-08-14,2025-08,Client Entertainment,51.53,No,USR-006,2025-08-29,No,No,No,Yes,Yes,No receipt attached
EXP-00604,EMP1013,K. Dube,2024-04-28,2024-04,Meals,1009.37,Yes,USR-001,2024-06-06,No,Yes,Yes,Yes,Yes,Claim submitted at the weekend
EXP-00605,EMP1042,M. Nyathi,2024-06-25,2024-06,Travel - Air,448.88,Yes,USR-006,2024-08-02,No,No,Yes,Yes,No,-
EXP-00606,EMP1029,N. Zhou,2024-12-19,2024-12,Fuel,1594.37,Yes,USR-006,2025-01-27,No,No,Yes,Yes,No,-
EXP-00607,EMP1000,K. Dube,2025-03-23,2025-03,Travel - Air,411.18,Yes,USR-001,2025-05-01,No,Yes,Yes,Yes,Yes,Claim submitted at the weekend
EXP-00608,EMP1041,K. Dube,2024-07-21,2024-07,Meals,2839.31,Yes,USR-001,2024-08-17,No,Yes,Yes,Yes,Yes,Claim submitted at the weekend
EXP-00609,EMP1048,K. Dube,2024-05-21,2024-05,Training,291.38,Yes,USR-006,2024-06-04,No,No,Yes,Yes,No,-
EXP-00610,EMP1032,N. Zhou,2025-04-13,2025-04,Communication,3202.41,Yes,USR-001,2025-05-02,No,Yes,Yes,Yes,Yes,Claim submitted at the weekend
EXP-00611,EMP1023,T. Makuvaza,2024-09-27,2024-09,Accommodation,405.8,Yes,USR-011,2024-11-05,No,No,Yes,Yes,No,-
EXP-00612,EMP1029,K. Dube,2024-10-01,2024-10,Communication,1328.63,Yes,USR-011,2024-10-23,No,No,Yes,Yes,No,-
EXP-00613,EMP1030,L. Sibanda,2025-05-08,2025-05,Communication,971.68,Yes,USR-006,2025-05-15,No,No,Yes,Yes,No,-
EXP-00614,EMP1005,P. Gumbo,2024-09-14,2024-09,Fuel,3419.29,Yes,USR-011,2024-09-24,No,Yes,Yes,Yes,Yes,Claim submitted at the weekend
EXP-00615,EMP1041,T. Makuvaza,2024-04-25,2024-04,Fuel,134.49,Yes,USR-011,2024-05-24,No,No,Yes,Yes,No,-
EXP-00616,EMP1007,L. Sibanda,2024-05-29,2024-05,Training,51.17,Yes,USR-001,2024-06-20,No,No,Yes,Yes,No,-
EXP-00617,EMP1050,K. Dube,2025-05-24,2025-05,Fuel,4418.63,Yes,USR-001,2025-07-03,No,Yes,Yes,Yes,Yes,Claim submitted at the weekend
EXP-00618,EMP1027,A. Banda,2025-07-04,2025-07,Training,1381.52,Yes,USR-006,2025-07-24,No,No,Yes,Yes,No,-
EXP-00619,EMP1041,J. Marufu,2025-06-18,2025-06,Fuel,570.8,Yes,USR-006,2025-07-24,No,No,Yes,Yes,No,-
EXP-00620,EMP1015,S. Moyo,2025-01-10,2025-01,Meals,2432.21,No,USR-006,2025-01-19,No,No,No,Yes,Yes,No receipt attached
EXP-00621,EMP1032,N. Zhou,2025-04-25,2025-04,Client Entertainment,921.3,Yes,USR-001,2025-06-04,No,No,Yes,Yes,No,-
EXP-00622,EMP1032,A. Banda,2024-06-18,2024-06,Client Entertainment,291.44,Yes,USR-011,2024-06-30,No,No,Yes,Yes,No,-
EXP-00623,EMP1023,P. Gumbo,2025-08-31,2025-08,Communication,5431.37,Yes,USR-011,2025-09-21,No,Yes,Yes,Yes,Yes,Claim submitted at the weekend
EXP-00624,EMP1030,R. Chikafu,2025-03-20,2025-03,Training,1806.99,Yes,USR-006,2025-04-02,No,No,Yes,Yes,No,-
EXP-00625,EMP1021,J. Marufu,2024-08-08,2024-08,Meals,445.08,Yes,USR-001,2024-08-26,No,No,Yes,Yes,No,-
EXP-00626,EMP1043,B. Ncube,2025-07-10,2025-07,Communication,4215.76,Yes,USR-006,2025-08-14,No,No,Yes,Yes,No,-
EXP-00627,EMP1004,D. Mutasa,2024-02-27,2024-02,Client Entertainment,2941.9,Yes,USR-001,2024-03-17,No,No,Yes,Yes,No,-
EXP-00628,EMP1047,M. Nyathi,2025-08-26,2025-08,Communication,3414.49,Yes,USR-006,2025-09-09,No,No,Yes,Yes,No,-
EXP-00629,EMP1007,J. Marufu,2024-08-29,2024-08,Fuel,1611.06,Yes,USR-001,2024-09-22,No,No,Yes,Yes,No,-
EXP-00630,EMP1031,K. Dube,2024-05-06,2024-05,Training,5661.72,Yes,USR-001,2024-05-18,No,No,Yes,Yes,No,-
EXP-00631,EMP1022,M. Nyathi,2024-10-25,2024-10,Travel - Air,130.0,Yes,USR-001,2024-11-14,No,No,Yes,Yes,No,-
EXP-00632,EMP1000,N. Zhou,2024-03-22,2024-03,Client Entertainment,1708.88,Yes,USR-006,2024-04-24,No,No,Yes,Yes,No,-
EXP-00633,EMP1040,L. Sibanda,2024-01-28,2024-01,Client Entertainment,1786.94,Yes,USR-011,2024-02-19,No,Yes,Yes,Yes,Yes,Claim submitted at the weekend
EXP-00634,EMP1002,J. Marufu,2024-07-01,2024-07,Client Entertainment,402.03,Yes,USR-006,2024-07-13,No,No,Yes,Yes,No,-
EXP-00635,EMP1041,N. Zhou,2025-06-05,2025-06,Fuel,5901.47,Yes,USR-011,2025-07-06,No,No,Yes,Yes,No,-
EXP-00636,EMP1034,A. Banda,2024-04-30,2024-04,Accommodation,5027.83,No,USR-006,2024-06-01,No,No,No,Yes,Yes,No receipt attached
EXP-00637,EMP1000,R. Chikafu,2024-11-30,2024-11,Meals,560.04,Yes,USR-006,2025-01-02,No,Yes,Yes,Yes,Yes,Claim submitted at the weekend
EXP-00638,EMP1000,L. Sibanda,2025-09-10,2025-09,Communication,1598.64,Yes,USR-006,2025-10-07,No,No,Yes,Yes,No,-
EXP-00639,EMP1037,B. Ncube,2025-02-23,2025-02,Training,580.27,Yes,USR-006,2025-03-02,No,Yes,Yes,Yes,Yes,Claim submitted at the weekend
EXP-00640,EMP1000,K. Dube,2025-07-22,2025-07,Training,2942.31,Yes,USR-001,2025-08-14,No,No,Yes,Yes,No,-
EXP-00641,EMP1002,B. Ncube,2024-10-31,2024-10,Communication,1138.39,No,USR-001,2024-11-14,No,No,No,Yes,Yes,No receipt attached
EXP-00642,EMP1003,J. Marufu,2024-12-29,2024-12,Meals,1855.55,Yes,USR-006,2025-01-08,No,Yes,Yes,Yes,Yes,Claim submitted at the weekend
EXP-00643,EMP1045,N. Zhou,2024-10-11,2024-10,Training,132.35,Yes,USR-006,2024-11-10,No,No,Yes,Yes,No,-
EXP-00644,EMP1045,D. Mutasa,2024-05-23,2024-05,Travel - Mileage,1691.49,Yes,USR-006,2024-06-14,Yes,No,Yes,Yes,Yes,Duplicate claim suspected
EXP-00645,EMP1018,A. Banda,2024-03-09,2024-03,Client Entertainment,284.71,Yes,USR-006,2024-04-07,No,Yes,Yes,Yes,Yes,Claim submitted at the weekend
EXP-00646,EMP1026,D. Mutasa,2025-09-03,2025-09,Meals,3031.91,Yes,USR-011,2025-09-21,No,No,Yes,Yes,No,-
EXP-00647,EMP1002,J. Marufu,2024-07-07,2024-07,Travel - Mileage,1271.69,Yes,USR-001,2024-08-10,No,Yes,Yes,Yes,Yes,Claim submitted at the weekend
EXP-00648,EMP1015,M. Nyathi,2025-03-27,2025-03,Meals,321.69,Yes,USR-006,2025-04-22,No,No,Yes,Yes,No,-
EXP-00649,EMP1034,R. Chikafu,2025-01-03,2025-01,Fuel,119.1,Yes,USR-011,2025-01-28,No,No,Yes,Yes,No,-
