ClientID,ClientName,Industry,ClientSince,ClientSize,Year,AnnualFeeUSD,ServicesPurchased,NPS,ComplaintsLogged,AvgPaymentDays,EngagementDelayDays,PartnerHoursOnClient,AuditFindingsRaised,FeeChangePct,Stayed,PStay,PChurn,RiskBand,FeeAtRiskUSD,ModelVersion
CL-21,Chinhoyi Poultry Group,Agriculture,2023,Small,2024,50660.38,4,8,1,33,13,-10,1,15.8,1,0.4356,0.5644,Medium,28593.24,v1.0-logreg-2025-10
CL-18,Nyanga Tea Estates,Agriculture,2018,Medium,2025,89353.76,2,9,2,61,44,18.5,3,9,0,0.175,0.825,High,73720.97,v1.0-logreg-2025-10
CL-01,Mhondoro Manufacturing,Manufacturing,2021,Large,2021,331296.29,3,4,1,37,11,28.2,0,12.4,0,0.0532,0.9468,High,313667.73,v1.0-logreg-2025-10
CL-29,Chiredzi Sugar Estates,Agriculture,2020,Medium,2023,131909.52,4,8,0,35,33,26.4,0,21.1,1,0.7701,0.2299,Low,30328.86,v1.0-logreg-2025-10
CL-30,Kadoma Paper Mills,Manufacturing,2021,Medium,2023,108774.2,3,7,2,63,39,17.9,1,11.8,0,0.0996,0.9004,High,97937.68,v1.0-logreg-2025-10
CL-04,RetailZ Supermarkets,Retail,2019,Large,2022,363703.09,5,7,0,36,34,31,0,-0.6,0,0.3996,0.6004,High,218354.61,v1.0-logreg-2025-10
CL-03,AgriHub Cooperative,Agriculture,2022,Medium,2022,81942.05,2,4,0,47,33,20.8,2,-8.4,0,0.1899,0.8101,High,66379.76,v1.0-logreg-2025-10
CL-19,Midlands Steel Fabricators,Manufacturing,2021,Medium,2025,139305.57,5,9,0,45,15,23.5,4,16.5,1,0.8413,0.1587,Low,22111.7,v1.0-logreg-2025-10
CL-07,TransContinental Haulage,Logistics,2022,Small,2023,69151.32,3,4,0,61,29,33.5,2,10.1,0,0.2981,0.7019,High,48535.36,v1.0-logreg-2025-10
CL-22,Bulawayo Textiles,Manufacturing,2020,Medium,2022,131770.39,3,10,0,19,11,23.2,0,-9.3,1,0.8706,0.1294,Low,17049.41,v1.0-logreg-2025-10
CL-10,UnivTrust Procurement,Public sector,2023,Medium,2025,122022.87,1,8,0,47,28,40.6,2,21.1,1,0.5586,0.4414,Medium,53857.29,v1.0-logreg-2025-10
CL-14,FarmSupply Depot,Agriculture,2023,Small,2022,36804.62,1,5,1,57,33,32.6,2,14.4,0,0.1614,0.8386,High,30866.04,v1.0-logreg-2025-10
CL-18,Nyanga Tea Estates,Agriculture,2018,Medium,2021,109037.75,4,4,1,57,45,19.3,2,-17.1,1,0.1236,0.8764,High,95563.36,v1.0-logreg-2025-10
CL-20,Victoria Falls Resorts,Hospitality,2019,Medium,2023,169577.48,1,7,1,40,20,32.1,0,14.2,1,0.2011,0.7989,High,135475.61,v1.0-logreg-2025-10
CL-06,Municipality of Kadoma,Public sector,2020,Medium,2021,218447.89,5,6,0,73,36,15.2,0,-13.8,0,0.1345,0.8655,High,189063.75,v1.0-logreg-2025-10
CL-29,Chiredzi Sugar Estates,Agriculture,2020,Medium,2022,185151.96,1,4,0,47,10,30.1,0,3.4,0,0.0894,0.9106,High,168592.1,v1.0-logreg-2025-10
CL-13,PlastiCorp Factory,Manufacturing,2021,Medium,2021,72237.47,1,9,0,41,20,43.3,2,-11,1,0.7712,0.2288,Low,16530.85,v1.0-logreg-2025-10
CL-13,PlastiCorp Factory,Manufacturing,2021,Medium,2025,81936.99,2,8,1,50,38,43.8,2,-7.4,1,0.5512,0.4488,Medium,36772.38,v1.0-logreg-2025-10
CL-06,Municipality of Kadoma,Public sector,2020,Medium,2023,184689.23,5,8,0,33,5,31.6,1,-17.4,1,0.8148,0.1852,Low,34209.56,v1.0-logreg-2025-10
CL-16,Highveld Cement Works,Manufacturing,2020,Large,2021,216483.34,5,9,0,19,14,27.4,2,-17.3,1,0.884,0.116,Low,25116.35,v1.0-logreg-2025-10
CL-21,Chinhoyi Poultry Group,Agriculture,2023,Small,2021,48646.46,1,6,0,45,35,33,4,2,1,0.4635,0.5365,Medium,26097.12,v1.0-logreg-2025-10
CL-20,Victoria Falls Resorts,Hospitality,2019,Medium,2021,171511.01,4,5,0,59,2,9.9,2,-0,0,0.145,0.855,High,146639.13,v1.0-logreg-2025-10
CL-09,SADC Industrial Supplies,Wholesale,2021,Small,2022,75044.03,5,4,1,39,39,44.8,0,14.4,1,0.6323,0.3677,Medium,27592.85,v1.0-logreg-2025-10
CL-23,Zambezi Fisheries,Agriculture,2022,Small,2021,63298.87,2,7,0,46,22,31.4,0,1.3,1,0.5519,0.4481,Medium,28366.18,v1.0-logreg-2025-10
CL-16,Highveld Cement Works,Manufacturing,2020,Large,2024,215042.02,5,7,0,44,15,29.7,0,16.9,1,0.6067,0.3933,Medium,84580.33,v1.0-logreg-2025-10
CL-25,Mutare Timber Products,Manufacturing,2019,Medium,2024,110105.64,3,7,0,49,37,26,3,4.9,1,0.5286,0.4714,Medium,51901.04,v1.0-logreg-2025-10
CL-07,TransContinental Haulage,Logistics,2022,Small,2024,70566.39,4,7,1,28,40,39.1,0,19.2,1,0.8095,0.1905,Low,13442.34,v1.0-logreg-2025-10
CL-20,Victoria Falls Resorts,Hospitality,2019,Medium,2025,173236.14,1,7,0,38,21,28.8,3,5,0,0.3403,0.6597,High,114277.24,v1.0-logreg-2025-10
CL-18,Nyanga Tea Estates,Agriculture,2018,Medium,2024,81903.63,1,10,0,42,7,17.3,3,-5.2,0,0.6109,0.3891,Medium,31869.53,v1.0-logreg-2025-10
CL-28,Masvingo Grain Traders,Wholesale,2023,Small,2022,78446.22,1,9,0,29,35,18.9,1,-17.1,0,0.6235,0.3765,Medium,29537.56,v1.0-logreg-2025-10
CL-11,EnergyAfrica Distributors,Energy,2020,Large,2022,217214.49,2,4,1,43,26,30.8,2,1.3,0,0.0749,0.9251,High,200943.17,v1.0-logreg-2025-10
CL-07,TransContinental Haulage,Logistics,2022,Small,2025,75407.95,4,4,0,51,17,45.9,0,0.9,0,0.5777,0.4223,Medium,31843.15,v1.0-logreg-2025-10
CL-17,Kariba Energy Services,Energy,2022,Medium,2025,189936.72,2,9,0,39,31,13.3,0,-8.6,1,0.3627,0.6373,High,121049.29,v1.0-logreg-2025-10
CL-01,Mhondoro Manufacturing,Manufacturing,2021,Large,2022,231882.88,1,8,2,52,24,25.4,0,19.6,0,0.0523,0.9477,High,219754.2,v1.0-logreg-2025-10
CL-12,PrintWorks Limited,Services,2022,Small,2021,57917.19,2,5,3,32,14,12.5,0,7,0,0.0627,0.9373,High,54286.74,v1.0-logreg-2025-10
CL-21,Chinhoyi Poultry Group,Agriculture,2023,Small,2023,46860.8,4,8,2,39,8,30.3,1,-16.5,1,0.6145,0.3855,Medium,18063.83,v1.0-logreg-2025-10
CL-24,Harare Pharmaceuticals,Healthcare,2021,Medium,2021,172822.6,1,7,0,42,38,12.3,2,-10.5,1,0.1603,0.8397,High,145116.19,v1.0-logreg-2025-10
CL-25,Mutare Timber Products,Manufacturing,2019,Medium,2023,107653.42,4,9,3,49,19,53.2,2,10.6,1,0.6079,0.3921,Medium,42209.06,v1.0-logreg-2025-10
CL-12,PrintWorks Limited,Services,2022,Small,2022,49014.17,4,7,0,24,21,40.7,1,11.7,0,0.9277,0.0723,Low,3544.68,v1.0-logreg-2025-10
CL-23,Zambezi Fisheries,Agriculture,2022,Small,2025,49186.51,2,8,3,51,12,12.3,2,-8.4,0,0.096,0.904,High,44465.9,v1.0-logreg-2025-10
CL-01,Mhondoro Manufacturing,Manufacturing,2021,Large,2024,288057.99,5,5,0,32,43,38.1,0,2,0,0.4747,0.5253,Medium,151313.17,v1.0-logreg-2025-10
CL-10,UnivTrust Procurement,Public sector,2023,Medium,2021,127830.7,5,9,0,36,21,41.3,2,21.3,0,0.9408,0.0592,Low,7570.81,v1.0-logreg-2025-10
CL-07,TransContinental Haulage,Logistics,2022,Small,2021,64398.83,4,6,0,80,31,24.5,0,-17.2,0,0.2658,0.7342,High,47283.74,v1.0-logreg-2025-10
CL-24,Harare Pharmaceuticals,Healthcare,2021,Medium,2024,159531.08,5,7,1,25,2,20.7,2,18.3,0,0.6661,0.3339,Medium,53275.15,v1.0-logreg-2025-10
CL-25,Mutare Timber Products,Manufacturing,2019,Medium,2022,101252.04,5,7,0,22,8,17.1,0,-12.7,1,0.8207,0.1793,Low,18154.61,v1.0-logreg-2025-10
CL-20,Victoria Falls Resorts,Hospitality,2019,Medium,2024,182687.03,5,7,0,51,15,35.7,1,20.8,1,0.6752,0.3248,Medium,59337.65,v1.0-logreg-2025-10
CL-06,Municipality of Kadoma,Public sector,2020,Medium,2025,188305.51,4,7,3,28,43,28.3,2,12.7,0,0.2405,0.7595,High,143024.21,v1.0-logreg-2025-10
CL-24,Harare Pharmaceuticals,Healthcare,2021,Medium,2023,205310.38,5,4,1,42,35,26.8,0,5.1,0,0.2036,0.7964,High,163517.61,v1.0-logreg-2025-10
CL-17,Kariba Energy Services,Energy,2022,Medium,2021,147461.24,5,4,0,23,32,12.2,1,4.3,1,0.482,0.518,Medium,76381.94,v1.0-logreg-2025-10
CL-16,Highveld Cement Works,Manufacturing,2020,Large,2023,229572.81,3,9,1,60,45,30.2,0,-2.4,0,0.2323,0.7677,High,176252.34,v1.0-logreg-2025-10
CL-29,Chiredzi Sugar Estates,Agriculture,2020,Medium,2025,126660.63,2,9,1,54,36,32.5,1,17,0,0.4081,0.5919,Medium,74975.03,v1.0-logreg-2025-10
CL-09,SADC Industrial Supplies,Wholesale,2021,Small,2025,64224.61,1,9,3,33,12,31.4,0,-8,0,0.2661,0.7339,High,47137.6,v1.0-logreg-2025-10
CL-16,Highveld Cement Works,Manufacturing,2020,Large,2022,259531.06,2,10,1,50,20,50.5,0,-9.8,0,0.4417,0.5583,Medium,144892.2,v1.0-logreg-2025-10
CL-05,Sunrise Hospitals,Healthcare,2021,Medium,2021,138190.7,1,4,1,68,29,33.2,1,-14.9,0,0.0336,0.9664,High,133547.82,v1.0-logreg-2025-10
CL-11,EnergyAfrica Distributors,Energy,2020,Large,2023,201315.53,4,8,0,62,27,37.2,0,14.3,1,0.5138,0.4862,Medium,97876.47,v1.0-logreg-2025-10
CL-25,Mutare Timber Products,Manufacturing,2019,Medium,2025,104381.01,2,6,1,44,32,16.1,2,15.1,0,0.1754,0.8246,High,86069.86,v1.0-logreg-2025-10
CL-20,Victoria Falls Resorts,Hospitality,2019,Medium,2022,214235.7,4,7,0,49,44,29.1,2,-16.5,0,0.4363,0.5637,Medium,120765.37,v1.0-logreg-2025-10
CL-08,FoodProcessors Alliance,Manufacturing,2019,Large,2021,400616.27,2,7,2,56,44,19.2,0,-0.4,0,0.0097,0.9903,High,396730.31,v1.0-logreg-2025-10
CL-10,UnivTrust Procurement,Public sector,2023,Medium,2024,128460.73,5,9,0,45,2,32,2,7.1,1,0.8777,0.1223,Low,15706.37,v1.0-logreg-2025-10
CL-01,Mhondoro Manufacturing,Manufacturing,2021,Large,2025,217805.43,3,5,2,24,17,42.3,1,-10.5,1,0.2246,0.7754,High,168882.88,v1.0-logreg-2025-10
CL-09,SADC Industrial Supplies,Wholesale,2021,Small,2023,51427.91,5,9,0,49,15,23.5,1,-17.2,1,0.8664,0.1336,Low,6872.09,v1.0-logreg-2025-10
CL-27,Kwekwe Alloys,Mining,2018,Large,2024,335501.51,4,4,0,68,23,21.9,2,14.9,0,0.0396,0.9604,High,322221,v1.0-logreg-2025-10
CL-01,Mhondoro Manufacturing,Manufacturing,2021,Large,2023,232979.23,2,4,1,30,10,28.3,1,9.1,0,0.0963,0.9037,High,210548.94,v1.0-logreg-2025-10
CL-19,Midlands Steel Fabricators,Manufacturing,2021,Medium,2021,117520.43,4,7,0,61,16,24.2,2,-9,0,0.4622,0.5378,Medium,63198.34,v1.0-logreg-2025-10
CL-13,PlastiCorp Factory,Manufacturing,2021,Medium,2023,77757.88,5,8,1,41,41,14.1,0,6.4,1,0.6365,0.3635,Medium,28267.46,v1.0-logreg-2025-10
CL-04,RetailZ Supermarkets,Retail,2019,Large,2025,262404.76,1,8,0,35,19,26.1,0,8.2,1,0.2439,0.7561,High,198415.3,v1.0-logreg-2025-10
CL-18,Nyanga Tea Estates,Agriculture,2018,Medium,2022,98523.31,1,5,0,54,19,25.2,0,-8,0,0.1374,0.8626,High,84987.05,v1.0-logreg-2025-10
CL-05,Sunrise Hospitals,Healthcare,2021,Medium,2022,132202.01,3,8,2,83,5,35.5,3,5.4,0,0.127,0.873,High,115416.53,v1.0-logreg-2025-10
CL-24,Harare Pharmaceuticals,Healthcare,2021,Medium,2022,163056.87,5,7,3,41,39,18.8,1,20.6,0,0.1871,0.8129,High,132551.69,v1.0-logreg-2025-10
CL-14,FarmSupply Depot,Agriculture,2023,Small,2021,41022.35,1,10,1,49,11,14.8,1,-2.4,0,0.4013,0.5987,Medium,24561.95,v1.0-logreg-2025-10
CL-23,Zambezi Fisheries,Agriculture,2022,Small,2024,69000.69,5,4,0,28,29,29.5,0,-6.1,0,0.7246,0.2754,Low,19002.84,v1.0-logreg-2025-10
CL-28,Masvingo Grain Traders,Wholesale,2023,Small,2024,67988.38,1,8,0,78,36,13.2,0,-9.7,0,0.1198,0.8802,High,59843.8,v1.0-logreg-2025-10
CL-08,FoodProcessors Alliance,Manufacturing,2019,Large,2022,400526.15,1,9,0,40,13,33,1,16.5,0,0.1652,0.8348,High,334365.02,v1.0-logreg-2025-10
CL-26,Gweru Motor Assemblies,Manufacturing,2022,Large,2024,213306.44,2,9,2,56,44,15.5,0,-1.7,0,0.0667,0.9333,High,199080.85,v1.0-logreg-2025-10
CL-09,SADC Industrial Supplies,Wholesale,2021,Small,2024,54110.18,1,6,1,41,18,21.8,0,9.8,0,0.2037,0.7963,High,43090,v1.0-logreg-2025-10
CL-19,Midlands Steel Fabricators,Manufacturing,2021,Medium,2023,156743.66,4,9,0,25,9,25.9,1,-0.8,1,0.8529,0.1471,Low,23059.16,v1.0-logreg-2025-10
CL-14,FarmSupply Depot,Agriculture,2023,Small,2023,40634.81,3,4,0,44,38,33.8,1,-14.4,1,0.4709,0.5291,Medium,21500.47,v1.0-logreg-2025-10
CL-17,Kariba Energy Services,Energy,2022,Medium,2024,170445.95,1,8,0,50,41,17.8,0,-13.6,0,0.1844,0.8156,High,139019.54,v1.0-logreg-2025-10
CL-24,Harare Pharmaceuticals,Healthcare,2021,Medium,2025,179782.33,3,7,1,53,41,17.4,1,-15.6,0,0.1411,0.8589,High,154411.68,v1.0-logreg-2025-10
CL-03,AgriHub Cooperative,Agriculture,2022,Medium,2021,79238.27,2,4,1,41,45,23,0,14.8,0,0.1412,0.8588,High,68052.08,v1.0-logreg-2025-10
CL-30,Kadoma Paper Mills,Manufacturing,2021,Medium,2025,116690.39,5,10,3,64,13,5.2,3,-5.8,0,0.1868,0.8132,High,94898.24,v1.0-logreg-2025-10
CL-28,Masvingo Grain Traders,Wholesale,2023,Small,2021,65764.24,2,5,2,53,31,23.5,1,2.4,0,0.0806,0.9194,High,60461.32,v1.0-logreg-2025-10
CL-29,Chiredzi Sugar Estates,Agriculture,2020,Medium,2021,158669.97,2,8,0,83,43,13.5,0,5.4,0,0.0846,0.9154,High,145244.42,v1.0-logreg-2025-10
CL-30,Kadoma Paper Mills,Manufacturing,2021,Medium,2024,119721.6,4,7,1,19,18,29.5,0,-1.3,0,0.7236,0.2764,Low,33087.11,v1.0-logreg-2025-10
CL-10,UnivTrust Procurement,Public sector,2023,Medium,2022,139196.4,2,4,0,71,3,16.7,0,-14.4,0,0.0422,0.9578,High,133316.08,v1.0-logreg-2025-10
CL-12,PrintWorks Limited,Services,2022,Small,2024,60729.62,3,7,2,58,17,27.1,0,-9.6,0,0.2031,0.7969,High,48395.41,v1.0-logreg-2025-10
CL-22,Bulawayo Textiles,Manufacturing,2020,Medium,2021,103265.02,1,8,0,18,38,19.4,2,-2.6,0,0.627,0.373,Medium,38520.85,v1.0-logreg-2025-10
CL-12,PrintWorks Limited,Services,2022,Small,2025,50026.09,1,7,0,16,33,32.5,2,7.4,1,0.7754,0.2246,Low,11235.33,v1.0-logreg-2025-10
CL-09,SADC Industrial Supplies,Wholesale,2021,Small,2021,56261.38,1,5,0,42,22,24.7,1,9.8,0,0.2811,0.7189,High,40445.87,v1.0-logreg-2025-10
CL-28,Masvingo Grain Traders,Wholesale,2023,Small,2025,52068.55,2,6,0,17,31,24.6,2,12.6,1,0.7186,0.2814,Low,14650.49,v1.0-logreg-2025-10
CL-14,FarmSupply Depot,Agriculture,2023,Small,2024,48455.97,4,7,1,46,20,29.9,3,-8.9,1,0.6451,0.3549,Medium,17197.67,v1.0-logreg-2025-10
CL-27,Kwekwe Alloys,Mining,2018,Large,2022,366195.69,5,4,0,65,16,13.5,2,-13.3,0,0.0346,0.9654,High,353531.81,v1.0-logreg-2025-10
CL-13,PlastiCorp Factory,Manufacturing,2021,Medium,2024,95652.55,5,7,3,19,11,41.9,0,8.8,1,0.6943,0.3057,Medium,29239.19,v1.0-logreg-2025-10
CL-06,Municipality of Kadoma,Public sector,2020,Medium,2022,171774.68,5,6,0,36,8,25.9,1,-13.7,1,0.6221,0.3779,Medium,64920.36,v1.0-logreg-2025-10
CL-16,Highveld Cement Works,Manufacturing,2020,Large,2025,200936.93,1,10,1,27,10,49.4,0,-2.8,1,0.6626,0.3374,Medium,67787.09,v1.0-logreg-2025-10
CL-02,Great Dyke Mining,Mining,2020,Large,2023,578777.8,5,5,0,54,3,27.6,1,9.3,0,0.0294,0.9706,High,561781.67,v1.0-logreg-2025-10
CL-15,BuildMart Hardware,Retail,2019,Medium,2023,121255,2,8,2,30,25,9.9,2,2.4,0,0.2034,0.7966,High,96588.77,v1.0-logreg-2025-10
CL-02,Great Dyke Mining,Mining,2020,Large,2024,549255.79,2,7,1,47,20,35.8,2,19.7,0,0.0218,0.9782,High,537276.42,v1.0-logreg-2025-10
CL-19,Midlands Steel Fabricators,Manufacturing,2021,Medium,2022,169257.89,3,9,0,38,5,18,2,16.6,1,0.624,0.376,Medium,63632.62,v1.0-logreg-2025-10
CL-15,BuildMart Hardware,Retail,2019,Medium,2021,153399.59,2,9,0,44,21,26.7,0,-1.5,0,0.531,0.469,Medium,71940.48,v1.0-logreg-2025-10
CL-30,Kadoma Paper Mills,Manufacturing,2021,Medium,2022,141677.85,2,8,0,34,41,25.8,2,-2.5,0,0.5744,0.4256,Medium,60292.67,v1.0-logreg-2025-10
CL-10,UnivTrust Procurement,Public sector,2023,Medium,2023,108677.71,1,10,0,66,15,18.5,0,15,1,0.3194,0.6806,High,73968.12,v1.0-logreg-2025-10
CL-29,Chiredzi Sugar Estates,Agriculture,2020,Medium,2024,176430.33,1,4,1,42,32,31.3,0,-11.7,0,0.06,0.94,High,165840.95,v1.0-logreg-2025-10
CL-17,Kariba Energy Services,Energy,2022,Medium,2022,185918.12,3,7,1,66,41,29.5,1,-9.4,1,0.1387,0.8613,High,160137.48,v1.0-logreg-2025-10
CL-23,Zambezi Fisheries,Agriculture,2022,Small,2023,54116.57,1,7,1,72,16,38.8,1,3.2,0,0.1879,0.8121,High,43946.51,v1.0-logreg-2025-10
CL-26,Gweru Motor Assemblies,Manufacturing,2022,Large,2021,222129.49,2,6,0,62,7,26,0,17.5,0,0.1046,0.8954,High,198904.89,v1.0-logreg-2025-10
CL-03,AgriHub Cooperative,Agriculture,2022,Medium,2024,115148.24,5,8,0,40,18,46.4,3,-14.5,1,0.9227,0.0773,Low,8898.69,v1.0-logreg-2025-10
CL-27,Kwekwe Alloys,Mining,2018,Large,2023,314494.7,4,10,0,65,25,39.4,4,10.9,1,0.5318,0.4682,Medium,147241.57,v1.0-logreg-2025-10
CL-18,Nyanga Tea Estates,Agriculture,2018,Medium,2023,97488.84,3,9,0,23,24,23.4,0,-12.8,1,0.8356,0.1644,Low,16031.1,v1.0-logreg-2025-10
CL-21,Chinhoyi Poultry Group,Agriculture,2023,Small,2025,61241.85,2,8,0,33,5,9.3,1,10,0,0.5667,0.4333,Medium,26535.48,v1.0-logreg-2025-10
CL-25,Mutare Timber Products,Manufacturing,2019,Medium,2021,131634.79,4,6,0,11,44,29.1,3,-1.7,1,0.8353,0.1647,Low,21681.65,v1.0-logreg-2025-10
CL-08,FoodProcessors Alliance,Manufacturing,2019,Large,2025,410707.95,4,9,0,49,13,22,0,10.6,0,0.2138,0.7862,High,322904.54,v1.0-logreg-2025-10
CL-26,Gweru Motor Assemblies,Manufacturing,2022,Large,2022,254787.29,1,4,2,38,7,20.3,2,-8.5,0,0.0152,0.9848,High,250907.1,v1.0-logreg-2025-10
CL-26,Gweru Motor Assemblies,Manufacturing,2022,Large,2023,209770.26,3,9,0,48,43,29.9,2,9.6,0,0.5619,0.4381,Medium,91896.51,v1.0-logreg-2025-10
CL-14,FarmSupply Depot,Agriculture,2023,Small,2025,37963.54,3,7,0,32,27,22.5,1,3.1,0,0.7445,0.2555,Low,9701.43,v1.0-logreg-2025-10
CL-30,Kadoma Paper Mills,Manufacturing,2021,Medium,2021,108128.38,5,6,0,34,36,19.8,1,-8.6,1,0.6883,0.3117,Medium,33698.33,v1.0-logreg-2025-10
CL-11,EnergyAfrica Distributors,Energy,2020,Large,2024,223576.56,1,8,1,51,21,36.9,2,8.7,1,0.1739,0.8261,High,184691.19,v1.0-logreg-2025-10
CL-08,FoodProcessors Alliance,Manufacturing,2019,Large,2023,359110.93,2,8,3,8,9,39.6,1,-3.1,0,0.1466,0.8534,High,306472.3,v1.0-logreg-2025-10
CL-27,Kwekwe Alloys,Mining,2018,Large,2025,353854.94,3,8,1,38,35,34.4,3,6,1,0.2253,0.7747,High,274117.31,v1.0-logreg-2025-10
CL-22,Bulawayo Textiles,Manufacturing,2020,Medium,2025,111880.19,3,6,0,32,3,33.4,0,14.4,1,0.6494,0.3506,Medium,39223.67,v1.0-logreg-2025-10
CL-15,BuildMart Hardware,Retail,2019,Medium,2022,139225.68,1,8,0,39,33,38.3,3,19.6,1,0.5919,0.4081,Medium,56817.74,v1.0-logreg-2025-10
CL-02,Great Dyke Mining,Mining,2020,Large,2021,529450.52,4,8,2,55,13,35.1,2,4,0,0.0297,0.9703,High,513729.05,v1.0-logreg-2025-10
CL-06,Municipality of Kadoma,Public sector,2020,Medium,2024,221637.53,1,7,0,37,29,23.9,3,-11.6,0,0.2193,0.7807,High,173031.93,v1.0-logreg-2025-10
CL-02,Great Dyke Mining,Mining,2020,Large,2022,477564.09,4,6,3,41,29,42.3,1,5.8,0,0.0242,0.9758,High,466003.66,v1.0-logreg-2025-10
CL-11,EnergyAfrica Distributors,Energy,2020,Large,2021,264989.81,1,7,0,40,35,35.6,3,-3.2,0,0.2331,0.7669,High,203227.08,v1.0-logreg-2025-10
CL-15,BuildMart Hardware,Retail,2019,Medium,2025,110240.57,1,9,2,48,15,33.1,3,-0.6,0,0.266,0.734,High,80920.86,v1.0-logreg-2025-10
CL-15,BuildMart Hardware,Retail,2019,Medium,2024,155853.2,2,8,0,35,11,14.3,1,10.6,1,0.4212,0.5788,Medium,90206.65,v1.0-logreg-2025-10
CL-27,Kwekwe Alloys,Mining,2018,Large,2021,315563.48,2,8,0,41,9,24,2,-7.3,0,0.2043,0.7957,High,251099.41,v1.0-logreg-2025-10
CL-12,PrintWorks Limited,Services,2022,Small,2023,42972.38,4,10,0,56,6,26.6,2,2,1,0.8654,0.1346,Low,5782.18,v1.0-logreg-2025-10
CL-07,TransContinental Haulage,Logistics,2022,Small,2022,63650.82,4,10,0,32,27,23,1,18.5,1,0.9231,0.0769,Low,4897.36,v1.0-logreg-2025-10
CL-04,RetailZ Supermarkets,Retail,2019,Large,2021,358515.07,2,7,0,50,29,33.7,4,12.9,1,0.1399,0.8601,High,308352.22,v1.0-logreg-2025-10
CL-22,Bulawayo Textiles,Manufacturing,2020,Medium,2024,99925.95,2,8,0,76,14,24.3,0,-5,1,0.2296,0.7704,High,76981.41,v1.0-logreg-2025-10
CL-05,Sunrise Hospitals,Healthcare,2021,Medium,2024,139051.43,5,8,2,23,39,36.2,4,10.3,1,0.7919,0.2081,Low,28933.57,v1.0-logreg-2025-10
CL-13,PlastiCorp Factory,Manufacturing,2021,Medium,2022,71109.88,1,10,1,65,37,22.9,2,8.9,1,0.302,0.698,High,49635.11,v1.0-logreg-2025-10
CL-04,RetailZ Supermarkets,Retail,2019,Large,2023,411185.19,5,9,0,49,40,21.9,4,21.1,0,0.3485,0.6515,High,267900.35,v1.0-logreg-2025-10
CL-22,Bulawayo Textiles,Manufacturing,2020,Medium,2023,109679.38,5,7,0,66,44,30.1,1,8.6,1,0.5935,0.4065,Medium,44588.74,v1.0-logreg-2025-10
CL-23,Zambezi Fisheries,Agriculture,2022,Small,2022,74922.6,2,8,0,31,14,8.7,1,-16.8,0,0.5266,0.4734,Medium,35466.81,v1.0-logreg-2025-10
CL-05,Sunrise Hospitals,Healthcare,2021,Medium,2023,160757.39,3,5,0,35,39,15.7,4,-17.7,1,0.2859,0.7141,High,114799.43,v1.0-logreg-2025-10
CL-02,Great Dyke Mining,Mining,2020,Large,2025,382290.89,2,9,2,57,6,21.4,1,0.9,0,0.0265,0.9735,High,372144.54,v1.0-logreg-2025-10
CL-11,EnergyAfrica Distributors,Energy,2020,Large,2025,228640.1,4,9,1,38,40,14.4,3,-6.3,0,0.4032,0.5968,Medium,136455.31,v1.0-logreg-2025-10
CL-26,Gweru Motor Assemblies,Manufacturing,2022,Large,2025,196432.99,1,5,2,57,9,-0.4,2,12.6,0,0.0073,0.9927,High,195006.07,v1.0-logreg-2025-10
CL-03,AgriHub Cooperative,Agriculture,2022,Medium,2025,94915.13,2,8,0,11,10,11.3,0,-15.4,0,0.6915,0.3085,Medium,29277.06,v1.0-logreg-2025-10
CL-19,Midlands Steel Fabricators,Manufacturing,2021,Medium,2024,114378.69,4,8,0,21,10,13.4,2,4.9,1,0.805,0.195,Low,22302.17,v1.0-logreg-2025-10
CL-05,Sunrise Hospitals,Healthcare,2021,Medium,2025,132096.52,2,5,0,5,26,29.2,2,4,1,0.6476,0.3524,Medium,46549.04,v1.0-logreg-2025-10
CL-28,Masvingo Grain Traders,Wholesale,2023,Small,2023,76009.47,5,9,3,24,32,10.7,1,10.6,0,0.5538,0.4462,Medium,33917.1,v1.0-logreg-2025-10
CL-04,RetailZ Supermarkets,Retail,2019,Large,2024,352628.39,1,6,0,47,43,14.6,2,-9.3,0,0.0298,0.9702,High,342127.41,v1.0-logreg-2025-10
CL-03,AgriHub Cooperative,Agriculture,2022,Medium,2023,89451.18,5,6,1,35,10,22,1,16.6,1,0.609,0.391,Medium,34971.17,v1.0-logreg-2025-10
CL-21,Chinhoyi Poultry Group,Agriculture,2023,Small,2022,53219.28,3,7,0,43,7,24.7,2,21.7,1,0.6818,0.3182,Medium,16935.64,v1.0-logreg-2025-10
CL-08,FoodProcessors Alliance,Manufacturing,2019,Large,2024,412168.8,3,4,1,80,9,33.4,0,-7.1,0,0.0064,0.9936,High,409527.51,v1.0-logreg-2025-10
CL-17,Kariba Energy Services,Energy,2022,Medium,2023,193369.79,2,8,1,43,9,19.6,0,20.8,1,0.2015,0.7985,High,154404.42,v1.0-logreg-2025-10
