Period,FiscalYear,MonthNum,AccountCode,CostCentreCode,BudgetUSD,BudgetVersion
2024-01,2024,1,4000,CC300,390736.33,V1-Board Approved
2024-01,2024,1,4000,CC310,108509.94,V1-Board Approved
2024-01,2024,1,4010,CC300,158624.02,V1-Board Approved
2024-01,2024,1,4010,CC310,137981.61,V1-Board Approved
2024-01,2024,1,4020,CC300,242910.47,V1-Board Approved
2024-01,2024,1,4020,CC310,41202.8,V1-Board Approved
2024-01,2024,1,5000,CC100,14466.56,V1-Board Approved
2024-01,2024,1,5000,CC110,5105.77,V1-Board Approved
2024-01,2024,1,5000,CC200,55454.85,V1-Board Approved
2024-01,2024,1,5000,CC210,3279.17,V1-Board Approved
2024-01,2024,1,5000,CC300,23660.04,V1-Board Approved
2024-01,2024,1,5000,CC310,38152.62,V1-Board Approved
2024-01,2024,1,5000,CC400,54021.56,V1-Board Approved
2024-01,2024,1,5000,CC500,8209.81,V1-Board Approved
2024-01,2024,1,5000,CC900,117661.62,V1-Board Approved
2024-01,2024,1,5010,CC200,89419.71,V1-Board Approved
2024-01,2024,1,5010,CC210,58076.49,V1-Board Approved
2024-01,2024,1,5020,CC200,50134.61,V1-Board Approved
2024-01,2024,1,6000,CC100,10317.71,V1-Board Approved
2024-01,2024,1,6000,CC110,11954.18,V1-Board Approved
2024-01,2024,1,6000,CC300,23423.28,V1-Board Approved
2024-01,2024,1,6000,CC310,10537.3,V1-Board Approved
2024-01,2024,1,6000,CC400,19961.06,V1-Board Approved
2024-01,2024,1,6000,CC500,13440.33,V1-Board Approved
2024-01,2024,1,6000,CC900,20147.98,V1-Board Approved
2024-01,2024,1,6020,CC200,6542.24,V1-Board Approved
2024-01,2024,1,6030,CC200,6865.02,V1-Board Approved
2024-01,2024,1,6040,CC200,19863.32,V1-Board Approved
2024-01,2024,1,6040,CC210,10058.12,V1-Board Approved
2024-01,2024,1,6050,CC100,4357.61,V1-Board Approved
2024-01,2024,1,6050,CC200,8118.43,V1-Board Approved
2024-01,2024,1,6060,CC200,12815.86,V1-Board Approved
2024-01,2024,1,6060,CC210,3035.81,V1-Board Approved
2024-01,2024,1,6060,CC500,1382.89,V1-Board Approved
2024-01,2024,1,6070,CC500,5410.76,V1-Board Approved
2024-01,2024,1,6080,CC110,2507.31,V1-Board Approved
2024-01,2024,1,6080,CC210,1487.68,V1-Board Approved
2024-01,2024,1,6090,CC110,14137.66,V1-Board Approved
2024-01,2024,1,6090,CC200,889.29,V1-Board Approved
2024-01,2024,1,6090,CC900,23924.72,V1-Board Approved
2024-01,2024,1,6100,CC200,767.49,V1-Board Approved
2024-01,2024,1,6100,CC500,9732.33,V1-Board Approved
2024-01,2024,1,6110,CC100,1700.28,V1-Board Approved
2024-01,2024,1,6120,CC110,26679.16,V1-Board Approved
2024-01,2024,1,6120,CC900,18974.15,V1-Board Approved
2024-01,2024,1,6130,CC210,12111.98,V1-Board Approved
2024-01,2024,1,6140,CC200,14645.98,V1-Board Approved
2024-01,2024,1,6140,CC500,17164.51,V1-Board Approved
2024-01,2024,1,6150,CC500,28452.16,V1-Board Approved
2024-01,2024,1,6190,CC110,80120.46,V1-Board Approved
2024-01,2024,1,6190,CC300,48331.52,V1-Board Approved
2024-01,2024,1,6190,CC310,13516.23,V1-Board Approved
2024-01,2024,1,6200,CC900,6749.21,V1-Board Approved
2024-01,2024,1,7000,CC100,6677.71,V1-Board Approved
2024-01,2024,1,8000,CC100,34863.38,V1-Board Approved
2024-02,2024,2,4000,CC300,551536.97,V1-Board Approved
2024-02,2024,2,4000,CC310,169469.96,V1-Board Approved
2024-02,2024,2,4010,CC300,156688.92,V1-Board Approved
2024-02,2024,2,4010,CC310,126672.28,V1-Board Approved
2024-02,2024,2,4020,CC300,142006.72,V1-Board Approved
2024-02,2024,2,4020,CC310,39727.99,V1-Board Approved
2024-02,2024,2,5000,CC100,29058.57,V1-Board Approved
2024-02,2024,2,5000,CC110,44826.99,V1-Board Approved
2024-02,2024,2,5000,CC200,32467.83,V1-Board Approved
2024-02,2024,2,5000,CC210,34858.4,V1-Board Approved
2024-02,2024,2,5000,CC300,90702.45,V1-Board Approved
2024-02,2024,2,5000,CC310,59415.63,V1-Board Approved
2024-02,2024,2,5000,CC400,26289.14,V1-Board Approved
2024-02,2024,2,5000,CC500,48455.96,V1-Board Approved
2024-02,2024,2,5000,CC900,13399.44,V1-Board Approved
2024-02,2024,2,5010,CC200,89923.08,V1-Board Approved
2024-02,2024,2,5010,CC210,58407.61,V1-Board Approved
2024-02,2024,2,5020,CC200,52476.31,V1-Board Approved
2024-02,2024,2,6000,CC100,10601.0,V1-Board Approved
2024-02,2024,2,6000,CC110,14056.24,V1-Board Approved
2024-02,2024,2,6000,CC300,24735.34,V1-Board Approved
2024-02,2024,2,6000,CC310,10733.12,V1-Board Approved
2024-02,2024,2,6000,CC400,20176.71,V1-Board Approved
2024-02,2024,2,6000,CC500,14021.04,V1-Board Approved
2024-02,2024,2,6000,CC900,21976.58,V1-Board Approved
2024-02,2024,2,6020,CC200,7026.35,V1-Board Approved
2024-02,2024,2,6030,CC200,7617.22,V1-Board Approved
2024-02,2024,2,6040,CC110,17235.69,V1-Board Approved
2024-02,2024,2,6040,CC200,22642.65,V1-Board Approved
2024-02,2024,2,6040,CC210,8903.91,V1-Board Approved
2024-02,2024,2,6040,CC500,8582.46,V1-Board Approved
2024-02,2024,2,6040,CC900,26491.28,V1-Board Approved
2024-02,2024,2,6050,CC200,10676.02,V1-Board Approved
2024-02,2024,2,6060,CC200,13014.4,V1-Board Approved
2024-02,2024,2,6060,CC300,41231.18,V1-Board Approved
2024-02,2024,2,6060,CC500,27266.14,V1-Board Approved
2024-02,2024,2,6070,CC110,3289.47,V1-Board Approved
2024-02,2024,2,6080,CC100,28387.67,V1-Board Approved
2024-02,2024,2,6080,CC110,5477.13,V1-Board Approved
2024-02,2024,2,6080,CC500,36183.59,V1-Board Approved
2024-02,2024,2,6080,CC900,22332.83,V1-Board Approved
2024-02,2024,2,6090,CC110,21774.2,V1-Board Approved
2024-02,2024,2,6090,CC200,1529.43,V1-Board Approved
2024-02,2024,2,6090,CC400,14269.85,V1-Board Approved
2024-02,2024,2,6120,CC100,8709.19,V1-Board Approved
2024-02,2024,2,6120,CC210,6293.31,V1-Board Approved
2024-02,2024,2,6130,CC400,22710.31,V1-Board Approved
2024-02,2024,2,6130,CC500,9141.5,V1-Board Approved
2024-02,2024,2,6140,CC200,24361.02,V1-Board Approved
2024-02,2024,2,6140,CC210,19893.7,V1-Board Approved
2024-02,2024,2,6140,CC500,48403.68,V1-Board Approved
2024-02,2024,2,6150,CC300,15545.87,V1-Board Approved
2024-02,2024,2,6170,CC500,6836.08,V1-Board Approved
2024-02,2024,2,6180,CC100,9174.33,V1-Board Approved
2024-02,2024,2,6180,CC400,16027.83,V1-Board Approved
2024-02,2024,2,6190,CC110,70999.43,V1-Board Approved
2024-02,2024,2,6190,CC200,3358.96,V1-Board Approved
2024-02,2024,2,6190,CC400,8705.66,V1-Board Approved
2024-02,2024,2,6200,CC900,19157.06,V1-Board Approved
2024-02,2024,2,7000,CC100,4988.97,V1-Board Approved
2024-02,2024,2,8000,CC100,20194.38,V1-Board Approved
2024-03,2024,3,4000,CC300,366684.75,V1-Board Approved
2024-03,2024,3,4000,CC310,117818.18,V1-Board Approved
2024-03,2024,3,4010,CC300,38270.22,V1-Board Approved
2024-03,2024,3,4010,CC310,74209.69,V1-Board Approved
2024-03,2024,3,4020,CC300,111872.58,V1-Board Approved
2024-03,2024,3,4020,CC310,109740.49,V1-Board Approved
2024-03,2024,3,5000,CC100,4315.42,V1-Board Approved
2024-03,2024,3,5000,CC110,10421.29,V1-Board Approved
2024-03,2024,3,5000,CC200,47294.43,V1-Board Approved
2024-03,2024,3,5000,CC210,23450.3,V1-Board Approved
2024-03,2024,3,5000,CC300,55402.19,V1-Board Approved
2024-03,2024,3,5000,CC310,43401.51,V1-Board Approved
2024-03,2024,3,5000,CC400,9238.01,V1-Board Approved
2024-03,2024,3,5000,CC500,18516.65,V1-Board Approved
2024-03,2024,3,5000,CC900,26805.96,V1-Board Approved
2024-03,2024,3,5010,CC200,86687.31,V1-Board Approved
2024-03,2024,3,5010,CC210,57830.44,V1-Board Approved
2024-03,2024,3,5020,CC200,52122.39,V1-Board Approved
2024-03,2024,3,5030,CC200,16353.5,V1-Board Approved
2024-03,2024,3,6000,CC100,10923.24,V1-Board Approved
2024-03,2024,3,6000,CC110,15763.19,V1-Board Approved
2024-03,2024,3,6000,CC300,24589.96,V1-Board Approved
2024-03,2024,3,6000,CC310,10228.72,V1-Board Approved
2024-03,2024,3,6000,CC400,17582.25,V1-Board Approved
2024-03,2024,3,6000,CC500,15457.48,V1-Board Approved
2024-03,2024,3,6000,CC900,21247.51,V1-Board Approved
2024-03,2024,3,6020,CC200,6777.64,V1-Board Approved
2024-03,2024,3,6020,CC210,5598.06,V1-Board Approved
2024-03,2024,3,6020,CC300,22374.82,V1-Board Approved
2024-03,2024,3,6030,CC200,6501.9,V1-Board Approved
2024-03,2024,3,6040,CC200,20737.46,V1-Board Approved
2024-03,2024,3,6040,CC210,9582.18,V1-Board Approved
2024-03,2024,3,6050,CC200,10376.35,V1-Board Approved
2024-03,2024,3,6050,CC300,31690.89,V1-Board Approved
2024-03,2024,3,6050,CC900,6804.78,V1-Board Approved
2024-03,2024,3,6060,CC200,13084.59,V1-Board Approved
2024-03,2024,3,6060,CC210,4776.82,V1-Board Approved
2024-03,2024,3,6060,CC310,20514.35,V1-Board Approved
2024-03,2024,3,6060,CC500,11989.12,V1-Board Approved
2024-03,2024,3,6070,CC200,6882.31,V1-Board Approved
2024-03,2024,3,6080,CC110,2561.46,V1-Board Approved
2024-03,2024,3,6080,CC200,4524.3,V1-Board Approved
2024-03,2024,3,6080,CC400,16171.06,V1-Board Approved
2024-03,2024,3,6090,CC100,1719.36,V1-Board Approved
2024-03,2024,3,6090,CC110,24664.83,V1-Board Approved
2024-03,2024,3,6090,CC300,5720.47,V1-Board Approved
2024-03,2024,3,6090,CC500,1317.8,V1-Board Approved
2024-03,2024,3,6090,CC900,14977.35,V1-Board Approved
2024-03,2024,3,6100,CC300,8388.56,V1-Board Approved
2024-03,2024,3,6110,CC200,12130.76,V1-Board Approved
2024-03,2024,3,6110,CC210,12078.89,V1-Board Approved
2024-03,2024,3,6110,CC300,2573.89,V1-Board Approved
2024-03,2024,3,6110,CC310,21357.11,V1-Board Approved
2024-03,2024,3,6140,CC100,26089.4,V1-Board Approved
2024-03,2024,3,6140,CC200,33952.42,V1-Board Approved
2024-03,2024,3,6140,CC210,20211.33,V1-Board Approved
2024-03,2024,3,6160,CC100,8317.52,V1-Board Approved
2024-03,2024,3,6170,CC300,2842.77,V1-Board Approved
2024-03,2024,3,6170,CC900,17837.36,V1-Board Approved
2024-03,2024,3,6180,CC900,20839.04,V1-Board Approved
2024-03,2024,3,6190,CC110,94715.56,V1-Board Approved
2024-03,2024,3,6190,CC310,6836.94,V1-Board Approved
2024-03,2024,3,6200,CC900,16954.15,V1-Board Approved
2024-03,2024,3,7000,CC100,8880.55,V1-Board Approved
2024-03,2024,3,8000,CC100,20303.85,V1-Board Approved
2024-04,2024,4,4000,CC300,499720.72,V1-Board Approved
2024-04,2024,4,4000,CC310,118424.15,V1-Board Approved
2024-04,2024,4,4010,CC300,86639.15,V1-Board Approved
2024-04,2024,4,4010,CC310,18882.59,V1-Board Approved
2024-04,2024,4,4020,CC300,200735.86,V1-Board Approved
2024-04,2024,4,4020,CC310,48036.59,V1-Board Approved
2024-04,2024,4,5000,CC100,41871.08,V1-Board Approved
2024-04,2024,4,5000,CC110,46976.5,V1-Board Approved
2024-04,2024,4,5000,CC200,18557.14,V1-Board Approved
2024-04,2024,4,5000,CC210,76010.65,V1-Board Approved
2024-04,2024,4,5000,CC300,33651.29,V1-Board Approved
2024-04,2024,4,5000,CC310,17071.49,V1-Board Approved
2024-04,2024,4,5000,CC400,1693.83,V1-Board Approved
2024-04,2024,4,5000,CC500,62043.03,V1-Board Approved
2024-04,2024,4,5000,CC900,49562.34,V1-Board Approved
2024-04,2024,4,5010,CC200,97314.04,V1-Board Approved
2024-04,2024,4,5010,CC210,59449.36,V1-Board Approved
2024-04,2024,4,5020,CC200,47863.35,V1-Board Approved
2024-04,2024,4,6000,CC100,11270.09,V1-Board Approved
2024-04,2024,4,6000,CC110,12124.72,V1-Board Approved
2024-04,2024,4,6000,CC300,23410.53,V1-Board Approved
2024-04,2024,4,6000,CC310,10168.49,V1-Board Approved
2024-04,2024,4,6000,CC400,17583.03,V1-Board Approved
2024-04,2024,4,6000,CC500,13838.09,V1-Board Approved
2024-04,2024,4,6000,CC900,21539.46,V1-Board Approved
2024-04,2024,4,6020,CC200,6492.4,V1-Board Approved
2024-04,2024,4,6020,CC210,26977.16,V1-Board Approved
2024-04,2024,4,6020,CC310,1577.86,V1-Board Approved
2024-04,2024,4,6030,CC200,6529.24,V1-Board Approved
2024-04,2024,4,6040,CC200,21809.29,V1-Board Approved
2024-04,2024,4,6040,CC210,9959.12,V1-Board Approved
2024-04,2024,4,6040,CC900,17050.32,V1-Board Approved
2024-04,2024,4,6050,CC200,8264.51,V1-Board Approved
2024-04,2024,4,6050,CC400,1701.95,V1-Board Approved
2024-04,2024,4,6060,CC200,12391.93,V1-Board Approved
2024-04,2024,4,6060,CC310,1857.61,V1-Board Approved
2024-04,2024,4,6070,CC400,11534.35,V1-Board Approved
2024-04,2024,4,6070,CC900,1738.51,V1-Board Approved
2024-04,2024,4,6080,CC110,2550.88,V1-Board Approved
2024-04,2024,4,6090,CC100,3447.43,V1-Board Approved
2024-04,2024,4,6090,CC110,22328.55,V1-Board Approved
2024-04,2024,4,6090,CC200,1371.49,V1-Board Approved
2024-04,2024,4,6090,CC300,1369.38,V1-Board Approved
2024-04,2024,4,6090,CC310,33375.82,V1-Board Approved
2024-04,2024,4,6090,CC500,3068.83,V1-Board Approved
2024-04,2024,4,6100,CC200,13398.47,V1-Board Approved
2024-04,2024,4,6100,CC310,815.91,V1-Board Approved
2024-04,2024,4,6110,CC100,14308.83,V1-Board Approved
2024-04,2024,4,6110,CC900,1496.55,V1-Board Approved
2024-04,2024,4,6120,CC300,7429.89,V1-Board Approved
2024-04,2024,4,6140,CC200,6113.42,V1-Board Approved
2024-04,2024,4,6140,CC900,14434.88,V1-Board Approved
2024-04,2024,4,6150,CC900,9205.8,V1-Board Approved
2024-04,2024,4,6170,CC310,6397.4,V1-Board Approved
2024-04,2024,4,6180,CC200,29789.59,V1-Board Approved
2024-04,2024,4,6180,CC300,9585.61,V1-Board Approved
2024-04,2024,4,6190,CC110,82515.36,V1-Board Approved
2024-04,2024,4,6190,CC210,3700.85,V1-Board Approved
2024-04,2024,4,6190,CC310,1591.54,V1-Board Approved
2024-04,2024,4,6190,CC500,1509.15,V1-Board Approved
2024-04,2024,4,6200,CC900,72001.34,V1-Board Approved
2024-04,2024,4,7000,CC100,7819.28,V1-Board Approved
2024-04,2024,4,8000,CC100,30640.04,V1-Board Approved
2024-05,2024,5,4000,CC300,564938.47,V1-Board Approved
2024-05,2024,5,4000,CC310,320134.14,V1-Board Approved
2024-05,2024,5,4010,CC300,45814.12,V1-Board Approved
2024-05,2024,5,4010,CC310,136825.16,V1-Board Approved
2024-05,2024,5,4020,CC300,281679.34,V1-Board Approved
2024-05,2024,5,4020,CC310,72275.26,V1-Board Approved
2024-05,2024,5,5000,CC100,53112.75,V1-Board Approved
2024-05,2024,5,5000,CC110,24157.6,V1-Board Approved
2024-05,2024,5,5000,CC200,15321.86,V1-Board Approved
2024-05,2024,5,5000,CC210,52592.49,V1-Board Approved
2024-05,2024,5,5000,CC300,15414.69,V1-Board Approved
2024-05,2024,5,5000,CC310,45205.54,V1-Board Approved
2024-05,2024,5,5000,CC400,63075.14,V1-Board Approved
2024-05,2024,5,5000,CC500,34692.71,V1-Board Approved
2024-05,2024,5,5000,CC900,149351.13,V1-Board Approved
2024-05,2024,5,5010,CC200,97494.8,V1-Board Approved
2024-05,2024,5,5010,CC210,61398.6,V1-Board Approved
2024-05,2024,5,5020,CC200,65769.42,V1-Board Approved
2024-05,2024,5,6000,CC100,9700.78,V1-Board Approved
2024-05,2024,5,6000,CC110,12028.41,V1-Board Approved
2024-05,2024,5,6000,CC300,26188.61,V1-Board Approved
2024-05,2024,5,6000,CC310,10831.59,V1-Board Approved
2024-05,2024,5,6000,CC400,17405.48,V1-Board Approved
2024-05,2024,5,6000,CC500,14227.77,V1-Board Approved
2024-05,2024,5,6000,CC900,20992.54,V1-Board Approved
2024-05,2024,5,6020,CC200,7070.47,V1-Board Approved
2024-05,2024,5,6020,CC210,11552.75,V1-Board Approved
2024-05,2024,5,6030,CC200,6553.52,V1-Board Approved
2024-05,2024,5,6040,CC200,27483.2,V1-Board Approved
2024-05,2024,5,6040,CC210,11080.84,V1-Board Approved
2024-05,2024,5,6040,CC300,20394.84,V1-Board Approved
2024-05,2024,5,6050,CC100,20888.15,V1-Board Approved
2024-05,2024,5,6050,CC110,26924.42,V1-Board Approved
2024-05,2024,5,6050,CC200,10446.42,V1-Board Approved
2024-05,2024,5,6050,CC300,6374.07,V1-Board Approved
2024-05,2024,5,6050,CC500,1593.13,V1-Board Approved
2024-05,2024,5,6060,CC110,44794.28,V1-Board Approved
2024-05,2024,5,6060,CC200,16951.12,V1-Board Approved
2024-05,2024,5,6060,CC500,27149.14,V1-Board Approved
2024-05,2024,5,6080,CC110,2391.91,V1-Board Approved
2024-05,2024,5,6080,CC210,13848.93,V1-Board Approved
2024-05,2024,5,6090,CC110,22770.54,V1-Board Approved
2024-05,2024,5,6090,CC300,2857.69,V1-Board Approved
2024-05,2024,5,6090,CC400,3730.73,V1-Board Approved
2024-05,2024,5,6090,CC900,35455.92,V1-Board Approved
2024-05,2024,5,6120,CC200,29300.67,V1-Board Approved
2024-05,2024,5,6130,CC200,14727.73,V1-Board Approved
2024-05,2024,5,6140,CC200,15985.37,V1-Board Approved
2024-05,2024,5,6140,CC300,9136.6,V1-Board Approved
2024-05,2024,5,6170,CC210,8097.3,V1-Board Approved
2024-05,2024,5,6180,CC100,6323.05,V1-Board Approved
2024-05,2024,5,6180,CC110,1595.94,V1-Board Approved
2024-05,2024,5,6190,CC110,62037.11,V1-Board Approved
2024-05,2024,5,6200,CC900,40924.39,V1-Board Approved
2024-05,2024,5,7000,CC100,6720.3,V1-Board Approved
2024-05,2024,5,8000,CC100,21336.36,V1-Board Approved
2024-06,2024,6,4000,CC300,368128.06,V1-Board Approved
2024-06,2024,6,4000,CC310,178452.42,V1-Board Approved
2024-06,2024,6,4010,CC300,206709.37,V1-Board Approved
2024-06,2024,6,4020,CC300,134594.73,V1-Board Approved
2024-06,2024,6,4020,CC310,67873.37,V1-Board Approved
2024-06,2024,6,5000,CC100,18627.99,V1-Board Approved
2024-06,2024,6,5000,CC110,35377.26,V1-Board Approved
2024-06,2024,6,5000,CC200,37872.01,V1-Board Approved
2024-06,2024,6,5000,CC210,25012.68,V1-Board Approved
2024-06,2024,6,5000,CC300,39845.46,V1-Board Approved
2024-06,2024,6,5000,CC310,42309.9,V1-Board Approved
2024-06,2024,6,5000,CC400,4998.13,V1-Board Approved
2024-06,2024,6,5000,CC500,27199.74,V1-Board Approved
2024-06,2024,6,5000,CC900,32870.36,V1-Board Approved
2024-06,2024,6,5010,CC200,100930.11,V1-Board Approved
2024-06,2024,6,5010,CC210,59288.5,V1-Board Approved
2024-06,2024,6,5020,CC200,53198.19,V1-Board Approved
2024-06,2024,6,5030,CC200,24753.41,V1-Board Approved
2024-06,2024,6,6000,CC100,11969.37,V1-Board Approved
2024-06,2024,6,6000,CC110,12107.02,V1-Board Approved
2024-06,2024,6,6000,CC300,25104.71,V1-Board Approved
2024-06,2024,6,6000,CC310,9739.93,V1-Board Approved
2024-06,2024,6,6000,CC400,18570.87,V1-Board Approved
2024-06,2024,6,6000,CC500,15596.14,V1-Board Approved
2024-06,2024,6,6000,CC900,21902.26,V1-Board Approved
2024-06,2024,6,6020,CC200,1752.9,V1-Board Approved
2024-06,2024,6,6020,CC310,5080.52,V1-Board Approved
2024-06,2024,6,6020,CC900,13461.37,V1-Board Approved
2024-06,2024,6,6030,CC200,7512.85,V1-Board Approved
2024-06,2024,6,6040,CC100,5280.64,V1-Board Approved
2024-06,2024,6,6040,CC200,22926.96,V1-Board Approved
2024-06,2024,6,6040,CC210,8384.18,V1-Board Approved
2024-06,2024,6,6040,CC300,2824.53,V1-Board Approved
2024-06,2024,6,6050,CC200,8629.34,V1-Board Approved
2024-06,2024,6,6050,CC300,17467.12,V1-Board Approved
2024-06,2024,6,6050,CC500,3059.63,V1-Board Approved
2024-06,2024,6,6060,CC200,12985.95,V1-Board Approved
2024-06,2024,6,6060,CC210,22488.42,V1-Board Approved
2024-06,2024,6,6070,CC300,1476.59,V1-Board Approved
2024-06,2024,6,6080,CC110,9466.17,V1-Board Approved
2024-06,2024,6,6080,CC310,6685.99,V1-Board Approved
2024-06,2024,6,6080,CC400,27630.44,V1-Board Approved
2024-06,2024,6,6090,CC110,14327.02,V1-Board Approved
2024-06,2024,6,6090,CC500,8467.79,V1-Board Approved
2024-06,2024,6,6100,CC100,2525.55,V1-Board Approved
2024-06,2024,6,6100,CC110,3932.57,V1-Board Approved
2024-06,2024,6,6100,CC400,10906.94,V1-Board Approved
2024-06,2024,6,6120,CC200,14312.64,V1-Board Approved
2024-06,2024,6,6130,CC400,1401.02,V1-Board Approved
2024-06,2024,6,6140,CC110,12429.73,V1-Board Approved
2024-06,2024,6,6140,CC200,22010.16,V1-Board Approved
2024-06,2024,6,6140,CC210,10100.76,V1-Board Approved
2024-06,2024,6,6140,CC300,1298.73,V1-Board Approved
2024-06,2024,6,6160,CC100,11769.0,V1-Board Approved
2024-06,2024,6,6170,CC500,7801.49,V1-Board Approved
2024-06,2024,6,6170,CC900,13326.43,V1-Board Approved
2024-06,2024,6,6180,CC400,1200.46,V1-Board Approved
2024-06,2024,6,6190,CC110,60419.19,V1-Board Approved
2024-06,2024,6,6200,CC900,28148.24,V1-Board Approved
2024-06,2024,6,7000,CC100,7646.78,V1-Board Approved
2024-06,2024,6,8000,CC100,26984.25,V1-Board Approved
2024-07,2024,7,4000,CC300,254619.08,V1-Board Approved
2024-07,2024,7,4000,CC310,330614.94,V1-Board Approved
2024-07,2024,7,4010,CC300,222597.93,V1-Board Approved
2024-07,2024,7,4010,CC310,42314.6,V1-Board Approved
2024-07,2024,7,4020,CC300,282234.55,V1-Board Approved
2024-07,2024,7,4020,CC310,76410.13,V1-Board Approved
2024-07,2024,7,5000,CC100,48565.56,V1-Board Approved
2024-07,2024,7,5000,CC200,139861.52,V1-Board Approved
2024-07,2024,7,5000,CC210,125257.47,V1-Board Approved
2024-07,2024,7,5000,CC300,38684.24,V1-Board Approved
2024-07,2024,7,5000,CC310,13287.17,V1-Board Approved
2024-07,2024,7,5000,CC400,7391.93,V1-Board Approved
2024-07,2024,7,5000,CC500,1389.23,V1-Board Approved
2024-07,2024,7,5000,CC900,1737.91,V1-Board Approved
2024-07,2024,7,5010,CC200,87665.8,V1-Board Approved
2024-07,2024,7,5010,CC210,68647.77,V1-Board Approved
2024-07,2024,7,5020,CC200,53646.38,V1-Board Approved
2024-07,2024,7,6000,CC100,9882.09,V1-Board Approved
2024-07,2024,7,6000,CC110,11494.92,V1-Board Approved
2024-07,2024,7,6000,CC300,26584.41,V1-Board Approved
2024-07,2024,7,6000,CC310,10527.7,V1-Board Approved
2024-07,2024,7,6000,CC400,18973.35,V1-Board Approved
2024-07,2024,7,6000,CC500,12760.94,V1-Board Approved
2024-07,2024,7,6000,CC900,21990.43,V1-Board Approved
2024-07,2024,7,6020,CC200,8780.59,V1-Board Approved
2024-07,2024,7,6020,CC500,1351.92,V1-Board Approved
2024-07,2024,7,6020,CC900,13120.04,V1-Board Approved
2024-07,2024,7,6030,CC200,7314.7,V1-Board Approved
2024-07,2024,7,6040,CC200,23640.34,V1-Board Approved
2024-07,2024,7,6040,CC210,9714.28,V1-Board Approved
2024-07,2024,7,6040,CC300,65260.33,V1-Board Approved
2024-07,2024,7,6050,CC110,7202.52,V1-Board Approved
2024-07,2024,7,6050,CC200,11446.12,V1-Board Approved
2024-07,2024,7,6050,CC310,29778.03,V1-Board Approved
2024-07,2024,7,6050,CC500,1936.25,V1-Board Approved
2024-07,2024,7,6060,CC200,12060.99,V1-Board Approved
2024-07,2024,7,6060,CC300,3208.95,V1-Board Approved
2024-07,2024,7,6080,CC110,2401.68,V1-Board Approved
2024-07,2024,7,6080,CC900,1573.83,V1-Board Approved
2024-07,2024,7,6090,CC110,8404.81,V1-Board Approved
2024-07,2024,7,6090,CC200,11688.97,V1-Board Approved
2024-07,2024,7,6090,CC500,10947.84,V1-Board Approved
2024-07,2024,7,6090,CC900,49463.53,V1-Board Approved
2024-07,2024,7,6100,CC100,6720.74,V1-Board Approved
2024-07,2024,7,6100,CC500,2559.84,V1-Board Approved
2024-07,2024,7,6110,CC110,2641.73,V1-Board Approved
2024-07,2024,7,6110,CC500,8750.02,V1-Board Approved
2024-07,2024,7,6130,CC110,8455.24,V1-Board Approved
2024-07,2024,7,6130,CC310,8717.3,V1-Board Approved
2024-07,2024,7,6130,CC500,2598.14,V1-Board Approved
2024-07,2024,7,6140,CC100,3679.76,V1-Board Approved
2024-07,2024,7,6140,CC200,10357.98,V1-Board Approved
2024-07,2024,7,6140,CC500,43046.71,V1-Board Approved
2024-07,2024,7,6150,CC400,20561.66,V1-Board Approved
2024-07,2024,7,6170,CC210,1189.24,V1-Board Approved
2024-07,2024,7,6180,CC200,3629.3,V1-Board Approved
2024-07,2024,7,6180,CC310,2215.24,V1-Board Approved
2024-07,2024,7,6180,CC400,10106.64,V1-Board Approved
2024-07,2024,7,6190,CC110,58488.79,V1-Board Approved
2024-07,2024,7,6190,CC200,8977.68,V1-Board Approved
2024-07,2024,7,6190,CC300,1942.24,V1-Board Approved
2024-07,2024,7,6200,CC900,27543.49,V1-Board Approved
2024-07,2024,7,7000,CC100,6829.61,V1-Board Approved
2024-07,2024,7,8000,CC100,29018.05,V1-Board Approved
2024-08,2024,8,4000,CC300,402409.66,V1-Board Approved
2024-08,2024,8,4000,CC310,256450.43,V1-Board Approved
2024-08,2024,8,4010,CC300,106086.08,V1-Board Approved
2024-08,2024,8,4010,CC310,202655.11,V1-Board Approved
2024-08,2024,8,4020,CC300,33526.86,V1-Board Approved
2024-08,2024,8,4020,CC310,47288.7,V1-Board Approved
2024-08,2024,8,5000,CC100,19800.89,V1-Board Approved
2024-08,2024,8,5000,CC110,10224.68,V1-Board Approved
2024-08,2024,8,5000,CC200,25982.58,V1-Board Approved
2024-08,2024,8,5000,CC210,24427.77,V1-Board Approved
2024-08,2024,8,5000,CC300,21689.48,V1-Board Approved
2024-08,2024,8,5000,CC310,105274.96,V1-Board Approved
2024-08,2024,8,5000,CC400,71106.19,V1-Board Approved
2024-08,2024,8,5000,CC500,44748.98,V1-Board Approved
2024-08,2024,8,5000,CC900,111755.8,V1-Board Approved
2024-08,2024,8,5010,CC200,104320.7,V1-Board Approved
2024-08,2024,8,5010,CC210,58281.05,V1-Board Approved
2024-08,2024,8,5020,CC200,64530.24,V1-Board Approved
2024-08,2024,8,6000,CC100,9045.99,V1-Board Approved
2024-08,2024,8,6000,CC110,11334.35,V1-Board Approved
2024-08,2024,8,6000,CC300,26085.64,V1-Board Approved
2024-08,2024,8,6000,CC310,9308.38,V1-Board Approved
2024-08,2024,8,6000,CC400,19619.68,V1-Board Approved
2024-08,2024,8,6000,CC500,15853.24,V1-Board Approved
2024-08,2024,8,6000,CC900,20197.32,V1-Board Approved
2024-08,2024,8,6020,CC200,3032.14,V1-Board Approved
2024-08,2024,8,6030,CC200,7412.18,V1-Board Approved
2024-08,2024,8,6040,CC110,39242.07,V1-Board Approved
2024-08,2024,8,6040,CC200,25653.44,V1-Board Approved
2024-08,2024,8,6040,CC210,10356.38,V1-Board Approved
2024-08,2024,8,6040,CC500,15512.57,V1-Board Approved
2024-08,2024,8,6050,CC200,2871.66,V1-Board Approved
2024-08,2024,8,6050,CC400,4009.63,V1-Board Approved
2024-08,2024,8,6060,CC200,9145.93,V1-Board Approved
2024-08,2024,8,6060,CC310,9246.06,V1-Board Approved
2024-08,2024,8,6060,CC500,17350.21,V1-Board Approved
2024-08,2024,8,6060,CC900,6518.37,V1-Board Approved
2024-08,2024,8,6070,CC200,15483.43,V1-Board Approved
2024-08,2024,8,6070,CC300,7826.68,V1-Board Approved
2024-08,2024,8,6080,CC110,2433.69,V1-Board Approved
2024-08,2024,8,6080,CC900,29265.8,V1-Board Approved
2024-08,2024,8,6090,CC100,18911.19,V1-Board Approved
2024-08,2024,8,6090,CC110,21367.26,V1-Board Approved
2024-08,2024,8,6090,CC500,1270.28,V1-Board Approved
2024-08,2024,8,6100,CC100,10312.21,V1-Board Approved
2024-08,2024,8,6100,CC300,1127.93,V1-Board Approved
2024-08,2024,8,6110,CC200,21634.24,V1-Board Approved
2024-08,2024,8,6140,CC110,20194.8,V1-Board Approved
2024-08,2024,8,6140,CC200,21838.73,V1-Board Approved
2024-08,2024,8,6140,CC300,3755.47,V1-Board Approved
2024-08,2024,8,6150,CC210,5452.41,V1-Board Approved
2024-08,2024,8,6150,CC310,3926.73,V1-Board Approved
2024-08,2024,8,6180,CC500,11591.99,V1-Board Approved
2024-08,2024,8,6190,CC110,103292.43,V1-Board Approved
2024-08,2024,8,6190,CC200,5311.23,V1-Board Approved
2024-08,2024,8,6200,CC900,51474.65,V1-Board Approved
2024-08,2024,8,7000,CC100,4312.23,V1-Board Approved
2024-08,2024,8,8000,CC100,31845.55,V1-Board Approved
2024-09,2024,9,4000,CC300,556227.93,V1-Board Approved
2024-09,2024,9,4000,CC310,107233.42,V1-Board Approved
2024-09,2024,9,4010,CC300,133246.2,V1-Board Approved
2024-09,2024,9,4010,CC310,15309.89,V1-Board Approved
2024-09,2024,9,4020,CC300,65663.96,V1-Board Approved
2024-09,2024,9,4020,CC310,97865.46,V1-Board Approved
2024-09,2024,9,5000,CC100,63755.54,V1-Board Approved
2024-09,2024,9,5000,CC110,49740.45,V1-Board Approved
2024-09,2024,9,5000,CC200,25840.49,V1-Board Approved
2024-09,2024,9,5000,CC210,24488.56,V1-Board Approved
2024-09,2024,9,5000,CC300,61803.5,V1-Board Approved
2024-09,2024,9,5000,CC310,34794.21,V1-Board Approved
2024-09,2024,9,5000,CC400,46372.64,V1-Board Approved
2024-09,2024,9,5000,CC500,35902.0,V1-Board Approved
2024-09,2024,9,5000,CC900,40478.9,V1-Board Approved
2024-09,2024,9,5010,CC200,102802.29,V1-Board Approved
2024-09,2024,9,5010,CC210,64933.93,V1-Board Approved
2024-09,2024,9,5020,CC200,55977.46,V1-Board Approved
2024-09,2024,9,5030,CC200,25079.14,V1-Board Approved
2024-09,2024,9,6000,CC100,9918.23,V1-Board Approved
2024-09,2024,9,6000,CC110,13889.19,V1-Board Approved
2024-09,2024,9,6000,CC300,25446.26,V1-Board Approved
2024-09,2024,9,6000,CC310,9309.69,V1-Board Approved
2024-09,2024,9,6000,CC400,19558.69,V1-Board Approved
2024-09,2024,9,6000,CC500,13608.18,V1-Board Approved
2024-09,2024,9,6000,CC900,22290.16,V1-Board Approved
2024-09,2024,9,6020,CC100,21867.61,V1-Board Approved
2024-09,2024,9,6020,CC110,20340.67,V1-Board Approved
2024-09,2024,9,6020,CC200,5619.06,V1-Board Approved
2024-09,2024,9,6020,CC210,29600.31,V1-Board Approved
2024-09,2024,9,6020,CC310,11571.74,V1-Board Approved
2024-09,2024,9,6020,CC400,33520.06,V1-Board Approved
2024-09,2024,9,6030,CC200,7421.98,V1-Board Approved
2024-09,2024,9,6040,CC100,26733.31,V1-Board Approved
2024-09,2024,9,6040,CC200,27991.71,V1-Board Approved
2024-09,2024,9,6040,CC210,11091.67,V1-Board Approved
2024-09,2024,9,6040,CC900,8870.82,V1-Board Approved
2024-09,2024,9,6050,CC110,3186.13,V1-Board Approved
2024-09,2024,9,6050,CC200,10089.94,V1-Board Approved
2024-09,2024,9,6050,CC210,2595.25,V1-Board Approved
2024-09,2024,9,6060,CC200,14343.03,V1-Board Approved
2024-09,2024,9,6060,CC500,1500.74,V1-Board Approved
2024-09,2024,9,6070,CC400,2623.73,V1-Board Approved
2024-09,2024,9,6070,CC900,18870.08,V1-Board Approved
2024-09,2024,9,6080,CC110,2162.32,V1-Board Approved
2024-09,2024,9,6090,CC110,22284.15,V1-Board Approved
2024-09,2024,9,6090,CC900,36952.82,V1-Board Approved
2024-09,2024,9,6100,CC110,6190.61,V1-Board Approved
2024-09,2024,9,6100,CC210,2044.07,V1-Board Approved
2024-09,2024,9,6120,CC100,7078.5,V1-Board Approved
2024-09,2024,9,6130,CC310,27346.66,V1-Board Approved
2024-09,2024,9,6140,CC110,10741.24,V1-Board Approved
2024-09,2024,9,6140,CC200,5315.58,V1-Board Approved
2024-09,2024,9,6140,CC300,34057.2,V1-Board Approved
2024-09,2024,9,6150,CC400,1302.61,V1-Board Approved
2024-09,2024,9,6160,CC100,12721.02,V1-Board Approved
2024-09,2024,9,6190,CC110,79678.81,V1-Board Approved
2024-09,2024,9,6190,CC300,1432.33,V1-Board Approved
2024-09,2024,9,6190,CC900,814.12,V1-Board Approved
2024-09,2024,9,6200,CC900,53642.46,V1-Board Approved
2024-09,2024,9,7000,CC100,4262.09,V1-Board Approved
2024-09,2024,9,8000,CC100,21776.68,V1-Board Approved
2024-10,2024,10,4000,CC300,566484.17,V1-Board Approved
2024-10,2024,10,4000,CC310,345222.59,V1-Board Approved
2024-10,2024,10,4010,CC300,279466.94,V1-Board Approved
2024-10,2024,10,4010,CC310,18141.93,V1-Board Approved
2024-10,2024,10,4020,CC300,64825.64,V1-Board Approved
2024-10,2024,10,4020,CC310,126814.48,V1-Board Approved
2024-10,2024,10,5000,CC100,1566.38,V1-Board Approved
2024-10,2024,10,5000,CC110,41567.43,V1-Board Approved
2024-10,2024,10,5000,CC200,89029.92,V1-Board Approved
2024-10,2024,10,5000,CC210,34982.61,V1-Board Approved
2024-10,2024,10,5000,CC300,54253.19,V1-Board Approved
2024-10,2024,10,5000,CC310,1730.76,V1-Board Approved
2024-10,2024,10,5000,CC400,41679.61,V1-Board Approved
2024-10,2024,10,5000,CC500,74535.77,V1-Board Approved
2024-10,2024,10,5000,CC900,52303.68,V1-Board Approved
2024-10,2024,10,5010,CC200,98640.26,V1-Board Approved
2024-10,2024,10,5010,CC210,58951.22,V1-Board Approved
2024-10,2024,10,5020,CC200,47583.63,V1-Board Approved
2024-10,2024,10,6000,CC100,9132.24,V1-Board Approved
2024-10,2024,10,6000,CC110,11402.72,V1-Board Approved
2024-10,2024,10,6000,CC300,22409.06,V1-Board Approved
2024-10,2024,10,6000,CC310,8971.36,V1-Board Approved
2024-10,2024,10,6000,CC400,18992.55,V1-Board Approved
2024-10,2024,10,6000,CC500,14558.34,V1-Board Approved
2024-10,2024,10,6000,CC900,22424.76,V1-Board Approved
2024-10,2024,10,6020,CC110,6659.88,V1-Board Approved
2024-10,2024,10,6020,CC200,12059.93,V1-Board Approved
2024-10,2024,10,6020,CC300,22977.47,V1-Board Approved
2024-10,2024,10,6030,CC200,7386.44,V1-Board Approved
2024-10,2024,10,6040,CC100,35731.83,V1-Board Approved
2024-10,2024,10,6040,CC110,22539.18,V1-Board Approved
2024-10,2024,10,6040,CC200,20978.52,V1-Board Approved
2024-10,2024,10,6040,CC210,11576.04,V1-Board Approved
2024-10,2024,10,6040,CC500,33019.21,V1-Board Approved
2024-10,2024,10,6040,CC900,14679.99,V1-Board Approved
2024-10,2024,10,6050,CC200,9034.67,V1-Board Approved
2024-10,2024,10,6050,CC310,8594.31,V1-Board Approved
2024-10,2024,10,6060,CC200,11713.95,V1-Board Approved
2024-10,2024,10,6060,CC210,13534.86,V1-Board Approved
2024-10,2024,10,6060,CC400,3984.66,V1-Board Approved
2024-10,2024,10,6080,CC110,2923.12,V1-Board Approved
2024-10,2024,10,6090,CC110,29714.64,V1-Board Approved
2024-10,2024,10,6090,CC300,17210.77,V1-Board Approved
2024-10,2024,10,6090,CC900,1395.75,V1-Board Approved
2024-10,2024,10,6110,CC310,27729.97,V1-Board Approved
2024-10,2024,10,6140,CC100,15511.81,V1-Board Approved
2024-10,2024,10,6140,CC200,5486.15,V1-Board Approved
2024-10,2024,10,6140,CC300,7852.41,V1-Board Approved
2024-10,2024,10,6140,CC310,7176.68,V1-Board Approved
2024-10,2024,10,6150,CC100,8551.07,V1-Board Approved
2024-10,2024,10,6150,CC500,5617.18,V1-Board Approved
2024-10,2024,10,6150,CC900,1858.22,V1-Board Approved
2024-10,2024,10,6170,CC110,13298.44,V1-Board Approved
2024-10,2024,10,6170,CC210,15538.35,V1-Board Approved
2024-10,2024,10,6170,CC310,7390.61,V1-Board Approved
2024-10,2024,10,6170,CC400,2348.56,V1-Board Approved
2024-10,2024,10,6180,CC200,3874.07,V1-Board Approved
2024-10,2024,10,6190,CC110,62625.1,V1-Board Approved
2024-10,2024,10,6190,CC310,2988.46,V1-Board Approved
2024-10,2024,10,6200,CC900,28894.66,V1-Board Approved
2024-10,2024,10,7000,CC100,5159.87,V1-Board Approved
2024-10,2024,10,8000,CC100,26161.01,V1-Board Approved
2024-11,2024,11,4000,CC300,768943.47,V1-Board Approved
2024-11,2024,11,4000,CC310,222268.63,V1-Board Approved
2024-11,2024,11,4010,CC300,126186.33,V1-Board Approved
2024-11,2024,11,4010,CC310,46820.43,V1-Board Approved
2024-11,2024,11,4020,CC300,228049.46,V1-Board Approved
2024-11,2024,11,4020,CC310,141671.85,V1-Board Approved
2024-11,2024,11,5000,CC100,41949.09,V1-Board Approved
2024-11,2024,11,5000,CC110,4276.77,V1-Board Approved
2024-11,2024,11,5000,CC200,80005.37,V1-Board Approved
2024-11,2024,11,5000,CC210,94422.61,V1-Board Approved
2024-11,2024,11,5000,CC300,86124.66,V1-Board Approved
2024-11,2024,11,5000,CC310,30002.61,V1-Board Approved
2024-11,2024,11,5000,CC400,35511.75,V1-Board Approved
2024-11,2024,11,5000,CC500,81890.98,V1-Board Approved
2024-11,2024,11,5000,CC900,78737.53,V1-Board Approved
2024-11,2024,11,5010,CC200,102326.49,V1-Board Approved
2024-11,2024,11,5010,CC210,58841.48,V1-Board Approved
2024-11,2024,11,5020,CC200,50527.87,V1-Board Approved
2024-11,2024,11,6000,CC100,9740.71,V1-Board Approved
2024-11,2024,11,6000,CC110,13078.9,V1-Board Approved
2024-11,2024,11,6000,CC300,24304.53,V1-Board Approved
2024-11,2024,11,6000,CC310,9974.91,V1-Board Approved
2024-11,2024,11,6000,CC400,17237.45,V1-Board Approved
2024-11,2024,11,6000,CC500,12552.01,V1-Board Approved
2024-11,2024,11,6000,CC900,22214.92,V1-Board Approved
2024-11,2024,11,6020,CC110,9255.2,V1-Board Approved
2024-11,2024,11,6020,CC200,6875.95,V1-Board Approved
2024-11,2024,11,6020,CC310,23976.58,V1-Board Approved
2024-11,2024,11,6020,CC400,7528.57,V1-Board Approved
2024-11,2024,11,6030,CC200,7102.87,V1-Board Approved
2024-11,2024,11,6040,CC100,8735.76,V1-Board Approved
2024-11,2024,11,6040,CC110,39831.39,V1-Board Approved
2024-11,2024,11,6040,CC200,18548.99,V1-Board Approved
2024-11,2024,11,6040,CC210,9725.77,V1-Board Approved
2024-11,2024,11,6040,CC900,8468.54,V1-Board Approved
2024-11,2024,11,6050,CC200,8355.76,V1-Board Approved
2024-11,2024,11,6060,CC200,11686.98,V1-Board Approved
2024-11,2024,11,6060,CC210,27178.56,V1-Board Approved
2024-11,2024,11,6060,CC500,2267.38,V1-Board Approved
2024-11,2024,11,6070,CC100,9615.41,V1-Board Approved
2024-11,2024,11,6070,CC200,3610.69,V1-Board Approved
2024-11,2024,11,6070,CC400,21101.69,V1-Board Approved
2024-11,2024,11,6080,CC110,2535.63,V1-Board Approved
2024-11,2024,11,6080,CC310,7949.51,V1-Board Approved
2024-11,2024,11,6090,CC100,8216.16,V1-Board Approved
2024-11,2024,11,6090,CC110,23918.06,V1-Board Approved
2024-11,2024,11,6090,CC900,72589.98,V1-Board Approved
2024-11,2024,11,6100,CC100,918.08,V1-Board Approved
2024-11,2024,11,6100,CC210,12390.23,V1-Board Approved
2024-11,2024,11,6110,CC310,41452.52,V1-Board Approved
2024-11,2024,11,6110,CC400,7844.61,V1-Board Approved
2024-11,2024,11,6120,CC900,29975.43,V1-Board Approved
2024-11,2024,11,6130,CC500,7914.5,V1-Board Approved
2024-11,2024,11,6140,CC100,39021.8,V1-Board Approved
2024-11,2024,11,6140,CC110,5065.26,V1-Board Approved
2024-11,2024,11,6140,CC200,14062.16,V1-Board Approved
2024-11,2024,11,6140,CC210,20612.37,V1-Board Approved
2024-11,2024,11,6140,CC400,8831.2,V1-Board Approved
2024-11,2024,11,6170,CC300,14042.84,V1-Board Approved
2024-11,2024,11,6170,CC400,2325.96,V1-Board Approved
2024-11,2024,11,6170,CC500,13319.29,V1-Board Approved
2024-11,2024,11,6180,CC300,14455.04,V1-Board Approved
2024-11,2024,11,6190,CC110,73503.93,V1-Board Approved
2024-11,2024,11,6190,CC400,5407.24,V1-Board Approved
2024-11,2024,11,6200,CC900,6840.12,V1-Board Approved
2024-11,2024,11,7000,CC100,7934.19,V1-Board Approved
2024-11,2024,11,8000,CC100,30825.44,V1-Board Approved
2024-12,2024,12,4000,CC300,406777.22,V1-Board Approved
2024-12,2024,12,4000,CC310,149314.61,V1-Board Approved
2024-12,2024,12,4010,CC300,80273.34,V1-Board Approved
2024-12,2024,12,4010,CC310,5307.52,V1-Board Approved
2024-12,2024,12,4020,CC300,92194.52,V1-Board Approved
2024-12,2024,12,4020,CC310,103973.38,V1-Board Approved
2024-12,2024,12,5000,CC100,47845.0,V1-Board Approved
2024-12,2024,12,5000,CC200,18729.05,V1-Board Approved
2024-12,2024,12,5000,CC210,17456.57,V1-Board Approved
2024-12,2024,12,5000,CC300,36936.45,V1-Board Approved
2024-12,2024,12,5000,CC310,40003.11,V1-Board Approved
2024-12,2024,12,5000,CC400,34031.35,V1-Board Approved
2024-12,2024,12,5000,CC500,1594.46,V1-Board Approved
2024-12,2024,12,5000,CC900,2391.25,V1-Board Approved
2024-12,2024,12,5010,CC200,105363.81,V1-Board Approved
2024-12,2024,12,5010,CC210,56714.05,V1-Board Approved
2024-12,2024,12,5020,CC200,53310.34,V1-Board Approved
2024-12,2024,12,5030,CC200,22159.33,V1-Board Approved
2024-12,2024,12,6000,CC100,12620.57,V1-Board Approved
2024-12,2024,12,6000,CC110,11172.58,V1-Board Approved
2024-12,2024,12,6000,CC300,22967.31,V1-Board Approved
2024-12,2024,12,6000,CC310,11640.03,V1-Board Approved
2024-12,2024,12,6000,CC400,20520.93,V1-Board Approved
2024-12,2024,12,6000,CC500,13479.4,V1-Board Approved
2024-12,2024,12,6000,CC900,22808.21,V1-Board Approved
2024-12,2024,12,6020,CC100,11264.27,V1-Board Approved
2024-12,2024,12,6020,CC110,1649.14,V1-Board Approved
2024-12,2024,12,6020,CC200,7872.92,V1-Board Approved
2024-12,2024,12,6030,CC200,6322.31,V1-Board Approved
2024-12,2024,12,6040,CC100,19674.12,V1-Board Approved
2024-12,2024,12,6040,CC110,7866.08,V1-Board Approved
2024-12,2024,12,6040,CC200,14308.09,V1-Board Approved
2024-12,2024,12,6040,CC210,10435.74,V1-Board Approved
2024-12,2024,12,6050,CC200,9252.73,V1-Board Approved
2024-12,2024,12,6060,CC200,14385.39,V1-Board Approved
2024-12,2024,12,6070,CC110,1523.81,V1-Board Approved
2024-12,2024,12,6080,CC100,7304.58,V1-Board Approved
2024-12,2024,12,6080,CC110,2603.94,V1-Board Approved
2024-12,2024,12,6090,CC110,8549.03,V1-Board Approved
2024-12,2024,12,6090,CC300,27728.04,V1-Board Approved
2024-12,2024,12,6090,CC400,33422.73,V1-Board Approved
2024-12,2024,12,6090,CC500,1721.54,V1-Board Approved
2024-12,2024,12,6100,CC210,890.18,V1-Board Approved
2024-12,2024,12,6120,CC100,7679.73,V1-Board Approved
2024-12,2024,12,6120,CC310,23158.5,V1-Board Approved
2024-12,2024,12,6140,CC100,37115.11,V1-Board Approved
2024-12,2024,12,6140,CC110,22043.31,V1-Board Approved
2024-12,2024,12,6140,CC200,36105.06,V1-Board Approved
2024-12,2024,12,6140,CC210,8926.18,V1-Board Approved
2024-12,2024,12,6140,CC900,4186.51,V1-Board Approved
2024-12,2024,12,6160,CC100,7811.33,V1-Board Approved
2024-12,2024,12,6180,CC100,918.82,V1-Board Approved
2024-12,2024,12,6180,CC200,3725.26,V1-Board Approved
2024-12,2024,12,6190,CC100,16830.44,V1-Board Approved
2024-12,2024,12,6190,CC110,65431.37,V1-Board Approved
2024-12,2024,12,6190,CC200,14489.0,V1-Board Approved
2024-12,2024,12,6190,CC400,6484.67,V1-Board Approved
2024-12,2024,12,6200,CC900,19348.67,V1-Board Approved
2024-12,2024,12,7000,CC100,6863.22,V1-Board Approved
2024-12,2024,12,8000,CC100,29080.87,V1-Board Approved
2025-01,2025,1,4000,CC300,414035.36,V1-Board Approved
2025-01,2025,1,4000,CC310,121445.05,V1-Board Approved
2025-01,2025,1,4010,CC300,12281.49,V1-Board Approved
2025-01,2025,1,4010,CC310,52800.17,V1-Board Approved
2025-01,2025,1,4020,CC300,143468.81,V1-Board Approved
2025-01,2025,1,4020,CC310,27834.9,V1-Board Approved
2025-01,2025,1,5000,CC100,104636.54,V1-Board Approved
2025-01,2025,1,5000,CC110,3134.03,V1-Board Approved
2025-01,2025,1,5000,CC200,18933.71,V1-Board Approved
2025-01,2025,1,5000,CC210,6599.26,V1-Board Approved
2025-01,2025,1,5000,CC310,40766.55,V1-Board Approved
2025-01,2025,1,5000,CC400,14377.03,V1-Board Approved
2025-01,2025,1,5000,CC500,13670.91,V1-Board Approved
2025-01,2025,1,5000,CC900,62131.08,V1-Board Approved
2025-01,2025,1,5010,CC200,92843.2,V1-Board Approved
2025-01,2025,1,5010,CC210,62151.31,V1-Board Approved
2025-01,2025,1,5020,CC200,53219.94,V1-Board Approved
2025-01,2025,1,6000,CC100,10567.17,V1-Board Approved
2025-01,2025,1,6000,CC110,11942.93,V1-Board Approved
2025-01,2025,1,6000,CC300,23504.56,V1-Board Approved
2025-01,2025,1,6000,CC310,11261.94,V1-Board Approved
2025-01,2025,1,6000,CC400,17653.46,V1-Board Approved
2025-01,2025,1,6000,CC500,16004.05,V1-Board Approved
2025-01,2025,1,6000,CC900,21843.79,V1-Board Approved
2025-01,2025,1,6020,CC200,8763.91,V1-Board Approved
2025-01,2025,1,6020,CC400,29336.82,V1-Board Approved
2025-01,2025,1,6030,CC200,6383.41,V1-Board Approved
2025-01,2025,1,6040,CC100,26163.55,V1-Board Approved
2025-01,2025,1,6040,CC200,22822.15,V1-Board Approved
2025-01,2025,1,6040,CC210,10464.77,V1-Board Approved
2025-01,2025,1,6040,CC300,33314.02,V1-Board Approved
2025-01,2025,1,6040,CC310,1715.44,V1-Board Approved
2025-01,2025,1,6050,CC200,10495.63,V1-Board Approved
2025-01,2025,1,6050,CC400,1654.32,V1-Board Approved
2025-01,2025,1,6050,CC500,22827.96,V1-Board Approved
2025-01,2025,1,6060,CC200,13780.5,V1-Board Approved
2025-01,2025,1,6060,CC210,27705.04,V1-Board Approved
2025-01,2025,1,6060,CC300,13053.5,V1-Board Approved
2025-01,2025,1,6060,CC310,37690.06,V1-Board Approved
2025-01,2025,1,6060,CC900,21592.95,V1-Board Approved
2025-01,2025,1,6080,CC110,936.24,V1-Board Approved
2025-01,2025,1,6090,CC100,1753.81,V1-Board Approved
2025-01,2025,1,6090,CC110,14163.75,V1-Board Approved
2025-01,2025,1,6090,CC400,3173.16,V1-Board Approved
2025-01,2025,1,6090,CC900,23431.73,V1-Board Approved
2025-01,2025,1,6100,CC210,968.78,V1-Board Approved
2025-01,2025,1,6100,CC400,2468.21,V1-Board Approved
2025-01,2025,1,6100,CC900,2364.15,V1-Board Approved
2025-01,2025,1,6110,CC100,12863.11,V1-Board Approved
2025-01,2025,1,6110,CC900,36506.02,V1-Board Approved
2025-01,2025,1,6140,CC200,5019.24,V1-Board Approved
2025-01,2025,1,6140,CC310,33575.94,V1-Board Approved
2025-01,2025,1,6140,CC400,3154.68,V1-Board Approved
2025-01,2025,1,6140,CC500,22614.36,V1-Board Approved
2025-01,2025,1,6140,CC900,36588.71,V1-Board Approved
2025-01,2025,1,6150,CC300,32012.34,V1-Board Approved
2025-01,2025,1,6150,CC900,3275.56,V1-Board Approved
2025-01,2025,1,6170,CC300,13174.27,V1-Board Approved
2025-01,2025,1,6170,CC310,1349.73,V1-Board Approved
2025-01,2025,1,6170,CC900,10015.17,V1-Board Approved
2025-01,2025,1,6180,CC100,6178.61,V1-Board Approved
2025-01,2025,1,6180,CC500,14176.32,V1-Board Approved
2025-01,2025,1,6190,CC110,60190.65,V1-Board Approved
2025-01,2025,1,6190,CC310,6376.94,V1-Board Approved
2025-01,2025,1,6190,CC400,750.65,V1-Board Approved
2025-01,2025,1,6200,CC900,25492.5,V1-Board Approved
2025-01,2025,1,7000,CC100,4569.13,V1-Board Approved
2025-01,2025,1,8000,CC100,22563.15,V1-Board Approved
2025-02,2025,2,4000,CC300,397307.98,V1-Board Approved
2025-02,2025,2,4000,CC310,131322.88,V1-Board Approved
2025-02,2025,2,4010,CC300,161121.32,V1-Board Approved
2025-02,2025,2,4010,CC310,100209.15,V1-Board Approved
2025-02,2025,2,4020,CC300,99881.84,V1-Board Approved
2025-02,2025,2,4020,CC310,129665.21,V1-Board Approved
2025-02,2025,2,5000,CC100,47437.52,V1-Board Approved
2025-02,2025,2,5000,CC110,50082.74,V1-Board Approved
2025-02,2025,2,5000,CC200,100706.98,V1-Board Approved
2025-02,2025,2,5000,CC210,10448.21,V1-Board Approved
2025-02,2025,2,5000,CC300,51269.75,V1-Board Approved
2025-02,2025,2,5000,CC400,46832.09,V1-Board Approved
2025-02,2025,2,5000,CC500,89182.13,V1-Board Approved
2025-02,2025,2,5000,CC900,51172.04,V1-Board Approved
2025-02,2025,2,5010,CC200,106601.37,V1-Board Approved
2025-02,2025,2,5010,CC210,66427.79,V1-Board Approved
2025-02,2025,2,5020,CC200,60108.84,V1-Board Approved
2025-02,2025,2,6000,CC100,11884.1,V1-Board Approved
2025-02,2025,2,6000,CC110,12336.79,V1-Board Approved
2025-02,2025,2,6000,CC300,24828.85,V1-Board Approved
2025-02,2025,2,6000,CC310,11058.59,V1-Board Approved
2025-02,2025,2,6000,CC400,19117.36,V1-Board Approved
2025-02,2025,2,6000,CC500,16654.15,V1-Board Approved
2025-02,2025,2,6000,CC900,22181.91,V1-Board Approved
2025-02,2025,2,6020,CC110,44798.86,V1-Board Approved
2025-02,2025,2,6020,CC200,7810.28,V1-Board Approved
2025-02,2025,2,6020,CC210,13093.76,V1-Board Approved
2025-02,2025,2,6020,CC900,2153.41,V1-Board Approved
2025-02,2025,2,6030,CC200,7516.14,V1-Board Approved
2025-02,2025,2,6040,CC200,25385.97,V1-Board Approved
2025-02,2025,2,6040,CC210,8734.77,V1-Board Approved
2025-02,2025,2,6050,CC200,10541.88,V1-Board Approved
2025-02,2025,2,6050,CC210,15139.25,V1-Board Approved
2025-02,2025,2,6050,CC300,14731.19,V1-Board Approved
2025-02,2025,2,6060,CC110,27032.61,V1-Board Approved
2025-02,2025,2,6060,CC200,15734.66,V1-Board Approved
2025-02,2025,2,6070,CC400,29720.67,V1-Board Approved
2025-02,2025,2,6070,CC900,32055.33,V1-Board Approved
2025-02,2025,2,6080,CC110,2433.2,V1-Board Approved
2025-02,2025,2,6090,CC110,15009.18,V1-Board Approved
2025-02,2025,2,6090,CC400,800.53,V1-Board Approved
2025-02,2025,2,6090,CC900,21791.85,V1-Board Approved
2025-02,2025,2,6100,CC210,828.29,V1-Board Approved
2025-02,2025,2,6130,CC500,4318.24,V1-Board Approved
2025-02,2025,2,6140,CC110,17743.4,V1-Board Approved
2025-02,2025,2,6140,CC200,10805.43,V1-Board Approved
2025-02,2025,2,6140,CC210,15560.91,V1-Board Approved
2025-02,2025,2,6140,CC310,22691.96,V1-Board Approved
2025-02,2025,2,6140,CC900,5442.24,V1-Board Approved
2025-02,2025,2,6150,CC110,3481.87,V1-Board Approved
2025-02,2025,2,6150,CC310,25185.3,V1-Board Approved
2025-02,2025,2,6170,CC110,11309.82,V1-Board Approved
2025-02,2025,2,6170,CC200,15838.18,V1-Board Approved
2025-02,2025,2,6180,CC200,2055.04,V1-Board Approved
2025-02,2025,2,6180,CC310,911.96,V1-Board Approved
2025-02,2025,2,6190,CC100,777.84,V1-Board Approved
2025-02,2025,2,6190,CC110,92709.16,V1-Board Approved
2025-02,2025,2,6190,CC500,2171.35,V1-Board Approved
2025-02,2025,2,6200,CC900,38182.19,V1-Board Approved
2025-02,2025,2,7000,CC100,5202.08,V1-Board Approved
2025-02,2025,2,8000,CC100,19574.39,V1-Board Approved
2025-03,2025,3,4000,CC300,499126.63,V1-Board Approved
2025-03,2025,3,4000,CC310,189251.2,V1-Board Approved
2025-03,2025,3,4010,CC300,88737.22,V1-Board Approved
2025-03,2025,3,4010,CC310,121126.91,V1-Board Approved
2025-03,2025,3,4020,CC300,107345.4,V1-Board Approved
2025-03,2025,3,4020,CC310,62756.2,V1-Board Approved
2025-03,2025,3,5000,CC100,42741.41,V1-Board Approved
2025-03,2025,3,5000,CC110,77639.62,V1-Board Approved
2025-03,2025,3,5000,CC200,21782.87,V1-Board Approved
2025-03,2025,3,5000,CC210,4697.57,V1-Board Approved
2025-03,2025,3,5000,CC300,15215.23,V1-Board Approved
2025-03,2025,3,5000,CC310,2812.37,V1-Board Approved
2025-03,2025,3,5000,CC400,13993.43,V1-Board Approved
2025-03,2025,3,5000,CC500,43111.4,V1-Board Approved
2025-03,2025,3,5000,CC900,68906.81,V1-Board Approved
2025-03,2025,3,5010,CC200,97422.95,V1-Board Approved
2025-03,2025,3,5010,CC210,60946.34,V1-Board Approved
2025-03,2025,3,5020,CC200,50559.18,V1-Board Approved
2025-03,2025,3,5030,CC200,18415.4,V1-Board Approved
2025-03,2025,3,6000,CC100,10733.45,V1-Board Approved
2025-03,2025,3,6000,CC110,11299.34,V1-Board Approved
2025-03,2025,3,6000,CC300,23976.16,V1-Board Approved
2025-03,2025,3,6000,CC310,9361.25,V1-Board Approved
2025-03,2025,3,6000,CC400,19822.17,V1-Board Approved
2025-03,2025,3,6000,CC500,15062.45,V1-Board Approved
2025-03,2025,3,6000,CC900,22961.92,V1-Board Approved
2025-03,2025,3,6020,CC100,1492.43,V1-Board Approved
2025-03,2025,3,6020,CC200,6668.01,V1-Board Approved
2025-03,2025,3,6030,CC200,6472.83,V1-Board Approved
2025-03,2025,3,6040,CC110,12652.13,V1-Board Approved
2025-03,2025,3,6040,CC200,20758.68,V1-Board Approved
2025-03,2025,3,6040,CC210,30389.62,V1-Board Approved
2025-03,2025,3,6050,CC200,8653.13,V1-Board Approved
2025-03,2025,3,6050,CC310,1521.37,V1-Board Approved
2025-03,2025,3,6060,CC100,2957.42,V1-Board Approved
2025-03,2025,3,6060,CC110,5002.85,V1-Board Approved
2025-03,2025,3,6060,CC200,14200.6,V1-Board Approved
2025-03,2025,3,6060,CC210,31026.35,V1-Board Approved
2025-03,2025,3,6060,CC900,29363.52,V1-Board Approved
2025-03,2025,3,6080,CC110,2625.59,V1-Board Approved
2025-03,2025,3,6090,CC110,23239.37,V1-Board Approved
2025-03,2025,3,6090,CC310,23094.34,V1-Board Approved
2025-03,2025,3,6090,CC500,31651.3,V1-Board Approved
2025-03,2025,3,6090,CC900,33564.04,V1-Board Approved
2025-03,2025,3,6100,CC210,749.63,V1-Board Approved
2025-03,2025,3,6110,CC100,26378.18,V1-Board Approved
2025-03,2025,3,6110,CC300,5248.19,V1-Board Approved
2025-03,2025,3,6110,CC310,4924.79,V1-Board Approved
2025-03,2025,3,6140,CC200,15673.16,V1-Board Approved
2025-03,2025,3,6140,CC210,7634.29,V1-Board Approved
2025-03,2025,3,6140,CC300,23612.3,V1-Board Approved
2025-03,2025,3,6140,CC900,32147.89,V1-Board Approved
2025-03,2025,3,6160,CC100,12868.43,V1-Board Approved
2025-03,2025,3,6170,CC110,3659.54,V1-Board Approved
2025-03,2025,3,6170,CC400,840.82,V1-Board Approved
2025-03,2025,3,6180,CC110,4910.44,V1-Board Approved
2025-03,2025,3,6180,CC300,2588.43,V1-Board Approved
2025-03,2025,3,6190,CC110,66328.78,V1-Board Approved
2025-03,2025,3,6190,CC200,5624.11,V1-Board Approved
2025-03,2025,3,6190,CC210,2489.95,V1-Board Approved
2025-03,2025,3,6190,CC500,6784.45,V1-Board Approved
2025-03,2025,3,6200,CC900,9829.91,V1-Board Approved
2025-03,2025,3,7000,CC100,5326.45,V1-Board Approved
2025-03,2025,3,8000,CC100,24343.29,V1-Board Approved
2025-04,2025,4,4000,CC300,482350.64,V1-Board Approved
2025-04,2025,4,4000,CC310,210166.05,V1-Board Approved
2025-04,2025,4,4010,CC300,128951.07,V1-Board Approved
2025-04,2025,4,4010,CC310,44331.18,V1-Board Approved
2025-04,2025,4,4020,CC300,189253.15,V1-Board Approved
2025-04,2025,4,4020,CC310,165546.35,V1-Board Approved
2025-04,2025,4,5000,CC100,28357.83,V1-Board Approved
2025-04,2025,4,5000,CC110,13614.94,V1-Board Approved
2025-04,2025,4,5000,CC200,21978.08,V1-Board Approved
2025-04,2025,4,5000,CC210,82749.88,V1-Board Approved
2025-04,2025,4,5000,CC300,14832.86,V1-Board Approved
2025-04,2025,4,5000,CC310,169889.86,V1-Board Approved
2025-04,2025,4,5000,CC400,5634.59,V1-Board Approved
2025-04,2025,4,5000,CC500,26786.14,V1-Board Approved
2025-04,2025,4,5000,CC900,73894.09,V1-Board Approved
2025-04,2025,4,5010,CC200,100560.95,V1-Board Approved
2025-04,2025,4,5010,CC210,61923.13,V1-Board Approved
2025-04,2025,4,5020,CC200,52692.94,V1-Board Approved
2025-04,2025,4,6000,CC100,10119.7,V1-Board Approved
2025-04,2025,4,6000,CC110,12887.97,V1-Board Approved
2025-04,2025,4,6000,CC300,28447.34,V1-Board Approved
2025-04,2025,4,6000,CC310,9627.56,V1-Board Approved
2025-04,2025,4,6000,CC400,19515.6,V1-Board Approved
2025-04,2025,4,6000,CC500,15323.99,V1-Board Approved
2025-04,2025,4,6000,CC900,23002.22,V1-Board Approved
2025-04,2025,4,6020,CC110,21113.39,V1-Board Approved
2025-04,2025,4,6020,CC200,7044.62,V1-Board Approved
2025-04,2025,4,6030,CC200,6529.02,V1-Board Approved
2025-04,2025,4,6040,CC100,20892.5,V1-Board Approved
2025-04,2025,4,6040,CC200,17132.24,V1-Board Approved
2025-04,2025,4,6040,CC210,9466.39,V1-Board Approved
2025-04,2025,4,6040,CC310,14889.33,V1-Board Approved
2025-04,2025,4,6050,CC200,8165.63,V1-Board Approved
2025-04,2025,4,6050,CC310,30260.12,V1-Board Approved
2025-04,2025,4,6050,CC400,5360.55,V1-Board Approved
2025-04,2025,4,6060,CC200,12424.77,V1-Board Approved
2025-04,2025,4,6060,CC300,3137.72,V1-Board Approved
2025-04,2025,4,6080,CC100,9877.92,V1-Board Approved
2025-04,2025,4,6080,CC110,2460.49,V1-Board Approved
2025-04,2025,4,6080,CC200,35183.18,V1-Board Approved
2025-04,2025,4,6090,CC110,14290.39,V1-Board Approved
2025-04,2025,4,6090,CC210,35572.42,V1-Board Approved
2025-04,2025,4,6090,CC500,9272.98,V1-Board Approved
2025-04,2025,4,6090,CC900,22559.13,V1-Board Approved
2025-04,2025,4,6100,CC300,1748.52,V1-Board Approved
2025-04,2025,4,6100,CC310,18119.09,V1-Board Approved
2025-04,2025,4,6110,CC100,37661.97,V1-Board Approved
2025-04,2025,4,6110,CC900,7821.57,V1-Board Approved
2025-04,2025,4,6140,CC110,36703.76,V1-Board Approved
2025-04,2025,4,6140,CC200,5236.99,V1-Board Approved
2025-04,2025,4,6140,CC300,47117.14,V1-Board Approved
2025-04,2025,4,6140,CC500,5923.73,V1-Board Approved
2025-04,2025,4,6140,CC900,23227.23,V1-Board Approved
2025-04,2025,4,6150,CC200,4972.53,V1-Board Approved
2025-04,2025,4,6170,CC200,3542.53,V1-Board Approved
2025-04,2025,4,6180,CC100,1797.19,V1-Board Approved
2025-04,2025,4,6180,CC900,2192.89,V1-Board Approved
2025-04,2025,4,6190,CC110,80030.32,V1-Board Approved
2025-04,2025,4,6190,CC210,13691.8,V1-Board Approved
2025-04,2025,4,6190,CC310,9699.21,V1-Board Approved
2025-04,2025,4,6190,CC900,19194.75,V1-Board Approved
2025-04,2025,4,6200,CC900,12444.2,V1-Board Approved
2025-04,2025,4,7000,CC100,8091.86,V1-Board Approved
2025-04,2025,4,8000,CC100,20636.27,V1-Board Approved
2025-05,2025,5,4000,CC300,512812.58,V1-Board Approved
2025-05,2025,5,4000,CC310,437743.68,V1-Board Approved
2025-05,2025,5,4010,CC300,317745.14,V1-Board Approved
2025-05,2025,5,4010,CC310,79042.36,V1-Board Approved
2025-05,2025,5,4020,CC300,121790.34,V1-Board Approved
2025-05,2025,5,4020,CC310,113245.41,V1-Board Approved
2025-05,2025,5,5000,CC100,20756.43,V1-Board Approved
2025-05,2025,5,5000,CC110,50134.63,V1-Board Approved
2025-05,2025,5,5000,CC200,93165.71,V1-Board Approved
2025-05,2025,5,5000,CC300,35069.48,V1-Board Approved
2025-05,2025,5,5000,CC310,87810.72,V1-Board Approved
2025-05,2025,5,5000,CC500,68911.95,V1-Board Approved
2025-05,2025,5,5000,CC900,6145.9,V1-Board Approved
2025-05,2025,5,5010,CC200,97569.09,V1-Board Approved
2025-05,2025,5,5010,CC210,60639.77,V1-Board Approved
2025-05,2025,5,5020,CC200,56062.25,V1-Board Approved
2025-05,2025,5,6000,CC100,9036.83,V1-Board Approved
2025-05,2025,5,6000,CC110,13783.15,V1-Board Approved
2025-05,2025,5,6000,CC300,25810.89,V1-Board Approved
2025-05,2025,5,6000,CC310,9175.11,V1-Board Approved
2025-05,2025,5,6000,CC400,19736.88,V1-Board Approved
2025-05,2025,5,6000,CC500,15283.23,V1-Board Approved
2025-05,2025,5,6000,CC900,22088.4,V1-Board Approved
2025-05,2025,5,6020,CC200,8127.1,V1-Board Approved
2025-05,2025,5,6020,CC210,21921.81,V1-Board Approved
2025-05,2025,5,6020,CC400,1301.09,V1-Board Approved
2025-05,2025,5,6030,CC200,7501.6,V1-Board Approved
2025-05,2025,5,6040,CC100,45084.98,V1-Board Approved
2025-05,2025,5,6040,CC200,26117.96,V1-Board Approved
2025-05,2025,5,6040,CC210,12507.08,V1-Board Approved
2025-05,2025,5,6040,CC900,8848.59,V1-Board Approved
2025-05,2025,5,6050,CC200,10924.06,V1-Board Approved
2025-05,2025,5,6060,CC200,14733.68,V1-Board Approved
2025-05,2025,5,6070,CC200,46452.98,V1-Board Approved
2025-05,2025,5,6070,CC210,6811.74,V1-Board Approved
2025-05,2025,5,6080,CC110,2349.8,V1-Board Approved
2025-05,2025,5,6090,CC100,44240.42,V1-Board Approved
2025-05,2025,5,6090,CC110,58964.37,V1-Board Approved
2025-05,2025,5,6090,CC300,39932.71,V1-Board Approved
2025-05,2025,5,6090,CC310,2204.77,V1-Board Approved
2025-05,2025,5,6090,CC900,41828.08,V1-Board Approved
2025-05,2025,5,6100,CC500,3321.8,V1-Board Approved
2025-05,2025,5,6110,CC100,7476.1,V1-Board Approved
2025-05,2025,5,6110,CC300,1800.27,V1-Board Approved
2025-05,2025,5,6120,CC300,23075.1,V1-Board Approved
2025-05,2025,5,6140,CC100,2160.06,V1-Board Approved
2025-05,2025,5,6140,CC110,10598.02,V1-Board Approved
2025-05,2025,5,6140,CC200,4678.99,V1-Board Approved
2025-05,2025,5,6140,CC500,49702.91,V1-Board Approved
2025-05,2025,5,6150,CC100,6874.68,V1-Board Approved
2025-05,2025,5,6150,CC500,6181.57,V1-Board Approved
2025-05,2025,5,6170,CC110,1890.66,V1-Board Approved
2025-05,2025,5,6170,CC300,9565.8,V1-Board Approved
2025-05,2025,5,6170,CC310,10507.38,V1-Board Approved
2025-05,2025,5,6180,CC210,1546.89,V1-Board Approved
2025-05,2025,5,6190,CC110,52488.95,V1-Board Approved
2025-05,2025,5,6190,CC900,23950.29,V1-Board Approved
2025-05,2025,5,6200,CC900,28326.43,V1-Board Approved
2025-05,2025,5,7000,CC100,5114.96,V1-Board Approved
2025-05,2025,5,8000,CC100,23114.84,V1-Board Approved
2025-06,2025,6,4000,CC300,438721.77,V1-Board Approved
2025-06,2025,6,4000,CC310,148700.45,V1-Board Approved
2025-06,2025,6,4010,CC300,93707.37,V1-Board Approved
2025-06,2025,6,4010,CC310,9393.4,V1-Board Approved
2025-06,2025,6,4020,CC300,143874.33,V1-Board Approved
2025-06,2025,6,4020,CC310,91678.02,V1-Board Approved
2025-06,2025,6,5000,CC100,17066.74,V1-Board Approved
2025-06,2025,6,5000,CC200,5039.19,V1-Board Approved
2025-06,2025,6,5000,CC210,53961.66,V1-Board Approved
2025-06,2025,6,5000,CC300,65286.92,V1-Board Approved
2025-06,2025,6,5000,CC310,46371.97,V1-Board Approved
2025-06,2025,6,5000,CC400,19080.43,V1-Board Approved
2025-06,2025,6,5000,CC500,57922.98,V1-Board Approved
2025-06,2025,6,5000,CC900,88909.24,V1-Board Approved
2025-06,2025,6,5010,CC200,107181.33,V1-Board Approved
2025-06,2025,6,5010,CC210,56510.6,V1-Board Approved
2025-06,2025,6,5020,CC200,55918.28,V1-Board Approved
2025-06,2025,6,5030,CC200,21649.09,V1-Board Approved
2025-06,2025,6,6000,CC100,10903.56,V1-Board Approved
2025-06,2025,6,6000,CC110,11219.72,V1-Board Approved
2025-06,2025,6,6000,CC300,24631.23,V1-Board Approved
2025-06,2025,6,6000,CC310,8848.48,V1-Board Approved
2025-06,2025,6,6000,CC400,19998.73,V1-Board Approved
2025-06,2025,6,6000,CC500,15164.35,V1-Board Approved
2025-06,2025,6,6000,CC900,24682.54,V1-Board Approved
2025-06,2025,6,6020,CC200,7779.41,V1-Board Approved
2025-06,2025,6,6020,CC310,17932.98,V1-Board Approved
2025-06,2025,6,6020,CC500,34528.96,V1-Board Approved
2025-06,2025,6,6030,CC200,7457.67,V1-Board Approved
2025-06,2025,6,6040,CC110,21419.46,V1-Board Approved
2025-06,2025,6,6040,CC200,22837.01,V1-Board Approved
2025-06,2025,6,6040,CC210,13234.92,V1-Board Approved
2025-06,2025,6,6040,CC900,5254.75,V1-Board Approved
2025-06,2025,6,6050,CC200,9415.77,V1-Board Approved
2025-06,2025,6,6060,CC200,15211.31,V1-Board Approved
2025-06,2025,6,6060,CC310,24982.02,V1-Board Approved
2025-06,2025,6,6080,CC110,2217.76,V1-Board Approved
2025-06,2025,6,6080,CC500,3452.12,V1-Board Approved
2025-06,2025,6,6090,CC100,17347.38,V1-Board Approved
2025-06,2025,6,6090,CC110,24158.18,V1-Board Approved
2025-06,2025,6,6090,CC500,4878.09,V1-Board Approved
2025-06,2025,6,6090,CC900,15996.66,V1-Board Approved
2025-06,2025,6,6100,CC100,12001.05,V1-Board Approved
2025-06,2025,6,6100,CC200,5241.51,V1-Board Approved
2025-06,2025,6,6100,CC210,2542.99,V1-Board Approved
2025-06,2025,6,6100,CC310,3447.68,V1-Board Approved
2025-06,2025,6,6110,CC500,26306.2,V1-Board Approved
2025-06,2025,6,6140,CC100,28622.67,V1-Board Approved
2025-06,2025,6,6140,CC200,9484.67,V1-Board Approved
2025-06,2025,6,6140,CC300,22858.44,V1-Board Approved
2025-06,2025,6,6140,CC310,1386.15,V1-Board Approved
2025-06,2025,6,6150,CC100,2493.64,V1-Board Approved
2025-06,2025,6,6150,CC210,3400.84,V1-Board Approved
2025-06,2025,6,6150,CC500,1806.77,V1-Board Approved
2025-06,2025,6,6160,CC100,12601.9,V1-Board Approved
2025-06,2025,6,6190,CC110,85255.72,V1-Board Approved
2025-06,2025,6,6190,CC210,2940.35,V1-Board Approved
2025-06,2025,6,6190,CC300,5468.53,V1-Board Approved
2025-06,2025,6,6190,CC500,1432.72,V1-Board Approved
2025-06,2025,6,6200,CC900,43656.63,V1-Board Approved
2025-06,2025,6,7000,CC100,3982.86,V1-Board Approved
2025-06,2025,6,8000,CC100,30481.1,V1-Board Approved
2025-07,2025,7,4000,CC300,478555.16,V1-Board Approved
2025-07,2025,7,4000,CC310,477504.88,V1-Board Approved
2025-07,2025,7,4010,CC300,170262.51,V1-Board Approved
2025-07,2025,7,4010,CC310,79101.81,V1-Board Approved
2025-07,2025,7,4020,CC300,181488.84,V1-Board Approved
2025-07,2025,7,4020,CC310,95328.71,V1-Board Approved
2025-07,2025,7,5000,CC100,6814.91,V1-Board Approved
2025-07,2025,7,5000,CC110,27518.01,V1-Board Approved
2025-07,2025,7,5000,CC200,15340.25,V1-Board Approved
2025-07,2025,7,5000,CC210,17926.21,V1-Board Approved
2025-07,2025,7,5000,CC300,11338.92,V1-Board Approved
2025-07,2025,7,5000,CC310,88412.78,V1-Board Approved
2025-07,2025,7,5000,CC500,58892.62,V1-Board Approved
2025-07,2025,7,5000,CC900,126901.71,V1-Board Approved
2025-07,2025,7,5010,CC200,104451.66,V1-Board Approved
2025-07,2025,7,5010,CC210,56742.25,V1-Board Approved
2025-07,2025,7,5020,CC200,56096.87,V1-Board Approved
2025-07,2025,7,6000,CC100,10699.63,V1-Board Approved
2025-07,2025,7,6000,CC110,12517.83,V1-Board Approved
2025-07,2025,7,6000,CC300,24172.71,V1-Board Approved
2025-07,2025,7,6000,CC310,10882.66,V1-Board Approved
2025-07,2025,7,6000,CC400,19435.87,V1-Board Approved
2025-07,2025,7,6000,CC500,14889.09,V1-Board Approved
2025-07,2025,7,6000,CC900,21485.94,V1-Board Approved
2025-07,2025,7,6020,CC200,2051.92,V1-Board Approved
2025-07,2025,7,6020,CC500,18204.98,V1-Board Approved
2025-07,2025,7,6030,CC200,6909.89,V1-Board Approved
2025-07,2025,7,6040,CC200,25599.47,V1-Board Approved
2025-07,2025,7,6040,CC210,10049.76,V1-Board Approved
2025-07,2025,7,6040,CC300,3822.06,V1-Board Approved
2025-07,2025,7,6050,CC100,3532.09,V1-Board Approved
2025-07,2025,7,6050,CC110,40753.56,V1-Board Approved
2025-07,2025,7,6050,CC200,9844.33,V1-Board Approved
2025-07,2025,7,6050,CC210,29670.93,V1-Board Approved
2025-07,2025,7,6050,CC500,32629.43,V1-Board Approved
2025-07,2025,7,6060,CC200,561.51,V1-Board Approved
2025-07,2025,7,6080,CC110,2279.35,V1-Board Approved
2025-07,2025,7,6090,CC110,14708.56,V1-Board Approved
2025-07,2025,7,6090,CC310,16321.35,V1-Board Approved
2025-07,2025,7,6090,CC500,7602.63,V1-Board Approved
2025-07,2025,7,6090,CC900,46985.0,V1-Board Approved
2025-07,2025,7,6100,CC310,17761.8,V1-Board Approved
2025-07,2025,7,6100,CC400,18348.69,V1-Board Approved
2025-07,2025,7,6120,CC110,6443.03,V1-Board Approved
2025-07,2025,7,6140,CC110,28373.6,V1-Board Approved
2025-07,2025,7,6140,CC200,5257.69,V1-Board Approved
2025-07,2025,7,6140,CC210,6693.13,V1-Board Approved
2025-07,2025,7,6140,CC310,77586.14,V1-Board Approved
2025-07,2025,7,6140,CC500,3426.75,V1-Board Approved
2025-07,2025,7,6140,CC900,8750.57,V1-Board Approved
2025-07,2025,7,6150,CC100,9483.02,V1-Board Approved
2025-07,2025,7,6150,CC400,5644.57,V1-Board Approved
2025-07,2025,7,6150,CC900,2012.42,V1-Board Approved
2025-07,2025,7,6170,CC110,8481.19,V1-Board Approved
2025-07,2025,7,6170,CC500,14085.01,V1-Board Approved
2025-07,2025,7,6180,CC200,842.05,V1-Board Approved
2025-07,2025,7,6190,CC110,66215.39,V1-Board Approved
2025-07,2025,7,6190,CC200,938.01,V1-Board Approved
2025-07,2025,7,6190,CC400,14028.29,V1-Board Approved
2025-07,2025,7,6200,CC900,21487.94,V1-Board Approved
2025-07,2025,7,7000,CC100,5222.45,V1-Board Approved
2025-07,2025,7,8000,CC100,20660.0,V1-Board Approved
2025-08,2025,8,4000,CC300,590647.5,V1-Board Approved
2025-08,2025,8,4000,CC310,121216.61,V1-Board Approved
2025-08,2025,8,4010,CC300,50486.21,V1-Board Approved
2025-08,2025,8,4010,CC310,171029.45,V1-Board Approved
2025-08,2025,8,4020,CC300,230874.48,V1-Board Approved
2025-08,2025,8,4020,CC310,30656.43,V1-Board Approved
2025-08,2025,8,5000,CC100,42884.69,V1-Board Approved
2025-08,2025,8,5000,CC110,47589.95,V1-Board Approved
2025-08,2025,8,5000,CC200,155517.38,V1-Board Approved
2025-08,2025,8,5000,CC210,52426.71,V1-Board Approved
2025-08,2025,8,5000,CC300,23191.27,V1-Board Approved
2025-08,2025,8,5000,CC310,49543.19,V1-Board Approved
2025-08,2025,8,5000,CC400,39658.82,V1-Board Approved
2025-08,2025,8,5000,CC500,53534.55,V1-Board Approved
2025-08,2025,8,5010,CC200,102966.35,V1-Board Approved
2025-08,2025,8,5010,CC210,64704.91,V1-Board Approved
2025-08,2025,8,5020,CC200,61370.47,V1-Board Approved
2025-08,2025,8,6000,CC100,9898.56,V1-Board Approved
2025-08,2025,8,6000,CC110,14253.23,V1-Board Approved
2025-08,2025,8,6000,CC300,22845.08,V1-Board Approved
2025-08,2025,8,6000,CC310,10805.22,V1-Board Approved
2025-08,2025,8,6000,CC400,17482.92,V1-Board Approved
2025-08,2025,8,6000,CC500,14397.58,V1-Board Approved
2025-08,2025,8,6000,CC900,22997.16,V1-Board Approved
2025-08,2025,8,6020,CC100,12165.53,V1-Board Approved
2025-08,2025,8,6020,CC200,8114.86,V1-Board Approved
2025-08,2025,8,6020,CC210,1426.65,V1-Board Approved
2025-08,2025,8,6020,CC300,9850.79,V1-Board Approved
2025-08,2025,8,6020,CC310,10720.66,V1-Board Approved
2025-08,2025,8,6020,CC500,2865.5,V1-Board Approved
2025-08,2025,8,6030,CC200,6816.89,V1-Board Approved
2025-08,2025,8,6040,CC200,25230.99,V1-Board Approved
2025-08,2025,8,6040,CC210,13005.47,V1-Board Approved
2025-08,2025,8,6050,CC200,9671.68,V1-Board Approved
2025-08,2025,8,6050,CC500,3838.36,V1-Board Approved
2025-08,2025,8,6060,CC100,31199.26,V1-Board Approved
2025-08,2025,8,6060,CC200,14463.47,V1-Board Approved
2025-08,2025,8,6060,CC310,2254.73,V1-Board Approved
2025-08,2025,8,6060,CC900,43004.18,V1-Board Approved
2025-08,2025,8,6080,CC110,2461.95,V1-Board Approved
2025-08,2025,8,6090,CC110,22598.8,V1-Board Approved
2025-08,2025,8,6090,CC310,943.36,V1-Board Approved
2025-08,2025,8,6090,CC900,16930.57,V1-Board Approved
2025-08,2025,8,6100,CC400,5325.05,V1-Board Approved
2025-08,2025,8,6110,CC310,2178.1,V1-Board Approved
2025-08,2025,8,6120,CC110,47793.25,V1-Board Approved
2025-08,2025,8,6130,CC400,32498.28,V1-Board Approved
2025-08,2025,8,6140,CC100,27037.59,V1-Board Approved
2025-08,2025,8,6140,CC110,22682.59,V1-Board Approved
2025-08,2025,8,6140,CC200,11409.73,V1-Board Approved
2025-08,2025,8,6140,CC500,64230.97,V1-Board Approved
2025-08,2025,8,6150,CC500,2226.34,V1-Board Approved
2025-08,2025,8,6180,CC310,19122.88,V1-Board Approved
2025-08,2025,8,6180,CC400,2443.18,V1-Board Approved
2025-08,2025,8,6180,CC500,1688.98,V1-Board Approved
2025-08,2025,8,6190,CC100,6046.24,V1-Board Approved
2025-08,2025,8,6190,CC110,69453.7,V1-Board Approved
2025-08,2025,8,6190,CC310,5345.21,V1-Board Approved
2025-08,2025,8,6190,CC400,10220.05,V1-Board Approved
2025-08,2025,8,6190,CC500,5834.59,V1-Board Approved
2025-08,2025,8,6200,CC900,22190.21,V1-Board Approved
2025-08,2025,8,7000,CC100,8534.69,V1-Board Approved
2025-08,2025,8,8000,CC100,27289.8,V1-Board Approved
2025-09,2025,9,4000,CC300,444234.39,V1-Board Approved
2025-09,2025,9,4000,CC310,167935.13,V1-Board Approved
2025-09,2025,9,4010,CC300,105860.68,V1-Board Approved
2025-09,2025,9,4010,CC310,111709.26,V1-Board Approved
2025-09,2025,9,4020,CC300,138687.79,V1-Board Approved
2025-09,2025,9,4020,CC310,58361.91,V1-Board Approved
2025-09,2025,9,5000,CC100,30276.55,V1-Board Approved
2025-09,2025,9,5000,CC200,23251.08,V1-Board Approved
2025-09,2025,9,5000,CC210,8925.23,V1-Board Approved
2025-09,2025,9,5000,CC300,50999.96,V1-Board Approved
2025-09,2025,9,5000,CC310,61080.71,V1-Board Approved
2025-09,2025,9,5000,CC400,12614.61,V1-Board Approved
2025-09,2025,9,5000,CC500,76819.67,V1-Board Approved
2025-09,2025,9,5000,CC900,25250.36,V1-Board Approved
2025-09,2025,9,5010,CC200,99535.5,V1-Board Approved
2025-09,2025,9,5010,CC210,64189.56,V1-Board Approved
2025-09,2025,9,5020,CC200,59528.12,V1-Board Approved
2025-09,2025,9,5030,CC200,25572.09,V1-Board Approved
2025-09,2025,9,6000,CC100,9122.93,V1-Board Approved
2025-09,2025,9,6000,CC110,11641.08,V1-Board Approved
2025-09,2025,9,6000,CC300,23279.64,V1-Board Approved
2025-09,2025,9,6000,CC310,10017.51,V1-Board Approved
2025-09,2025,9,6000,CC400,17328.96,V1-Board Approved
2025-09,2025,9,6000,CC500,15361.03,V1-Board Approved
2025-09,2025,9,6000,CC900,23330.01,V1-Board Approved
2025-09,2025,9,6020,CC100,2618.47,V1-Board Approved
2025-09,2025,9,6020,CC110,17678.91,V1-Board Approved
2025-09,2025,9,6020,CC200,15773.82,V1-Board Approved
2025-09,2025,9,6030,CC200,7053.78,V1-Board Approved
2025-09,2025,9,6040,CC110,1619.62,V1-Board Approved
2025-09,2025,9,6040,CC200,24511.93,V1-Board Approved
2025-09,2025,9,6040,CC210,9955.78,V1-Board Approved
2025-09,2025,9,6040,CC900,17094.2,V1-Board Approved
2025-09,2025,9,6050,CC110,7893.4,V1-Board Approved
2025-09,2025,9,6050,CC200,9572.78,V1-Board Approved
2025-09,2025,9,6060,CC110,28206.17,V1-Board Approved
2025-09,2025,9,6060,CC200,15295.9,V1-Board Approved
2025-09,2025,9,6060,CC500,17475.71,V1-Board Approved
2025-09,2025,9,6080,CC110,2603.18,V1-Board Approved
2025-09,2025,9,6080,CC310,33039.59,V1-Board Approved
2025-09,2025,9,6090,CC110,8387.78,V1-Board Approved
2025-09,2025,9,6090,CC300,18081.18,V1-Board Approved
2025-09,2025,9,6090,CC400,14178.88,V1-Board Approved
2025-09,2025,9,6090,CC900,51458.68,V1-Board Approved
2025-09,2025,9,6100,CC110,7770.9,V1-Board Approved
2025-09,2025,9,6110,CC100,1600.66,V1-Board Approved
2025-09,2025,9,6110,CC500,17947.32,V1-Board Approved
2025-09,2025,9,6130,CC110,26977.85,V1-Board Approved
2025-09,2025,9,6130,CC900,7737.01,V1-Board Approved
2025-09,2025,9,6140,CC110,5122.57,V1-Board Approved
2025-09,2025,9,6140,CC200,30774.28,V1-Board Approved
2025-09,2025,9,6140,CC210,25094.23,V1-Board Approved
2025-09,2025,9,6140,CC300,17915.9,V1-Board Approved
2025-09,2025,9,6160,CC100,18298.01,V1-Board Approved
2025-09,2025,9,6170,CC200,7941.97,V1-Board Approved
2025-09,2025,9,6180,CC200,7132.98,V1-Board Approved
2025-09,2025,9,6180,CC300,1271.88,V1-Board Approved
2025-09,2025,9,6190,CC110,75599.13,V1-Board Approved
2025-09,2025,9,6200,CC900,65266.57,V1-Board Approved
2025-09,2025,9,7000,CC100,4101.38,V1-Board Approved
2025-09,2025,9,8000,CC100,29213.5,V1-Board Approved
