OrderNo,CustomerID,OrderDate,Period,ProductFamily,ProductLine,Quantity,UnitPriceUSD,GrossAmountUSD,DiscountPct,CostCentreCode,SalesRep,Status,MarginPct
SO-00000,C3014,2025-04-22,2025-04,Service Contract,PC-20,292,20.55,5100.51,15,CC300,A. Banda,Invoiced,33.3
SO-00001,C3018,2024-07-01,2024-07,Packaging Materials,SP-9,50,102.91,5145.5,0,CC300,T. Makuvaza,Cancelled,37.11
SO-00002,C3007,2025-06-29,2025-06,Industrial Chemicals,PS-200,103,306.88,31608.64,0,CC300,T. Makuvaza,Open,11.31
SO-00003,C3015,2024-08-09,2024-08,Fabricated Steel,PS-300,134,193.59,25941.06,0,CC300,A. Banda,Cancelled,39.68
SO-00004,C3014,2024-03-25,2024-03,Industrial Chemicals,PC-10,311,84.09,26151.99,0,CC300,S. Moyo,Open,37.61
SO-00005,C3016,2024-03-26,2024-03,Fabricated Steel,PS-300,83,307.82,22994.15,10,CC310,B. Ncube,Cancelled,12.42
SO-00006,C3004,2025-07-13,2025-07,Service Contract,PC-20,210,226.91,45268.54,5,CC310,T. Makuvaza,Open,31.69
SO-00007,C3004,2024-12-02,2024-12,Industrial Chemicals,PS-200,44,58.9,2332.44,10,CC310,A. Banda,Invoiced,16.42
SO-00008,C3001,2024-10-20,2024-10,Polymer Components,PC-20,339,210.66,71413.74,0,CC300,T. Makuvaza,Invoiced,35.46
SO-00009,C3014,2024-03-22,2024-03,Packaging Materials,PS-200,439,144.55,60284.58,5,CC300,T. Makuvaza,Invoiced,19.34
SO-00010,C3004,2024-03-07,2024-03,Fabricated Steel,PC-10,464,26.79,12430.56,0,CC310,B. Ncube,Invoiced,34.88
SO-00011,C3010,2024-04-30,2024-04,Service Contract,PC-20,171,259.23,44328.33,0,CC300,S. Moyo,Invoiced,12.46
SO-00012,C3015,2024-08-24,2024-08,Fabricated Steel,PC-10,303,168.37,51016.11,0,CC300,S. Moyo,Invoiced,30.15
SO-00013,C3005,2025-08-23,2025-08,Fabricated Steel,PC-20,464,183.0,76420.8,10,CC300,T. Makuvaza,Invoiced,29.56
SO-00014,C3008,2025-05-30,2025-05,Spares,IC-5,326,193.14,62963.64,0,CC300,B. Ncube,Invoiced,29.06
SO-00015,C3002,2024-02-13,2024-02,Spares,PS-100,215,219.42,47175.3,0,CC310,A. Banda,Invoiced,38.34
SO-00016,C3016,2024-06-11,2024-06,Packaging Materials,PC-10,81,296.72,24034.32,0,CC310,A. Banda,Invoiced,19.05
SO-00017,C3010,2024-08-04,2024-08,Polymer Components,PS-300,93,195.01,18135.93,0,CC300,B. Ncube,Cancelled,10.07
SO-00018,C3006,2024-11-14,2024-11,Polymer Components,PC-20,78,222.19,15597.74,10,CC300,T. Makuvaza,Open,34.18
SO-00019,C3010,2025-01-23,2025-01,Packaging Materials,PC-20,444,19.32,8578.08,0,CC300,B. Ncube,Invoiced,28.2
SO-00020,C3014,2025-01-18,2025-01,Spares,PS-300,227,193.66,43960.82,0,CC300,T. Makuvaza,Invoiced,13.86
SO-00021,C3004,2024-12-24,2024-12,Industrial Chemicals,PS-300,348,289.66,100801.68,0,CC310,T. Makuvaza,Invoiced,35.45
SO-00022,C3004,2024-04-21,2024-04,Polymer Components,PC-20,117,60.12,6506.49,7.5,CC310,A. Banda,Cancelled,27.68
SO-00023,C3002,2024-11-21,2024-11,Packaging Materials,PS-200,215,297.08,63872.2,0,CC310,T. Makuvaza,Cancelled,30.74
SO-00024,C3002,2025-05-18,2025-05,Industrial Chemicals,PC-10,428,261.97,100910.84,10,CC310,B. Ncube,Invoiced,19.77
SO-00025,C3013,2024-03-12,2024-03,Spares,PS-300,82,69.65,5282.95,7.5,CC300,S. Moyo,Invoiced,37.77
SO-00026,C3012,2025-01-14,2025-01,Fabricated Steel,PC-10,145,182.17,26414.65,0,CC300,B. Ncube,Invoiced,38.05
SO-00027,C3008,2024-01-12,2024-01,Polymer Components,SP-9,408,113.92,42993.41,7.5,CC300,A. Banda,Invoiced,12.35
SO-00028,C3011,2025-02-15,2025-02,Spares,SP-9,200,214.84,40819.6,5,CC300,S. Moyo,Invoiced,29.32
SO-00029,C3001,2024-08-02,2024-08,Fabricated Steel,IC-5,84,273.73,20693.99,10,CC300,S. Moyo,Open,22.63
SO-00030,C3005,2024-11-21,2024-11,Fabricated Steel,SP-9,211,30.47,5946.98,7.5,CC300,A. Banda,Open,30.96
SO-00031,C3004,2024-05-03,2024-05,Packaging Materials,PS-300,355,45.29,14872.1,7.5,CC310,B. Ncube,Invoiced,39.94
SO-00032,C3010,2024-12-14,2024-12,Polymer Components,PS-100,227,52.08,11526.61,2.5,CC300,S. Moyo,Open,14.54
SO-00033,C3006,2024-10-13,2024-10,Polymer Components,PC-10,198,114.31,20935.88,7.5,CC300,S. Moyo,Open,28.05
SO-00034,C3005,2024-07-07,2024-07,Spares,SP-9,187,175.72,32859.64,0,CC300,S. Moyo,Open,33.85
SO-00035,C3002,2024-07-07,2024-07,Service Contract,PS-200,213,209.79,44685.27,0,CC310,T. Makuvaza,Open,13.08
SO-00036,C3010,2025-08-21,2025-08,Industrial Chemicals,SP-9,43,264.81,9678.81,15,CC300,T. Makuvaza,Open,8.03
SO-00037,C3016,2024-02-19,2024-02,Industrial Chemicals,SP-9,127,99.4,12623.8,0,CC310,A. Banda,Invoiced,9.99
SO-00038,C3007,2024-01-17,2024-01,Industrial Chemicals,IC-5,216,259.7,53290.44,5,CC300,B. Ncube,Invoiced,10.3
SO-00039,C3010,2025-05-20,2025-05,Polymer Components,PS-300,51,163.03,7898.8,5,CC300,A. Banda,Cancelled,27.2
SO-00040,C3014,2025-09-03,2025-09,Service Contract,PC-20,264,156.08,35024.35,15,CC300,S. Moyo,Open,41.73
SO-00041,C3007,2025-01-30,2025-01,Fabricated Steel,PS-200,48,94.23,3844.58,15,CC300,S. Moyo,Invoiced,8.15
SO-00042,C3015,2024-04-30,2024-04,Packaging Materials,PC-20,355,236.92,82003.93,2.5,CC300,S. Moyo,Invoiced,20.95
SO-00043,C3007,2024-12-29,2024-12,Fabricated Steel,PS-100,131,167.44,21934.64,0,CC300,S. Moyo,Invoiced,27.53
SO-00044,C3005,2024-11-14,2024-11,Spares,PS-300,172,81.89,12676.57,10,CC300,B. Ncube,Invoiced,21.96
SO-00045,C3002,2024-02-17,2024-02,Packaging Materials,PS-300,177,161.74,28627.98,0,CC310,S. Moyo,Invoiced,18.53
SO-00046,C3005,2024-10-20,2024-10,Polymer Components,PS-300,234,95.02,20567.08,7.5,CC300,T. Makuvaza,Open,34.01
SO-00047,C3013,2025-09-22,2025-09,Service Contract,PS-300,399,315.33,119525.84,5,CC300,T. Makuvaza,Cancelled,36.46
SO-00048,C3005,2025-04-22,2025-04,Industrial Chemicals,SP-9,419,93.99,39381.81,0,CC300,T. Makuvaza,Invoiced,35.19
SO-00049,C3016,2025-08-17,2025-08,Packaging Materials,PC-20,158,298.84,47216.72,0,CC310,S. Moyo,Invoiced,36.46
SO-00050,C3005,2024-12-20,2024-12,Industrial Chemicals,PS-300,240,282.77,66168.18,2.5,CC300,S. Moyo,Open,16.12
SO-00051,C3010,2024-01-27,2024-01,Polymer Components,PC-10,116,42.58,4939.28,0,CC300,A. Banda,Open,29.02
SO-00052,C3015,2024-07-07,2024-07,Polymer Components,PS-100,397,274.4,106213.38,2.5,CC300,B. Ncube,Open,22.26
SO-00053,C3005,2025-09-02,2025-09,Packaging Materials,PC-10,58,108.0,6264.0,0,CC300,A. Banda,Open,9.14
SO-00054,C3004,2024-10-21,2024-10,Fabricated Steel,IC-5,63,99.07,5617.27,10,CC310,A. Banda,Invoiced,10.13
SO-00055,C3007,2024-07-02,2024-07,Polymer Components,SP-9,222,212.62,43661.52,7.5,CC300,S. Moyo,Cancelled,12.73
SO-00056,C3001,2024-11-11,2024-11,Polymer Components,PS-300,319,169.91,54201.29,0,CC300,B. Ncube,Invoiced,35.02
SO-00057,C3005,2025-07-07,2025-07,Packaging Materials,PS-300,309,270.92,83714.28,0,CC300,T. Makuvaza,Invoiced,38.84
SO-00058,C3008,2024-08-06,2024-08,Polymer Components,PC-20,284,227.56,61395.69,5,CC300,S. Moyo,Invoiced,11.3
SO-00059,C3010,2024-10-05,2024-10,Polymer Components,PC-20,9,222.18,1999.62,0,CC300,A. Banda,Cancelled,23.5
SO-00060,C3007,2024-02-01,2024-02,Packaging Materials,PS-200,153,150.26,22415.04,2.5,CC300,S. Moyo,Invoiced,9.33
SO-00061,C3016,2024-01-31,2024-01,Polymer Components,PS-200,464,18.41,7688.02,10,CC310,B. Ncube,Invoiced,22.83
SO-00062,C3014,2024-10-27,2024-10,Service Contract,PS-300,114,237.71,27098.94,0,CC300,S. Moyo,Open,19.56
SO-00063,C3015,2025-07-12,2025-07,Service Contract,PS-100,273,48.04,13114.92,0,CC300,S. Moyo,Invoiced,19.55
SO-00064,C3005,2025-06-06,2025-06,Industrial Chemicals,PS-300,5,254.67,1273.35,0,CC300,B. Ncube,Invoiced,20.28
SO-00065,C3017,2024-04-19,2024-04,Industrial Chemicals,PC-20,71,260.82,17592.31,5,CC300,A. Banda,Invoiced,19.7
SO-00066,C3010,2025-06-02,2025-06,Spares,PC-20,371,211.53,76515.69,2.5,CC300,A. Banda,Invoiced,40.19
SO-00067,C3007,2024-09-18,2024-09,Polymer Components,PS-200,118,188.3,21108.43,5,CC300,B. Ncube,Invoiced,26.17
SO-00068,C3009,2024-09-10,2024-09,Service Contract,PS-200,250,98.63,24657.5,0,CC300,A. Banda,Open,16.13
SO-00069,C3006,2025-03-25,2025-03,Packaging Materials,PS-100,150,143.37,20430.22,5,CC300,B. Ncube,Invoiced,41.92
SO-00070,C3017,2025-08-16,2025-08,Service Contract,PS-300,48,298.99,13275.16,7.5,CC300,T. Makuvaza,Invoiced,8.14
SO-00071,C3013,2025-03-10,2025-03,Packaging Materials,PC-20,263,290.75,76467.25,0,CC300,S. Moyo,Invoiced,26.92
SO-00072,C3007,2024-03-10,2024-03,Industrial Chemicals,SP-9,73,169.21,12352.33,0,CC300,S. Moyo,Invoiced,33.82
SO-00073,C3006,2024-11-04,2024-11,Service Contract,PC-20,188,140.22,22407.16,15,CC300,T. Makuvaza,Open,27.59
SO-00074,C3017,2024-07-08,2024-07,Fabricated Steel,IC-5,289,19.83,5730.87,0,CC300,T. Makuvaza,Invoiced,40.06
SO-00075,C3004,2024-02-27,2024-02,Fabricated Steel,SP-9,416,246.06,94683.89,7.5,CC310,T. Makuvaza,Invoiced,31.3
SO-00076,C3014,2024-05-22,2024-05,Polymer Components,PS-100,328,136.28,43582.34,2.5,CC300,B. Ncube,Cancelled,25.4
SO-00077,C3008,2025-03-09,2025-03,Packaging Materials,PC-10,204,153.99,30628.61,2.5,CC300,T. Makuvaza,Invoiced,30.61
SO-00078,C3003,2024-04-26,2024-04,Fabricated Steel,PC-20,16,42.98,636.1,7.5,CC310,T. Makuvaza,Cancelled,8.54
SO-00079,C3017,2025-07-06,2025-07,Industrial Chemicals,SP-9,275,84.3,22023.38,5,CC300,A. Banda,Invoiced,26.91
SO-00080,C3003,2024-08-29,2024-08,Service Contract,PC-20,47,176.19,8280.93,0,CC310,S. Moyo,Invoiced,34.58
SO-00081,C3001,2024-11-25,2024-11,Polymer Components,PS-300,125,295.27,31372.44,15,CC300,S. Moyo,Open,12.56
SO-00082,C3002,2024-02-20,2024-02,Industrial Chemicals,PS-300,210,157.79,28165.51,15,CC310,B. Ncube,Invoiced,30.67
SO-00083,C3018,2025-09-15,2025-09,Polymer Components,IC-5,86,154.37,13275.82,0,CC300,S. Moyo,Cancelled,13.42
SO-00084,C3002,2024-02-08,2024-02,Industrial Chemicals,IC-5,375,261.72,88330.5,10,CC310,A. Banda,Invoiced,21.66
SO-00085,C3018,2024-02-10,2024-02,Polymer Components,PC-20,6,286.88,1549.15,10,CC300,A. Banda,Invoiced,23.16
SO-00086,C3015,2025-07-02,2025-07,Fabricated Steel,PC-20,15,15.48,232.2,0,CC300,A. Banda,Invoiced,10.13
SO-00087,C3008,2024-08-02,2024-08,Packaging Materials,PS-200,386,14.34,5535.24,0,CC300,A. Banda,Cancelled,15.19
SO-00088,C3015,2025-01-20,2025-01,Packaging Materials,PS-100,472,21.58,9676.47,5,CC300,T. Makuvaza,Cancelled,8.61
SO-00089,C3006,2024-04-23,2024-04,Industrial Chemicals,PS-200,191,147.1,25988.89,7.5,CC300,T. Makuvaza,Cancelled,25.03
SO-00090,C3010,2024-07-21,2024-07,Industrial Chemicals,PC-10,216,169.92,35785.15,2.5,CC300,B. Ncube,Invoiced,30.96
SO-00091,C3017,2025-03-01,2025-03,Packaging Materials,PS-200,141,111.06,13310.54,15,CC300,T. Makuvaza,Invoiced,38.83
SO-00092,C3015,2024-03-11,2024-03,Polymer Components,PS-300,291,85.69,24935.79,0,CC300,T. Makuvaza,Open,24.66
SO-00093,C3004,2024-05-13,2024-05,Industrial Chemicals,PS-100,69,130.56,8332.99,7.5,CC310,A. Banda,Open,19.82
SO-00094,C3018,2025-09-13,2025-09,Service Contract,PS-100,365,135.89,42159.87,15,CC300,A. Banda,Open,29.85
SO-00095,C3009,2025-09-14,2025-09,Fabricated Steel,PS-100,270,305.28,82425.6,0,CC300,A. Banda,Invoiced,27.76
SO-00096,C3010,2025-04-14,2025-04,Spares,PS-100,454,69.2,29060.54,7.5,CC300,A. Banda,Invoiced,29.04
SO-00097,C3007,2024-11-05,2024-11,Polymer Components,SP-9,24,218.19,4974.73,5,CC300,A. Banda,Invoiced,31.76
SO-00098,C3015,2024-09-22,2024-09,Packaging Materials,PC-10,204,74.41,13661.68,10,CC300,S. Moyo,Cancelled,10.84
SO-00099,C3001,2024-10-19,2024-10,Industrial Chemicals,PS-300,262,234.43,56814.11,7.5,CC300,S. Moyo,Cancelled,38.2
SO-00100,C3007,2025-05-15,2025-05,Spares,PS-100,368,92.6,31521.04,7.5,CC300,S. Moyo,Cancelled,32.23
SO-00101,C3005,2025-07-12,2025-07,Packaging Materials,PC-10,303,145.49,42981.38,2.5,CC300,A. Banda,Invoiced,38.32
SO-00102,C3005,2024-05-30,2024-05,Fabricated Steel,IC-5,437,297.3,123424.1,5,CC300,B. Ncube,Invoiced,11.67
SO-00103,C3004,2024-09-08,2024-09,Spares,IC-5,445,71.42,31781.9,0,CC310,T. Makuvaza,Cancelled,15.13
SO-00104,C3015,2025-09-27,2025-09,Fabricated Steel,PS-200,456,215.61,83570.44,15,CC300,S. Moyo,Invoiced,18.28
SO-00105,C3018,2025-09-12,2025-09,Fabricated Steel,PC-10,280,95.99,26205.27,2.5,CC300,S. Moyo,Cancelled,29.05
SO-00106,C3003,2024-01-20,2024-01,Spares,SP-9,68,246.03,16311.79,2.5,CC310,S. Moyo,Invoiced,32.8
SO-00107,C3013,2025-07-14,2025-07,Polymer Components,PS-300,388,146.97,57024.36,0,CC300,T. Makuvaza,Cancelled,18.8
SO-00108,C3006,2025-07-15,2025-07,Packaging Materials,IC-5,457,224.58,102633.06,0,CC300,A. Banda,Invoiced,40.75
SO-00109,C3003,2024-11-21,2024-11,Fabricated Steel,IC-5,286,319.77,77736.09,15,CC310,A. Banda,Open,30.31
SO-00110,C3013,2024-09-05,2024-09,Service Contract,PS-100,178,88.49,15357.44,2.5,CC300,A. Banda,Invoiced,16.68
SO-00111,C3011,2025-05-04,2025-05,Spares,IC-5,200,195.39,37124.1,5,CC300,A. Banda,Cancelled,17.98
SO-00112,C3013,2025-08-02,2025-08,Fabricated Steel,PC-20,317,212.1,63873.91,5,CC300,S. Moyo,Open,20.61
SO-00113,C3015,2024-07-23,2024-07,Spares,IC-5,230,60.72,13267.32,5,CC300,T. Makuvaza,Open,35.19
SO-00114,C3013,2024-06-28,2024-06,Packaging Materials,SP-9,159,129.61,19062.39,7.5,CC300,S. Moyo,Invoiced,34.12
SO-00115,C3011,2024-07-09,2024-07,Fabricated Steel,SP-9,322,257.49,82911.78,0,CC300,T. Makuvaza,Invoiced,18.36
SO-00116,C3017,2024-07-16,2024-07,Fabricated Steel,PS-200,237,189.97,41646.17,7.5,CC300,T. Makuvaza,Open,12.14
SO-00117,C3004,2025-02-07,2025-02,Fabricated Steel,PC-10,179,302.9,54219.1,0,CC310,A. Banda,Invoiced,41.97
SO-00118,C3003,2024-10-24,2024-10,Fabricated Steel,PS-200,160,124.66,18948.32,5,CC310,A. Banda,Invoiced,12.75
SO-00119,C3013,2025-07-14,2025-07,Spares,PC-10,242,94.3,19397.51,15,CC300,T. Makuvaza,Invoiced,24.51
SO-00120,C3008,2025-08-08,2025-08,Service Contract,PC-20,30,313.14,9159.34,2.5,CC300,T. Makuvaza,Invoiced,26.53
SO-00121,C3018,2025-09-18,2025-09,Polymer Components,PS-100,452,21.07,8095.09,15,CC300,A. Banda,Cancelled,37.23
SO-00122,C3003,2024-03-12,2024-03,Packaging Materials,PC-20,388,86.68,33631.84,0,CC310,A. Banda,Invoiced,29.37
SO-00123,C3002,2024-09-05,2024-09,Packaging Materials,SP-9,85,15.39,1111.93,15,CC310,T. Makuvaza,Open,39.69
SO-00124,C3003,2025-06-17,2025-06,Fabricated Steel,PS-300,476,70.93,33762.68,0,CC310,A. Banda,Invoiced,39.03
SO-00125,C3003,2024-07-22,2024-07,Spares,PS-100,335,95.65,29639.54,7.5,CC310,B. Ncube,Open,33.55
SO-00126,C3001,2024-10-02,2024-10,Spares,SP-9,245,170.11,38551.18,7.5,CC300,B. Ncube,Cancelled,29.0
SO-00127,C3017,2025-02-13,2025-02,Fabricated Steel,PS-200,385,163.33,56593.85,10,CC300,B. Ncube,Invoiced,29.91
SO-00128,C3011,2024-05-19,2024-05,Polymer Components,PS-100,109,32.85,3491.13,2.5,CC300,S. Moyo,Invoiced,29.16
SO-00129,C3007,2024-11-15,2024-11,Polymer Components,PC-10,144,130.42,18780.48,0,CC300,A. Banda,Invoiced,41.98
SO-00130,C3007,2024-07-30,2024-07,Packaging Materials,PC-10,132,202.45,26055.31,2.5,CC300,S. Moyo,Cancelled,33.94
SO-00131,C3016,2025-01-07,2025-01,Polymer Components,PC-20,53,237.18,11313.49,10,CC310,B. Ncube,Cancelled,21.86
SO-00132,C3014,2025-04-26,2025-04,Packaging Materials,PS-200,423,171.19,72413.37,0,CC300,S. Moyo,Invoiced,13.05
SO-00133,C3017,2024-09-15,2024-09,Fabricated Steel,PS-200,31,38.73,1200.63,0,CC300,A. Banda,Invoiced,34.44
SO-00134,C3005,2025-08-02,2025-08,Polymer Components,PS-200,231,83.6,18828.81,2.5,CC300,T. Makuvaza,Invoiced,8.8
SO-00135,C3014,2024-09-26,2024-09,Industrial Chemicals,PS-300,456,94.82,43237.92,0,CC300,T. Makuvaza,Invoiced,16.11
SO-00136,C3009,2024-08-15,2024-08,Polymer Components,PS-200,140,90.16,12306.84,2.5,CC300,S. Moyo,Open,16.5
SO-00137,C3003,2025-01-18,2025-01,Service Contract,PS-300,67,314.16,18943.85,10,CC310,S. Moyo,Invoiced,13.66
SO-00138,C3011,2024-05-29,2024-05,Service Contract,PS-100,413,285.69,100291.47,15,CC300,S. Moyo,Invoiced,37.39
SO-00139,C3003,2025-02-24,2025-02,Packaging Materials,PS-200,209,254.3,49162.55,7.5,CC310,B. Ncube,Invoiced,12.93
SO-00140,C3009,2024-05-18,2024-05,Polymer Components,PS-200,5,160.5,782.44,2.5,CC300,A. Banda,Invoiced,19.33
SO-00141,C3014,2025-02-26,2025-02,Polymer Components,IC-5,407,28.77,11416.66,2.5,CC300,A. Banda,Invoiced,24.47
SO-00142,C3007,2024-12-09,2024-12,Industrial Chemicals,PS-200,386,225.96,87220.56,0,CC300,A. Banda,Open,36.73
SO-00143,C3015,2024-01-21,2024-01,Industrial Chemicals,IC-5,247,227.61,52003.19,7.5,CC300,T. Makuvaza,Cancelled,40.71
SO-00144,C3014,2025-05-29,2025-05,Packaging Materials,PS-200,455,257.86,114393.14,2.5,CC300,S. Moyo,Invoiced,36.76
SO-00145,C3009,2024-05-24,2024-05,Packaging Materials,PS-100,202,55.38,10068.08,10,CC300,B. Ncube,Invoiced,15.51
SO-00146,C3013,2025-09-20,2025-09,Packaging Materials,PS-200,150,306.86,46029.0,0,CC300,T. Makuvaza,Invoiced,31.1
SO-00147,C3013,2025-03-15,2025-03,Industrial Chemicals,PS-300,308,183.93,50985.4,10,CC300,A. Banda,Invoiced,27.09
SO-00148,C3004,2024-03-24,2024-03,Polymer Components,PS-200,43,174.83,6953.86,7.5,CC310,B. Ncube,Invoiced,37.18
SO-00149,C3015,2025-01-02,2025-01,Spares,PS-300,330,72.25,21458.25,10,CC300,B. Ncube,Cancelled,23.02
SO-00150,C3017,2024-09-17,2024-09,Fabricated Steel,IC-5,167,149.85,23148.08,7.5,CC300,A. Banda,Cancelled,10.23
SO-00151,C3002,2025-04-11,2025-04,Spares,PC-20,384,289.45,105591.36,5,CC310,T. Makuvaza,Open,28.53
SO-00152,C3004,2024-06-09,2024-06,Polymer Components,PC-10,401,172.87,69320.87,0,CC310,A. Banda,Invoiced,14.42
SO-00153,C3011,2024-07-10,2024-07,Fabricated Steel,PS-200,471,229.6,100030.98,7.5,CC300,B. Ncube,Cancelled,17.16
SO-00154,C3001,2024-05-30,2024-05,Fabricated Steel,PS-300,460,156.69,68473.53,5,CC300,S. Moyo,Invoiced,24.45
SO-00155,C3015,2024-12-01,2024-12,Industrial Chemicals,PC-10,24,216.51,5196.24,0,CC300,T. Makuvaza,Invoiced,41.47
SO-00156,C3005,2025-08-07,2025-08,Packaging Materials,PS-300,465,69.78,32447.7,0,CC300,A. Banda,Invoiced,39.03
SO-00157,C3015,2025-03-29,2025-03,Industrial Chemicals,PS-300,289,107.55,26419.66,15,CC300,A. Banda,Open,13.37
SO-00158,C3009,2025-04-20,2025-04,Fabricated Steel,PS-300,413,113.65,46937.45,0,CC300,S. Moyo,Invoiced,8.18
SO-00159,C3008,2024-05-08,2024-05,Polymer Components,PC-20,270,116.64,31492.8,0,CC300,S. Moyo,Invoiced,25.18
SO-00160,C3016,2025-04-28,2025-04,Packaging Materials,PC-10,47,248.25,11667.75,0,CC310,A. Banda,Invoiced,34.31
SO-00161,C3008,2024-08-31,2024-08,Packaging Materials,SP-9,328,112.56,36919.68,0,CC300,T. Makuvaza,Cancelled,26.27
SO-00162,C3016,2024-01-24,2024-01,Fabricated Steel,PS-100,467,75.54,34395.25,2.5,CC310,B. Ncube,Invoiced,31.64
SO-00163,C3010,2024-03-15,2024-03,Packaging Materials,PC-20,200,225.27,45054.0,0,CC300,B. Ncube,Invoiced,28.34
SO-00164,C3012,2025-06-13,2025-06,Packaging Materials,PC-20,191,206.91,35567.83,10,CC300,A. Banda,Invoiced,28.04
SO-00165,C3008,2025-03-01,2025-03,Service Contract,PS-200,39,175.9,5831.09,15,CC300,T. Makuvaza,Invoiced,12.75
SO-00166,C3002,2025-09-25,2025-09,Packaging Materials,PS-200,129,16.1,1921.13,7.5,CC310,A. Banda,Cancelled,21.83
SO-00167,C3010,2024-06-24,2024-06,Service Contract,PS-200,159,24.13,3836.67,0,CC300,B. Ncube,Invoiced,39.2
SO-00168,C3004,2024-10-10,2024-10,Polymer Components,PC-10,59,36.92,2069.37,5,CC310,T. Makuvaza,Open,26.2
SO-00169,C3001,2025-02-06,2025-02,Fabricated Steel,PC-20,153,222.55,28942.63,15,CC300,B. Ncube,Invoiced,19.48
SO-00170,C3011,2024-11-10,2024-11,Spares,PS-100,272,146.98,36980.17,7.5,CC300,T. Makuvaza,Invoiced,35.91
SO-00171,C3013,2024-08-27,2024-08,Fabricated Steel,SP-9,246,177.64,39329.5,10,CC300,S. Moyo,Invoiced,30.75
SO-00172,C3014,2025-02-20,2025-02,Service Contract,PS-200,242,31.97,7736.74,0,CC300,T. Makuvaza,Cancelled,18.53
SO-00173,C3013,2024-11-05,2024-11,Spares,IC-5,123,313.18,37558.11,2.5,CC300,T. Makuvaza,Invoiced,19.7
SO-00174,C3010,2025-06-15,2025-06,Packaging Materials,PC-20,339,79.44,22890.64,15,CC300,B. Ncube,Invoiced,30.91
SO-00175,C3017,2024-10-16,2024-10,Service Contract,PS-300,424,91.69,38876.56,0,CC300,T. Makuvaza,Invoiced,38.07
SO-00176,C3017,2025-08-11,2025-08,Service Contract,IC-5,123,16.93,2082.39,0,CC300,A. Banda,Invoiced,10.15
SO-00177,C3018,2025-03-04,2025-03,Fabricated Steel,PC-20,389,108.82,39156.16,7.5,CC300,S. Moyo,Invoiced,40.27
SO-00178,C3004,2024-01-08,2024-01,Industrial Chemicals,PS-100,174,241.68,35744.47,15,CC310,S. Moyo,Invoiced,24.95
SO-00179,C3012,2024-02-13,2024-02,Service Contract,IC-5,362,252.19,82163.5,10,CC300,A. Banda,Cancelled,9.23
SO-00180,C3014,2025-03-27,2025-03,Spares,PS-300,422,79.26,28430.56,15,CC300,T. Makuvaza,Invoiced,18.02
SO-00181,C3018,2024-04-24,2024-04,Packaging Materials,PS-200,342,158.1,54070.2,0,CC300,B. Ncube,Cancelled,28.04
SO-00182,C3012,2024-02-10,2024-02,Polymer Components,PC-20,361,221.56,75984.0,5,CC300,S. Moyo,Invoiced,29.02
SO-00183,C3009,2025-01-24,2025-01,Packaging Materials,PC-20,358,36.36,11064.35,15,CC300,T. Makuvaza,Open,37.56
SO-00184,C3011,2025-01-15,2025-01,Fabricated Steel,PC-20,55,275.19,15135.45,0,CC300,B. Ncube,Invoiced,40.29
SO-00185,C3012,2025-01-09,2025-01,Service Contract,PS-100,409,139.22,54093.93,5,CC300,A. Banda,Invoiced,20.29
SO-00186,C3007,2024-11-20,2024-11,Service Contract,PC-10,212,300.33,58894.71,7.5,CC300,A. Banda,Cancelled,13.39
SO-00187,C3008,2024-07-22,2024-07,Polymer Components,PC-10,215,81.15,17011.07,2.5,CC300,B. Ncube,Invoiced,14.52
SO-00188,C3018,2025-06-09,2025-06,Service Contract,IC-5,243,138.01,31021.2,7.5,CC300,A. Banda,Invoiced,13.56
SO-00189,C3001,2024-02-24,2024-02,Packaging Materials,PC-20,406,312.99,120720.24,5,CC300,T. Makuvaza,Cancelled,41.25
SO-00190,C3010,2025-04-01,2025-04,Fabricated Steel,PS-100,306,149.42,45722.52,0,CC300,B. Ncube,Open,23.91
SO-00191,C3005,2024-05-20,2024-05,Fabricated Steel,SP-9,23,75.03,1639.41,5,CC300,T. Makuvaza,Invoiced,20.66
SO-00192,C3013,2024-11-24,2024-11,Polymer Components,IC-5,307,274.88,80168.75,5,CC300,S. Moyo,Open,36.94
SO-00193,C3018,2024-10-28,2024-10,Industrial Chemicals,PC-20,258,88.05,22716.9,0,CC300,B. Ncube,Cancelled,33.32
SO-00194,C3016,2024-03-23,2024-03,Industrial Chemicals,PC-10,451,178.89,80679.39,0,CC310,T. Makuvaza,Invoiced,34.58
SO-00195,C3004,2025-06-30,2025-06,Service Contract,PS-200,257,155.83,40048.31,0,CC310,A. Banda,Invoiced,9.97
SO-00196,C3017,2024-06-13,2024-06,Fabricated Steel,PC-20,80,20.73,1658.4,0,CC300,S. Moyo,Invoiced,29.0
SO-00197,C3003,2025-01-10,2025-01,Polymer Components,PS-200,32,194.66,5917.66,5,CC310,A. Banda,Invoiced,32.4
SO-00198,C3003,2025-09-16,2025-09,Spares,IC-5,140,117.94,16511.6,0,CC310,B. Ncube,Open,13.34
SO-00199,C3008,2024-07-06,2024-07,Industrial Chemicals,PS-200,283,24.37,6379.46,7.5,CC300,A. Banda,Cancelled,9.67
SO-00200,C3018,2024-02-20,2024-02,Service Contract,SP-9,288,217.75,58008.6,7.5,CC300,S. Moyo,Invoiced,28.57
SO-00201,C3005,2024-01-25,2024-01,Spares,PS-100,93,239.88,22308.84,0,CC300,T. Makuvaza,Invoiced,36.68
SO-00202,C3006,2025-04-07,2025-04,Packaging Materials,PS-200,425,190.87,81119.75,0,CC300,A. Banda,Invoiced,11.73
SO-00203,C3014,2025-07-25,2025-07,Polymer Components,PS-100,55,71.48,3833.11,2.5,CC300,B. Ncube,Invoiced,34.45
SO-00204,C3018,2025-09-23,2025-09,Packaging Materials,PS-200,53,308.63,14721.65,10,CC300,T. Makuvaza,Invoiced,8.45
SO-00205,C3016,2024-02-27,2024-02,Service Contract,PC-10,257,40.52,9372.28,10,CC310,A. Banda,Invoiced,31.99
SO-00206,C3014,2024-02-24,2024-02,Spares,PC-20,264,25.77,6463.12,5,CC300,S. Moyo,Open,39.94
SO-00207,C3003,2025-06-28,2025-06,Packaging Materials,PC-10,77,314.71,24232.67,0,CC310,S. Moyo,Invoiced,33.64
SO-00208,C3012,2024-11-16,2024-11,Service Contract,IC-5,296,109.52,29986.58,7.5,CC300,S. Moyo,Open,34.75
SO-00209,C3002,2024-11-07,2024-11,Polymer Components,PS-100,144,158.01,22753.44,0,CC310,T. Makuvaza,Invoiced,25.43
SO-00210,C3007,2025-07-25,2025-07,Fabricated Steel,PS-300,150,227.45,31558.69,7.5,CC300,S. Moyo,Invoiced,40.27
SO-00211,C3011,2025-06-03,2025-06,Packaging Materials,PC-20,188,156.73,28728.61,2.5,CC300,T. Makuvaza,Open,18.82
SO-00212,C3015,2025-05-16,2025-05,Fabricated Steel,PS-300,109,61.15,6165.45,7.5,CC300,S. Moyo,Invoiced,33.95
SO-00213,C3008,2025-02-16,2025-02,Industrial Chemicals,PC-20,366,185.5,66195.68,2.5,CC300,A. Banda,Invoiced,11.36
SO-00214,C3009,2024-04-15,2024-04,Packaging Materials,PS-100,156,25.77,3718.61,7.5,CC300,T. Makuvaza,Invoiced,33.97
SO-00215,C3009,2025-08-28,2025-08,Polymer Components,PS-300,165,154.77,24898.62,2.5,CC300,T. Makuvaza,Cancelled,41.15
SO-00216,C3017,2025-04-19,2025-04,Fabricated Steel,PS-100,286,267.52,76510.72,0,CC300,T. Makuvaza,Invoiced,8.84
SO-00217,C3004,2025-05-13,2025-05,Polymer Components,SP-9,166,196.88,27779.77,15,CC310,S. Moyo,Cancelled,31.32
SO-00218,C3014,2024-11-08,2024-11,Fabricated Steel,SP-9,95,315.32,26959.86,10,CC300,S. Moyo,Invoiced,33.51
SO-00219,C3010,2024-07-25,2024-07,Industrial Chemicals,PS-200,22,27.68,593.74,2.5,CC300,A. Banda,Open,37.61
SO-00220,C3011,2024-08-03,2024-08,Service Contract,IC-5,229,48.3,10507.66,5,CC300,B. Ncube,Cancelled,38.6
SO-00221,C3008,2025-02-07,2025-02,Polymer Components,SP-9,238,236.74,56344.12,0,CC300,B. Ncube,Invoiced,24.22
SO-00222,C3016,2025-03-03,2025-03,Spares,SP-9,162,82.77,12403.08,7.5,CC310,T. Makuvaza,Invoiced,23.82
SO-00223,C3006,2025-08-15,2025-08,Packaging Materials,PS-100,52,84.31,4055.31,7.5,CC300,B. Ncube,Invoiced,23.15
SO-00224,C3012,2025-07-18,2025-07,Packaging Materials,PC-20,272,241.36,55802.43,15,CC300,S. Moyo,Invoiced,15.12
SO-00225,C3011,2024-01-28,2024-01,Packaging Materials,SP-9,456,205.35,93639.6,0,CC300,B. Ncube,Cancelled,19.38
SO-00226,C3002,2025-04-09,2025-04,Service Contract,IC-5,76,170.46,12954.96,0,CC310,A. Banda,Cancelled,24.3
SO-00227,C3013,2025-05-14,2025-05,Fabricated Steel,PS-200,357,91.88,27880.99,15,CC300,S. Moyo,Invoiced,11.46
SO-00228,C3016,2024-03-18,2024-03,Fabricated Steel,SP-9,204,22.38,4223.11,7.5,CC310,S. Moyo,Cancelled,9.42
SO-00229,C3004,2025-08-29,2025-08,Polymer Components,IC-5,326,166.61,52956.99,2.5,CC310,B. Ncube,Invoiced,19.39
SO-00230,C3006,2025-03-21,2025-03,Service Contract,PC-10,265,40.1,9563.85,10,CC300,S. Moyo,Open,28.51
SO-00231,C3006,2024-12-04,2024-12,Industrial Chemicals,PS-300,84,184.4,14715.12,5,CC300,S. Moyo,Cancelled,10.24
SO-00232,C3010,2024-08-13,2024-08,Spares,PS-100,365,193.12,68726.58,2.5,CC300,S. Moyo,Invoiced,35.71
SO-00233,C3014,2025-05-14,2025-05,Industrial Chemicals,SP-9,90,123.4,10828.35,2.5,CC300,S. Moyo,Invoiced,24.76
SO-00234,C3008,2025-08-08,2025-08,Fabricated Steel,PS-200,144,14.14,1883.45,7.5,CC300,A. Banda,Invoiced,33.24
SO-00235,C3008,2025-01-14,2025-01,Spares,PS-100,264,121.98,32202.72,0,CC300,S. Moyo,Invoiced,36.28
SO-00236,C3008,2024-05-04,2024-05,Spares,SP-9,267,251.84,63879.22,5,CC300,S. Moyo,Invoiced,25.4
SO-00237,C3003,2025-07-17,2025-07,Packaging Materials,PS-100,259,16.11,4172.49,0,CC310,B. Ncube,Cancelled,20.33
SO-00238,C3016,2024-05-25,2024-05,Packaging Materials,PS-300,409,200.05,81820.45,0,CC310,T. Makuvaza,Open,22.76
SO-00239,C3015,2024-12-23,2024-12,Spares,SP-9,143,269.25,37540.18,2.5,CC300,T. Makuvaza,Invoiced,39.8
SO-00240,C3013,2024-02-17,2024-02,Industrial Chemicals,PS-200,281,235.16,66079.96,0,CC300,S. Moyo,Invoiced,27.9
SO-00241,C3002,2024-09-17,2024-09,Service Contract,PS-100,277,154.17,36299.33,15,CC310,A. Banda,Open,41.5
SO-00242,C3011,2025-02-22,2025-02,Packaging Materials,PS-100,79,181.33,13608.82,5,CC300,A. Banda,Invoiced,40.97
SO-00243,C3008,2024-05-22,2024-05,Industrial Chemicals,PC-10,18,95.1,1711.8,0,CC300,B. Ncube,Invoiced,19.03
SO-00244,C3005,2024-06-18,2024-06,Fabricated Steel,PC-20,185,277.66,51367.1,0,CC300,T. Makuvaza,Invoiced,17.21
SO-00245,C3004,2024-06-21,2024-06,Spares,PS-100,106,146.34,13960.84,10,CC310,A. Banda,Cancelled,37.85
SO-00246,C3006,2024-04-20,2024-04,Service Contract,PC-10,232,258.94,58572.23,2.5,CC300,T. Makuvaza,Invoiced,22.66
SO-00247,C3006,2025-08-22,2025-08,Polymer Components,PS-100,122,62.63,6876.77,10,CC300,T. Makuvaza,Invoiced,30.39
SO-00248,C3005,2024-02-10,2024-02,Spares,PS-200,386,52.26,20172.36,0,CC300,S. Moyo,Invoiced,35.99
SO-00249,C3014,2024-05-10,2024-05,Fabricated Steel,PS-200,61,293.63,17911.43,0,CC300,S. Moyo,Invoiced,9.5
SO-00250,C3016,2025-03-22,2025-03,Fabricated Steel,PC-10,449,171.32,65384.28,15,CC310,S. Moyo,Cancelled,21.56
SO-00251,C3005,2025-08-31,2025-08,Packaging Materials,PS-100,367,123.54,41938.74,7.5,CC300,A. Banda,Open,17.66
SO-00252,C3009,2024-06-17,2024-06,Industrial Chemicals,PS-300,337,35.81,11162.87,7.5,CC300,A. Banda,Invoiced,37.01
SO-00253,C3012,2025-07-26,2025-07,Industrial Chemicals,IC-5,445,133.61,59456.45,0,CC300,T. Makuvaza,Cancelled,12.74
SO-00254,C3008,2024-03-12,2024-03,Polymer Components,SP-9,120,218.93,25614.81,2.5,CC300,S. Moyo,Invoiced,20.08
SO-00255,C3008,2024-04-04,2024-04,Fabricated Steel,PS-100,384,210.47,74758.94,7.5,CC300,S. Moyo,Invoiced,33.76
SO-00256,C3004,2024-06-29,2024-06,Spares,PS-300,356,293.49,101870.38,2.5,CC310,T. Makuvaza,Invoiced,36.64
SO-00257,C3010,2025-03-28,2025-03,Service Contract,PS-300,411,227.41,93465.51,0,CC300,A. Banda,Invoiced,10.03
SO-00258,C3014,2024-11-11,2024-11,Service Contract,PS-300,270,28.47,7686.9,0,CC300,A. Banda,Cancelled,16.79
SO-00259,C3003,2024-01-30,2024-01,Fabricated Steel,SP-9,405,275.97,108973.65,2.5,CC310,A. Banda,Invoiced,16.33
SO-00260,C3016,2024-08-30,2024-08,Fabricated Steel,PS-300,100,282.57,24018.45,15,CC310,B. Ncube,Invoiced,26.35
SO-00261,C3015,2024-04-08,2024-04,Service Contract,PC-10,189,304.9,48982.18,15,CC300,T. Makuvaza,Invoiced,12.51
SO-00262,C3005,2024-10-18,2024-10,Service Contract,SP-9,356,16.21,5337.95,7.5,CC300,B. Ncube,Invoiced,18.15
SO-00263,C3015,2024-04-19,2024-04,Industrial Chemicals,SP-9,287,98.84,28367.08,0,CC300,B. Ncube,Open,39.92
SO-00264,C3002,2024-10-19,2024-10,Polymer Components,SP-9,368,285.03,94401.94,10,CC310,S. Moyo,Invoiced,28.03
SO-00265,C3003,2024-09-22,2024-09,Polymer Components,PC-20,312,155.33,43616.66,10,CC310,T. Makuvaza,Invoiced,14.98
SO-00266,C3003,2024-03-25,2024-03,Service Contract,PS-200,401,218.15,78730.34,10,CC310,B. Ncube,Invoiced,22.37
SO-00267,C3008,2024-11-06,2024-11,Industrial Chemicals,PC-10,300,16.38,4914.0,0,CC300,B. Ncube,Invoiced,17.37
SO-00268,C3002,2024-07-26,2024-07,Fabricated Steel,SP-9,372,150.3,55911.6,0,CC310,B. Ncube,Invoiced,29.02
SO-00269,C3017,2025-04-14,2025-04,Industrial Chemicals,PS-200,418,205.08,81437.27,5,CC300,A. Banda,Cancelled,11.0
SO-00270,C3008,2024-10-20,2024-10,Packaging Materials,PC-10,19,289.74,4679.3,15,CC300,B. Ncube,Invoiced,18.92
SO-00271,C3012,2024-08-20,2024-08,Polymer Components,PS-200,413,55.09,21045.76,7.5,CC300,A. Banda,Invoiced,16.38
SO-00272,C3010,2025-03-10,2025-03,Service Contract,IC-5,478,158.09,73677.84,2.5,CC300,T. Makuvaza,Invoiced,32.58
SO-00273,C3010,2024-04-13,2024-04,Service Contract,PS-300,209,186.67,33161.93,15,CC300,S. Moyo,Invoiced,8.67
SO-00274,C3014,2025-09-10,2025-09,Industrial Chemicals,IC-5,181,162.82,27996.9,5,CC300,A. Banda,Invoiced,9.27
SO-00275,C3004,2025-04-30,2025-04,Packaging Materials,PS-100,459,28.4,12057.93,7.5,CC310,A. Banda,Invoiced,26.57
SO-00276,C3004,2024-04-28,2024-04,Fabricated Steel,SP-9,455,77.27,35157.85,0,CC310,T. Makuvaza,Invoiced,19.21
SO-00277,C3001,2024-12-26,2024-12,Industrial Chemicals,PS-300,246,210.0,43911.0,15,CC300,S. Moyo,Invoiced,35.17
SO-00278,C3015,2024-10-17,2024-10,Service Contract,PS-100,87,155.06,12478.45,7.5,CC300,S. Moyo,Invoiced,19.48
SO-00279,C3006,2025-08-06,2025-08,Service Contract,PS-300,233,175.17,36733.15,10,CC300,S. Moyo,Open,37.96
SO-00280,C3016,2025-04-25,2025-04,Spares,PC-10,274,159.63,43738.62,0,CC310,A. Banda,Invoiced,37.07
SO-00281,C3014,2024-10-31,2024-10,Fabricated Steel,PS-200,341,243.5,83033.5,0,CC300,B. Ncube,Cancelled,30.91
SO-00282,C3016,2024-04-20,2024-04,Spares,PS-200,70,287.95,19148.67,5,CC310,S. Moyo,Invoiced,39.75
SO-00283,C3014,2025-07-04,2025-07,Packaging Materials,SP-9,1,176.5,158.85,10,CC300,S. Moyo,Invoiced,40.02
SO-00284,C3017,2024-08-07,2024-08,Industrial Chemicals,PS-100,104,85.27,7981.27,10,CC300,S. Moyo,Invoiced,26.56
SO-00285,C3013,2025-01-20,2025-01,Spares,SP-9,4,87.65,350.6,0,CC300,A. Banda,Invoiced,32.79
SO-00286,C3016,2025-03-13,2025-03,Spares,PS-300,193,15.91,3070.63,0,CC310,B. Ncube,Cancelled,24.9
SO-00287,C3002,2025-02-18,2025-02,Spares,PC-10,81,73.17,5482.26,7.5,CC310,B. Ncube,Cancelled,30.68
SO-00288,C3018,2024-11-02,2024-11,Packaging Materials,IC-5,477,137.56,65616.12,0,CC300,T. Makuvaza,Open,20.9
SO-00289,C3008,2025-08-03,2025-08,Packaging Materials,PS-300,188,227.32,39530.95,7.5,CC300,S. Moyo,Open,21.06
SO-00290,C3010,2024-05-04,2024-05,Spares,PS-200,377,275.32,103795.64,0,CC300,B. Ncube,Open,30.57
SO-00291,C3005,2025-06-20,2025-06,Fabricated Steel,IC-5,29,258.14,7111.76,5,CC300,A. Banda,Open,15.96
SO-00292,C3018,2025-09-23,2025-09,Polymer Components,PS-300,403,216.47,87237.41,0,CC300,S. Moyo,Invoiced,41.46
SO-00293,C3004,2025-05-16,2025-05,Polymer Components,PS-100,80,115.3,8993.4,2.5,CC310,T. Makuvaza,Invoiced,15.13
SO-00294,C3015,2025-07-21,2025-07,Polymer Components,PS-100,69,300.87,20760.03,0,CC300,B. Ncube,Open,37.85
SO-00295,C3005,2025-05-11,2025-05,Packaging Materials,PS-100,53,226.05,11082.1,7.5,CC300,B. Ncube,Invoiced,27.06
SO-00296,C3004,2025-08-30,2025-08,Packaging Materials,PS-100,264,230.32,60804.48,0,CC310,A. Banda,Cancelled,27.8
SO-00297,C3001,2024-04-19,2024-04,Fabricated Steel,SP-9,82,247.22,19765.24,2.5,CC300,T. Makuvaza,Invoiced,38.52
SO-00298,C3015,2024-08-08,2024-08,Packaging Materials,IC-5,440,219.79,94289.91,2.5,CC300,S. Moyo,Invoiced,28.58
SO-00299,C3010,2024-05-14,2024-05,Spares,PC-10,137,136.93,16883.47,10,CC300,S. Moyo,Cancelled,12.14
SO-00300,C3014,2024-05-16,2024-05,Packaging Materials,PS-300,47,155.4,7303.8,0,CC300,A. Banda,Invoiced,15.2
SO-00301,C3015,2024-07-05,2024-07,Fabricated Steel,PC-10,63,308.88,18972.95,2.5,CC300,T. Makuvaza,Cancelled,16.88
SO-00302,C3005,2024-07-10,2024-07,Industrial Chemicals,PS-100,10,48.78,439.02,10,CC300,B. Ncube,Open,13.12
SO-00303,C3009,2024-07-24,2024-07,Fabricated Steel,SP-9,362,42.87,15518.94,0,CC300,B. Ncube,Invoiced,11.43
SO-00304,C3005,2024-05-04,2024-05,Fabricated Steel,PC-10,384,263.56,91086.34,10,CC300,A. Banda,Invoiced,19.36
SO-00305,C3015,2024-06-24,2024-06,Packaging Materials,IC-5,305,83.03,22791.74,10,CC300,B. Ncube,Invoiced,18.65
SO-00306,C3002,2024-04-19,2024-04,Spares,PC-10,23,144.1,3314.3,0,CC310,S. Moyo,Open,40.56
SO-00307,C3006,2025-05-14,2025-05,Industrial Chemicals,PC-20,375,52.05,17566.88,10,CC300,T. Makuvaza,Invoiced,11.5
SO-00308,C3017,2024-01-11,2024-01,Service Contract,PS-300,390,171.35,61814.51,7.5,CC300,T. Makuvaza,Cancelled,39.09
SO-00309,C3003,2024-12-08,2024-12,Spares,PS-300,182,258.35,39966.75,15,CC310,B. Ncube,Invoiced,41.9
SO-00310,C3003,2024-02-18,2024-02,Packaging Materials,PS-300,214,231.19,42053.46,15,CC310,A. Banda,Open,20.02
SO-00311,C3011,2024-07-10,2024-07,Service Contract,PS-100,350,159.88,55958.0,0,CC300,B. Ncube,Invoiced,27.71
SO-00312,C3003,2024-10-05,2024-10,Packaging Materials,PS-300,161,100.29,13724.69,15,CC310,B. Ncube,Invoiced,17.68
SO-00313,C3017,2025-07-15,2025-07,Spares,PS-100,383,318.06,118771.56,2.5,CC300,A. Banda,Invoiced,20.31
SO-00314,C3008,2024-12-23,2024-12,Service Contract,PS-300,443,35.43,14125.94,10,CC300,T. Makuvaza,Cancelled,28.03
SO-00315,C3009,2025-06-24,2025-06,Industrial Chemicals,PS-200,304,156.28,42758.21,10,CC300,S. Moyo,Invoiced,33.44
SO-00316,C3008,2025-06-11,2025-06,Polymer Components,PS-100,332,175.88,58392.16,0,CC300,A. Banda,Cancelled,22.49
SO-00317,C3002,2024-04-22,2024-04,Service Contract,IC-5,222,235.79,47110.84,10,CC310,S. Moyo,Open,35.18
SO-00318,C3004,2025-02-16,2025-02,Polymer Components,PS-200,76,66.4,4541.76,10,CC310,S. Moyo,Invoiced,30.99
SO-00319,C3004,2025-05-23,2025-05,Spares,PS-200,256,148.08,36013.06,5,CC310,B. Ncube,Invoiced,10.17
SO-00320,C3008,2024-10-13,2024-10,Packaging Materials,PC-10,63,157.78,9443.13,5,CC300,B. Ncube,Invoiced,16.41
SO-00321,C3012,2024-09-10,2024-09,Service Contract,IC-5,66,143.5,8050.35,15,CC300,S. Moyo,Invoiced,14.25
SO-00322,C3002,2024-07-31,2024-07,Spares,PC-10,179,79.54,12102.01,15,CC310,S. Moyo,Invoiced,8.39
SO-00323,C3014,2024-02-17,2024-02,Polymer Components,PC-10,237,301.05,69565.13,2.5,CC300,S. Moyo,Invoiced,23.91
SO-00324,C3011,2024-02-13,2024-02,Spares,PS-300,136,53.43,7266.48,0,CC300,S. Moyo,Invoiced,28.45
SO-00325,C3012,2025-04-15,2025-04,Service Contract,PS-100,108,249.56,25604.86,5,CC300,B. Ncube,Cancelled,13.55
SO-00326,C3013,2024-05-02,2024-05,Spares,PC-10,292,242.82,63813.1,10,CC300,S. Moyo,Invoiced,12.28
SO-00327,C3016,2024-02-29,2024-02,Packaging Materials,IC-5,416,242.26,100780.16,0,CC310,B. Ncube,Invoiced,25.15
SO-00328,C3008,2024-02-02,2024-02,Fabricated Steel,PC-20,454,295.67,127522.47,5,CC300,S. Moyo,Invoiced,17.68
SO-00329,C3016,2025-07-08,2025-07,Service Contract,IC-5,321,191.1,56742.37,7.5,CC310,S. Moyo,Invoiced,20.5
SO-00330,C3012,2025-07-07,2025-07,Fabricated Steel,PS-100,130,26.12,3395.6,0,CC300,S. Moyo,Cancelled,39.69
SO-00331,C3004,2024-02-21,2024-02,Spares,PC-10,63,29.3,1845.9,0,CC310,T. Makuvaza,Invoiced,18.38
SO-00332,C3013,2024-08-24,2024-08,Spares,SP-9,394,146.14,56139.68,2.5,CC300,T. Makuvaza,Invoiced,26.19
SO-00333,C3013,2024-08-22,2024-08,Spares,PC-10,373,251.1,93660.3,0,CC300,S. Moyo,Open,14.73
SO-00334,C3002,2025-01-02,2025-01,Polymer Components,SP-9,53,94.0,4732.9,5,CC310,A. Banda,Invoiced,10.94
SO-00335,C3015,2024-07-10,2024-07,Polymer Components,IC-5,152,222.48,30435.26,10,CC300,S. Moyo,Invoiced,32.65
SO-00336,C3017,2025-02-15,2025-02,Spares,PS-300,269,23.37,6286.53,0,CC300,A. Banda,Invoiced,30.47
SO-00337,C3002,2025-03-16,2025-03,Industrial Chemicals,PS-100,1,69.67,69.67,0,CC310,T. Makuvaza,Invoiced,20.34
SO-00338,C3017,2024-09-18,2024-09,Fabricated Steel,PC-20,29,12.75,360.51,2.5,CC300,S. Moyo,Invoiced,14.49
SO-00339,C3015,2024-07-21,2024-07,Polymer Components,SP-9,321,22.81,7322.01,0,CC300,S. Moyo,Invoiced,11.99
SO-00340,C3008,2024-11-22,2024-11,Industrial Chemicals,PS-200,110,163.0,15240.5,15,CC300,B. Ncube,Invoiced,40.4
SO-00341,C3005,2025-07-16,2025-07,Packaging Materials,PS-300,70,206.07,14424.9,0,CC300,T. Makuvaza,Open,26.07
SO-00342,C3011,2024-02-12,2024-02,Service Contract,PC-10,153,273.14,37611.38,10,CC300,T. Makuvaza,Invoiced,11.47
SO-00343,C3009,2025-01-04,2025-01,Spares,PS-200,411,156.65,54725.68,15,CC300,B. Ncube,Cancelled,9.59
SO-00344,C3009,2025-01-17,2025-01,Packaging Materials,PS-200,322,98.52,30137.27,5,CC300,A. Banda,Cancelled,12.01
SO-00345,C3017,2025-08-31,2025-08,Packaging Materials,PS-300,225,194.33,42631.14,2.5,CC300,B. Ncube,Invoiced,31.1
SO-00346,C3004,2025-03-20,2025-03,Packaging Materials,PC-10,320,157.04,47740.16,5,CC310,B. Ncube,Open,24.52
SO-00347,C3005,2025-04-03,2025-04,Polymer Components,PS-200,252,203.95,51395.4,0,CC300,A. Banda,Invoiced,26.71
SO-00348,C3014,2025-03-03,2025-03,Polymer Components,PS-200,183,156.99,28729.17,0,CC300,B. Ncube,Cancelled,41.36
SO-00349,C3009,2025-04-21,2025-04,Spares,PS-100,342,94.89,30829.76,5,CC300,B. Ncube,Invoiced,33.45
SO-00350,C3007,2025-06-25,2025-06,Spares,SP-9,94,74.96,6693.93,5,CC300,T. Makuvaza,Invoiced,28.98
SO-00351,C3016,2024-05-21,2024-05,Fabricated Steel,IC-5,92,225.29,17617.68,15,CC310,A. Banda,Invoiced,40.22
SO-00352,C3010,2024-10-23,2024-10,Industrial Chemicals,PS-100,39,222.47,8459.42,2.5,CC300,B. Ncube,Invoiced,34.55
SO-00353,C3009,2024-10-21,2024-10,Packaging Materials,SP-9,49,146.05,7156.45,0,CC300,B. Ncube,Invoiced,40.94
SO-00354,C3004,2024-09-17,2024-09,Polymer Components,PC-20,263,275.44,72440.72,0,CC310,B. Ncube,Invoiced,16.43
SO-00355,C3012,2024-07-27,2024-07,Fabricated Steel,PC-20,320,13.73,4064.08,7.5,CC300,B. Ncube,Invoiced,9.6
SO-00356,C3012,2024-03-20,2024-03,Service Contract,SP-9,303,230.39,69808.17,0,CC300,T. Makuvaza,Invoiced,22.03
SO-00357,C3018,2024-03-10,2024-03,Service Contract,PS-100,88,120.2,9784.28,7.5,CC300,T. Makuvaza,Invoiced,14.02
SO-00358,C3006,2024-09-25,2024-09,Polymer Components,IC-5,183,293.62,53732.46,0,CC300,B. Ncube,Open,20.45
SO-00359,C3006,2024-09-17,2024-09,Service Contract,IC-5,238,261.11,59036.97,5,CC300,T. Makuvaza,Invoiced,21.22
SO-00360,C3018,2024-12-23,2024-12,Service Contract,PS-100,456,255.01,116284.56,0,CC300,A. Banda,Invoiced,11.43
SO-00361,C3013,2025-05-20,2025-05,Fabricated Steel,PS-100,97,185.31,17975.07,0,CC300,A. Banda,Invoiced,40.87
SO-00362,C3006,2024-02-14,2024-02,Packaging Materials,PS-200,375,265.11,89474.62,10,CC300,T. Makuvaza,Cancelled,38.22
SO-00363,C3007,2025-03-14,2025-03,Industrial Chemicals,SP-9,58,223.81,11682.88,10,CC300,T. Makuvaza,Invoiced,14.26
SO-00364,C3001,2024-09-25,2024-09,Spares,PS-100,41,174.35,7148.35,0,CC300,B. Ncube,Invoiced,15.7
SO-00365,C3012,2024-07-02,2024-07,Industrial Chemicals,PC-10,23,151.96,3495.08,0,CC300,S. Moyo,Invoiced,19.74
SO-00366,C3010,2024-05-16,2024-05,Spares,PC-10,328,66.46,20163.96,7.5,CC300,A. Banda,Invoiced,29.01
SO-00367,C3013,2024-11-21,2024-11,Spares,PS-100,244,192.82,42343.27,10,CC300,A. Banda,Invoiced,12.2
SO-00368,C3002,2025-01-07,2025-01,Industrial Chemicals,PS-200,373,54.04,18141.23,10,CC310,T. Makuvaza,Invoiced,14.79
SO-00369,C3014,2024-01-07,2024-01,Packaging Materials,SP-9,213,20.01,4155.58,2.5,CC300,B. Ncube,Invoiced,36.45
SO-00370,C3007,2024-04-30,2024-04,Service Contract,SP-9,188,142.97,22846.61,15,CC300,S. Moyo,Invoiced,31.38
SO-00371,C3007,2025-05-08,2025-05,Spares,PS-100,181,189.19,29106.88,15,CC300,A. Banda,Invoiced,16.28
SO-00372,C3008,2024-06-12,2024-06,Industrial Chemicals,PS-200,339,112.94,36372.33,5,CC300,A. Banda,Open,14.16
SO-00373,C3004,2024-07-10,2024-07,Packaging Materials,PS-100,164,51.73,8483.72,0,CC310,B. Ncube,Invoiced,21.52
SO-00374,C3003,2024-05-12,2024-05,Service Contract,PS-300,171,29.95,5121.45,0,CC310,A. Banda,Invoiced,29.74
SO-00375,C3011,2024-06-10,2024-06,Spares,PS-300,271,200.93,51729.43,5,CC300,A. Banda,Invoiced,41.96
SO-00376,C3018,2024-02-27,2024-02,Spares,PC-20,170,258.93,41817.19,5,CC300,S. Moyo,Open,14.19
SO-00377,C3010,2024-07-01,2024-07,Fabricated Steel,PS-300,286,293.21,77568.71,7.5,CC300,S. Moyo,Invoiced,27.01
SO-00378,C3008,2024-07-25,2024-07,Spares,PS-200,79,284.96,21386.25,5,CC300,S. Moyo,Invoiced,40.23
SO-00379,C3016,2025-08-14,2025-08,Polymer Components,PC-10,136,27.03,3676.08,0,CC310,B. Ncube,Invoiced,37.89
SO-00380,C3005,2025-01-18,2025-01,Service Contract,PS-100,138,299.08,40241.21,2.5,CC300,B. Ncube,Invoiced,15.42
SO-00381,C3018,2024-09-13,2024-09,Polymer Components,SP-9,428,64.4,27563.2,0,CC300,T. Makuvaza,Invoiced,9.37
SO-00382,C3005,2024-06-01,2024-06,Fabricated Steel,PS-300,397,144.95,57545.15,0,CC300,S. Moyo,Invoiced,37.29
SO-00383,C3017,2024-01-10,2024-01,Industrial Chemicals,PS-200,281,110.35,31008.35,0,CC300,T. Makuvaza,Invoiced,38.25
SO-00384,C3013,2025-01-29,2025-01,Industrial Chemicals,PC-10,89,48.34,4302.26,0,CC300,S. Moyo,Invoiced,37.74
SO-00385,C3003,2025-08-29,2025-08,Industrial Chemicals,PS-300,117,254.68,28307.68,5,CC310,T. Makuvaza,Invoiced,32.5
SO-00386,C3018,2025-09-30,2025-09,Service Contract,PS-300,53,97.42,4388.77,15,CC300,B. Ncube,Invoiced,35.71
SO-00387,C3008,2024-04-16,2024-04,Polymer Components,PC-20,108,211.27,22817.16,0,CC300,S. Moyo,Open,31.9
SO-00388,C3018,2024-11-24,2024-11,Polymer Components,PS-100,71,47.66,2876.28,15,CC300,A. Banda,Invoiced,13.6
SO-00389,C3017,2025-05-27,2025-05,Fabricated Steel,PC-20,414,117.61,46256.01,5,CC300,B. Ncube,Open,16.97
SO-00390,C3004,2024-04-23,2024-04,Spares,PC-10,448,219.62,88550.78,10,CC310,A. Banda,Invoiced,9.31
SO-00391,C3012,2025-01-20,2025-01,Packaging Materials,PC-10,70,249.41,16585.76,5,CC300,B. Ncube,Invoiced,34.33
SO-00392,C3017,2024-09-14,2024-09,Fabricated Steel,PC-10,403,209.9,76130.73,10,CC300,T. Makuvaza,Invoiced,27.07
SO-00393,C3002,2024-05-28,2024-05,Fabricated Steel,PC-20,110,109.27,12019.7,0,CC310,A. Banda,Invoiced,10.23
SO-00394,C3001,2024-06-05,2024-06,Packaging Materials,SP-9,442,120.9,49429.97,7.5,CC300,B. Ncube,Cancelled,20.61
SO-00395,C3009,2024-01-05,2024-01,Service Contract,PS-300,424,24.1,9452.02,7.5,CC300,S. Moyo,Open,16.67
SO-00396,C3005,2024-10-29,2024-10,Fabricated Steel,PS-300,467,115.03,49690.08,7.5,CC300,S. Moyo,Cancelled,35.85
SO-00397,C3017,2025-09-01,2025-09,Spares,SP-9,148,105.86,13317.19,15,CC300,T. Makuvaza,Open,12.87
SO-00398,C3011,2025-02-04,2025-02,Spares,PC-20,162,267.27,43297.74,0,CC300,S. Moyo,Invoiced,22.8
SO-00399,C3014,2025-06-05,2025-06,Fabricated Steel,PS-300,183,242.91,41118.59,7.5,CC300,T. Makuvaza,Cancelled,25.93
SO-00400,C3002,2025-09-03,2025-09,Packaging Materials,PC-10,465,62.05,28131.92,2.5,CC310,T. Makuvaza,Invoiced,26.34
SO-00401,C3015,2024-08-07,2024-08,Industrial Chemicals,PS-200,299,155.32,46440.68,0,CC300,S. Moyo,Cancelled,34.52
SO-00402,C3010,2024-09-20,2024-09,Service Contract,PS-100,371,147.59,53386.99,2.5,CC300,T. Makuvaza,Invoiced,30.07
SO-00403,C3018,2024-02-05,2024-02,Service Contract,PS-100,383,89.43,34251.69,0,CC300,T. Makuvaza,Cancelled,17.0
SO-00404,C3010,2024-09-30,2024-09,Spares,IC-5,346,256.79,88849.34,0,CC300,S. Moyo,Invoiced,30.11
SO-00405,C3017,2025-05-18,2025-05,Spares,PS-300,272,121.27,28037.62,15,CC300,A. Banda,Cancelled,39.71
SO-00406,C3006,2024-05-19,2024-05,Industrial Chemicals,PS-100,372,264.14,95803.58,2.5,CC300,A. Banda,Cancelled,22.9
SO-00407,C3002,2025-08-09,2025-08,Industrial Chemicals,IC-5,293,187.33,54887.69,0,CC310,A. Banda,Invoiced,14.52
SO-00408,C3003,2025-02-17,2025-02,Industrial Chemicals,PS-200,86,229.36,18738.71,5,CC310,A. Banda,Cancelled,10.01
SO-00409,C3009,2024-07-10,2024-07,Packaging Materials,PS-200,23,157.25,3435.91,5,CC300,T. Makuvaza,Cancelled,16.88
SO-00410,C3012,2024-09-06,2024-09,Spares,PS-300,167,254.49,42499.83,0,CC300,S. Moyo,Cancelled,39.8
SO-00411,C3008,2025-08-21,2025-08,Polymer Components,PC-10,261,225.62,58886.82,0,CC300,S. Moyo,Open,36.64
SO-00412,C3006,2025-01-15,2025-01,Packaging Materials,PC-10,138,259.16,34869.98,2.5,CC300,T. Makuvaza,Open,10.93
SO-00413,C3008,2025-05-10,2025-05,Service Contract,SP-9,148,130.03,18763.33,2.5,CC300,S. Moyo,Cancelled,35.97
SO-00414,C3008,2025-09-04,2025-09,Industrial Chemicals,PS-300,205,292.44,53955.18,10,CC300,S. Moyo,Open,41.22
SO-00415,C3008,2024-01-23,2024-01,Fabricated Steel,PS-200,462,248.87,114977.94,0,CC300,A. Banda,Open,15.57
SO-00416,C3014,2024-08-28,2024-08,Industrial Chemicals,IC-5,337,152.11,47416.49,7.5,CC300,B. Ncube,Invoiced,16.22
SO-00417,C3012,2025-08-06,2025-08,Polymer Components,PS-100,195,107.22,19339.81,7.5,CC300,B. Ncube,Open,27.66
SO-00418,C3008,2024-12-13,2024-12,Polymer Components,IC-5,173,163.24,27534.51,2.5,CC300,S. Moyo,Invoiced,40.75
SO-00419,C3006,2024-06-29,2024-06,Service Contract,PS-100,34,130.26,4096.68,7.5,CC300,S. Moyo,Invoiced,24.08
SO-00420,C3001,2025-05-14,2025-05,Packaging Materials,PC-10,442,253.24,95142.27,15,CC300,A. Banda,Invoiced,9.93
SO-00421,C3018,2024-12-15,2024-12,Fabricated Steel,IC-5,246,188.92,46474.32,0,CC300,T. Makuvaza,Open,34.09
SO-00422,C3005,2024-01-22,2024-01,Polymer Components,PS-200,221,186.23,41156.83,0,CC300,A. Banda,Invoiced,40.63
SO-00423,C3017,2025-09-15,2025-09,Industrial Chemicals,PC-10,238,136.21,30797.08,5,CC300,B. Ncube,Open,15.52
SO-00424,C3004,2024-08-11,2024-08,Industrial Chemicals,PS-100,219,290.99,63726.81,0,CC310,A. Banda,Invoiced,40.07
SO-00425,C3006,2025-03-13,2025-03,Polymer Components,PC-20,342,58.84,17104.79,15,CC300,B. Ncube,Invoiced,16.39
SO-00426,C3014,2024-10-05,2024-10,Service Contract,PC-20,363,175.35,60469.45,5,CC300,A. Banda,Cancelled,31.89
SO-00427,C3005,2024-09-09,2024-09,Service Contract,PC-20,236,279.67,64352.07,2.5,CC300,S. Moyo,Invoiced,26.79
SO-00428,C3003,2024-01-02,2024-01,Industrial Chemicals,PS-100,318,42.14,13400.52,0,CC310,S. Moyo,Open,31.4
SO-00429,C3012,2025-06-19,2025-06,Service Contract,PS-300,181,37.64,5790.91,15,CC300,B. Ncube,Cancelled,26.06
SO-00430,C3004,2024-06-27,2024-06,Spares,IC-5,127,200.93,25518.11,0,CC310,T. Makuvaza,Invoiced,23.98
SO-00431,C3014,2025-07-16,2025-07,Polymer Components,PS-100,179,143.55,23768.29,7.5,CC300,S. Moyo,Open,31.6
SO-00432,C3008,2025-03-25,2025-03,Fabricated Steel,SP-9,83,83.23,6562.69,5,CC300,B. Ncube,Invoiced,11.61
SO-00433,C3006,2025-09-01,2025-09,Polymer Components,PS-300,90,21.57,1747.17,10,CC300,T. Makuvaza,Invoiced,22.72
SO-00434,C3003,2024-03-02,2024-03,Industrial Chemicals,PC-20,248,240.64,56694.78,5,CC310,S. Moyo,Cancelled,11.36
SO-00435,C3001,2024-11-17,2024-11,Fabricated Steel,PC-10,405,91.32,36984.6,0,CC300,S. Moyo,Invoiced,26.43
SO-00436,C3013,2025-06-19,2025-06,Polymer Components,PC-20,351,81.82,25846.94,10,CC300,S. Moyo,Cancelled,31.18
SO-00437,C3018,2024-08-27,2024-08,Fabricated Steel,PC-20,71,48.7,3198.37,7.5,CC300,T. Makuvaza,Invoiced,22.35
SO-00438,C3007,2025-05-02,2025-05,Spares,PS-300,303,312.0,94536.0,0,CC300,T. Makuvaza,Open,27.8
SO-00439,C3002,2024-09-05,2024-09,Spares,IC-5,190,189.21,35051.15,2.5,CC310,S. Moyo,Invoiced,24.46
SO-00440,C3006,2024-06-23,2024-06,Packaging Materials,PS-100,208,243.83,50716.64,0,CC300,B. Ncube,Invoiced,13.74
SO-00441,C3010,2025-08-14,2025-08,Polymer Components,PC-20,124,266.08,32169.07,2.5,CC300,B. Ncube,Open,25.05
SO-00442,C3007,2024-07-17,2024-07,Polymer Components,PS-100,53,70.11,3437.14,7.5,CC300,T. Makuvaza,Invoiced,35.9
SO-00443,C3007,2024-07-31,2024-07,Service Contract,IC-5,229,217.34,48526.59,2.5,CC300,S. Moyo,Invoiced,16.57
SO-00444,C3018,2025-05-30,2025-05,Spares,PS-100,393,88.84,33168.41,5,CC300,S. Moyo,Invoiced,34.02
SO-00445,C3013,2024-12-22,2024-12,Packaging Materials,PS-100,470,54.46,24316.39,5,CC300,T. Makuvaza,Invoiced,27.29
SO-00446,C3018,2024-07-19,2024-07,Service Contract,SP-9,94,53.44,5023.36,0,CC300,T. Makuvaza,Cancelled,30.16
SO-00447,C3004,2024-04-24,2024-04,Industrial Chemicals,PS-300,102,243.31,22335.86,10,CC310,T. Makuvaza,Invoiced,20.47
SO-00448,C3004,2024-09-21,2024-09,Service Contract,PS-200,434,243.56,103062.41,2.5,CC310,A. Banda,Cancelled,31.09
SO-00449,C3014,2025-02-17,2025-02,Packaging Materials,PS-100,241,60.14,14131.4,2.5,CC300,B. Ncube,Invoiced,35.18
SO-00450,C3018,2024-03-25,2024-03,Fabricated Steel,PS-200,187,214.79,37153.3,7.5,CC300,B. Ncube,Open,30.66
SO-00451,C3007,2024-09-08,2024-09,Packaging Materials,SP-9,27,269.56,7278.12,0,CC300,A. Banda,Invoiced,37.39
SO-00452,C3012,2025-01-31,2025-01,Polymer Components,PS-300,122,209.72,25585.84,0,CC300,T. Makuvaza,Cancelled,17.36
SO-00453,C3009,2024-11-26,2024-11,Service Contract,PC-20,1,101.0,85.85,15,CC300,S. Moyo,Cancelled,33.08
SO-00454,C3017,2025-06-23,2025-06,Packaging Materials,SP-9,446,301.65,131172.5,2.5,CC300,A. Banda,Invoiced,39.84
SO-00455,C3015,2025-08-27,2025-08,Spares,PC-20,155,121.07,17358.41,7.5,CC300,B. Ncube,Cancelled,15.59
SO-00456,C3005,2024-03-20,2024-03,Polymer Components,PS-100,280,267.29,74841.2,0,CC300,A. Banda,Invoiced,25.55
SO-00457,C3005,2025-03-08,2025-03,Polymer Components,SP-9,163,200.07,32611.41,0,CC300,T. Makuvaza,Invoiced,26.93
SO-00458,C3004,2025-07-13,2025-07,Industrial Chemicals,PC-20,32,233.45,7470.4,0,CC310,A. Banda,Invoiced,17.94
SO-00459,C3001,2024-01-05,2024-01,Fabricated Steel,SP-9,283,52.18,14766.94,0,CC300,T. Makuvaza,Invoiced,9.54
SO-00460,C3018,2024-05-04,2024-05,Service Contract,PS-200,388,305.33,118468.04,0,CC300,T. Makuvaza,Invoiced,20.25
SO-00461,C3006,2025-07-15,2025-07,Fabricated Steel,PC-10,456,174.91,79758.96,0,CC300,T. Makuvaza,Invoiced,8.08
SO-00462,C3002,2024-05-01,2024-05,Spares,PS-100,97,153.43,14882.71,0,CC310,A. Banda,Open,24.81
SO-00463,C3002,2025-09-23,2025-09,Industrial Chemicals,IC-5,145,295.91,36470.91,15,CC310,B. Ncube,Invoiced,30.38
SO-00464,C3018,2024-03-31,2024-03,Fabricated Steel,PC-10,177,198.93,29929.02,15,CC300,T. Makuvaza,Open,30.96
SO-00465,C3015,2024-07-31,2024-07,Polymer Components,PS-200,382,120.4,43693.16,5,CC300,T. Makuvaza,Invoiced,15.62
SO-00466,C3009,2025-08-04,2025-08,Service Contract,PS-100,441,150.14,61245.86,7.5,CC300,T. Makuvaza,Invoiced,39.64
SO-00467,C3003,2024-06-21,2024-06,Service Contract,IC-5,385,216.63,83402.55,0,CC310,S. Moyo,Cancelled,10.69
SO-00468,C3004,2025-08-20,2025-08,Packaging Materials,IC-5,395,245.98,94733.05,2.5,CC310,A. Banda,Invoiced,27.78
SO-00469,C3012,2024-06-02,2024-06,Industrial Chemicals,PS-100,301,200.16,60248.16,0,CC300,A. Banda,Invoiced,40.55
SO-00470,C3011,2024-11-10,2024-11,Spares,IC-5,349,189.1,59396.31,10,CC300,B. Ncube,Invoiced,17.63
SO-00471,C3018,2024-02-06,2024-02,Packaging Materials,PS-100,388,98.37,36259.18,5,CC300,A. Banda,Cancelled,26.57
SO-00472,C3017,2024-10-20,2024-10,Polymer Components,PC-10,430,259.27,100337.49,10,CC300,A. Banda,Cancelled,21.24
SO-00473,C3013,2024-02-23,2024-02,Industrial Chemicals,PS-200,173,217.1,37558.3,0,CC300,B. Ncube,Invoiced,33.06
SO-00474,C3006,2024-09-24,2024-09,Polymer Components,IC-5,326,315.0,102690.0,0,CC300,B. Ncube,Invoiced,26.84
SO-00475,C3001,2024-03-12,2024-03,Industrial Chemicals,PS-200,75,259.98,19011.04,2.5,CC300,T. Makuvaza,Invoiced,13.84
SO-00476,C3011,2024-12-08,2024-12,Industrial Chemicals,SP-9,134,118.15,15832.1,0,CC300,T. Makuvaza,Invoiced,14.14
SO-00477,C3011,2024-03-02,2024-03,Packaging Materials,IC-5,237,136.29,27455.62,15,CC300,S. Moyo,Invoiced,20.11
SO-00478,C3010,2024-06-25,2024-06,Spares,PS-200,451,254.83,106308.71,7.5,CC300,T. Makuvaza,Invoiced,31.25
SO-00479,C3005,2024-05-02,2024-05,Service Contract,SP-9,121,203.45,24617.45,0,CC300,T. Makuvaza,Invoiced,33.28
SO-00480,C3009,2024-04-01,2024-04,Polymer Components,PS-100,304,32.82,8480.69,15,CC300,A. Banda,Invoiced,27.08
SO-00481,C3008,2025-09-11,2025-09,Spares,PC-20,374,240.53,83211.35,7.5,CC300,T. Makuvaza,Open,40.69
SO-00482,C3018,2024-10-08,2024-10,Packaging Materials,PS-300,201,308.91,62090.91,0,CC300,T. Makuvaza,Invoiced,14.07
SO-00483,C3018,2024-12-25,2024-12,Service Contract,PS-100,3,181.43,489.86,10,CC300,B. Ncube,Cancelled,12.37
SO-00484,C3018,2024-11-10,2024-11,Industrial Chemicals,SP-9,450,92.2,37341.0,10,CC300,S. Moyo,Invoiced,34.56
SO-00485,C3016,2024-01-02,2024-01,Fabricated Steel,PC-20,428,118.88,50880.64,0,CC310,T. Makuvaza,Cancelled,25.13
SO-00486,C3011,2025-07-21,2025-07,Service Contract,SP-9,413,168.79,66224.76,5,CC300,T. Makuvaza,Invoiced,37.92
SO-00487,C3017,2025-01-02,2025-01,Packaging Materials,PC-10,436,63.68,24988.03,10,CC300,B. Ncube,Invoiced,10.39
SO-00488,C3013,2024-11-15,2024-11,Polymer Components,IC-5,87,29.88,2599.56,0,CC300,A. Banda,Open,19.72
SO-00489,C3013,2024-11-24,2024-11,Service Contract,PC-10,313,12.14,3799.82,0,CC300,B. Ncube,Invoiced,8.3
SO-00490,C3011,2025-08-05,2025-08,Polymer Components,IC-5,225,16.17,3638.25,0,CC300,A. Banda,Invoiced,18.24
SO-00491,C3011,2024-07-23,2024-07,Fabricated Steel,PC-10,187,220.7,40239.13,2.5,CC300,A. Banda,Cancelled,20.72
SO-00492,C3011,2024-10-27,2024-10,Service Contract,SP-9,332,234.12,77727.84,0,CC300,S. Moyo,Open,33.78
SO-00493,C3006,2025-08-11,2025-08,Service Contract,PS-200,403,199.67,78455.33,2.5,CC300,A. Banda,Cancelled,18.99
SO-00494,C3017,2024-07-14,2024-07,Spares,PC-10,283,203.27,53211.0,7.5,CC300,T. Makuvaza,Invoiced,36.99
SO-00495,C3014,2024-04-26,2024-04,Polymer Components,PS-200,76,311.71,21320.96,10,CC300,B. Ncube,Invoiced,31.76
SO-00496,C3006,2025-01-19,2025-01,Spares,PS-100,250,204.14,51035.0,0,CC300,S. Moyo,Invoiced,17.38
SO-00497,C3002,2025-03-23,2025-03,Fabricated Steel,PS-300,51,15.63,677.56,15,CC310,A. Banda,Invoiced,30.51
SO-00498,C3014,2025-08-07,2025-08,Spares,IC-5,80,113.73,8643.48,5,CC300,B. Ncube,Open,31.61
SO-00499,C3005,2025-01-10,2025-01,Fabricated Steel,PC-10,234,303.44,71004.96,0,CC300,T. Makuvaza,Invoiced,37.38
SO-00500,C3009,2025-04-02,2025-04,Service Contract,PC-10,418,154.29,54819.24,15,CC300,T. Makuvaza,Open,25.8
SO-00501,C3007,2025-03-25,2025-03,Service Contract,SP-9,358,76.03,23135.93,15,CC300,A. Banda,Cancelled,38.86
SO-00502,C3003,2024-08-18,2024-08,Industrial Chemicals,IC-5,85,129.22,10983.7,0,CC310,S. Moyo,Open,21.17
SO-00503,C3006,2025-03-24,2025-03,Polymer Components,PS-300,265,303.44,68349.86,15,CC300,B. Ncube,Open,22.14
SO-00504,C3013,2025-04-11,2025-04,Industrial Chemicals,PC-20,209,193.9,40525.1,0,CC300,S. Moyo,Open,36.73
SO-00505,C3018,2025-01-05,2025-01,Service Contract,PC-20,69,140.34,9683.46,0,CC300,B. Ncube,Invoiced,23.81
SO-00506,C3002,2024-10-26,2024-10,Packaging Materials,IC-5,181,135.4,23894.72,2.5,CC310,S. Moyo,Invoiced,39.87
SO-00507,C3012,2024-04-17,2024-04,Fabricated Steel,PC-20,386,159.11,61416.46,0,CC300,S. Moyo,Cancelled,16.94
SO-00508,C3015,2024-05-15,2024-05,Packaging Materials,PS-300,62,113.99,6360.64,10,CC300,A. Banda,Invoiced,22.15
SO-00509,C3003,2024-12-19,2024-12,Packaging Materials,PS-300,336,289.94,87677.86,10,CC310,T. Makuvaza,Invoiced,26.07
SO-00510,C3004,2024-04-07,2024-04,Service Contract,PS-100,307,36.15,9433.34,15,CC310,A. Banda,Invoiced,22.29
SO-00511,C3008,2025-04-23,2025-04,Fabricated Steel,PS-100,368,37.58,13829.44,0,CC300,S. Moyo,Cancelled,41.92
SO-00512,C3016,2024-12-08,2024-12,Polymer Components,PS-300,310,194.23,57200.73,5,CC310,B. Ncube,Open,30.52
SO-00513,C3001,2024-06-06,2024-06,Fabricated Steel,PS-200,370,188.96,68167.32,2.5,CC300,S. Moyo,Cancelled,18.37
SO-00514,C3003,2024-11-06,2024-11,Packaging Materials,PS-300,399,82.86,30581.55,7.5,CC310,B. Ncube,Cancelled,31.43
SO-00515,C3017,2024-08-29,2024-08,Service Contract,PS-100,121,227.09,23356.21,15,CC300,A. Banda,Invoiced,8.36
SO-00516,C3006,2025-08-26,2025-08,Service Contract,PC-20,175,304.89,48020.18,10,CC300,A. Banda,Invoiced,33.97
SO-00517,C3017,2024-08-03,2024-08,Industrial Chemicals,SP-9,164,267.43,40569.13,7.5,CC300,T. Makuvaza,Invoiced,22.37
SO-00518,C3006,2024-06-13,2024-06,Fabricated Steel,PC-10,48,147.37,6720.07,5,CC300,T. Makuvaza,Cancelled,33.11
SO-00519,C3005,2024-08-22,2024-08,Packaging Materials,PS-100,5,169.42,762.39,10,CC300,T. Makuvaza,Open,40.39
SO-00520,C3013,2025-08-31,2025-08,Packaging Materials,SP-9,311,284.34,88429.74,0,CC300,B. Ncube,Invoiced,21.82
SO-00521,C3008,2025-04-28,2025-04,Industrial Chemicals,PC-20,112,247.62,26346.77,5,CC300,S. Moyo,Invoiced,15.49
SO-00522,C3001,2024-05-29,2024-05,Packaging Materials,PS-200,187,318.72,50660.54,15,CC300,B. Ncube,Invoiced,31.52
SO-00523,C3013,2024-01-01,2024-01,Polymer Components,PS-100,268,108.95,29198.6,0,CC300,T. Makuvaza,Open,41.89
SO-00524,C3005,2025-04-21,2025-04,Service Contract,PC-10,66,192.27,12055.33,5,CC300,A. Banda,Cancelled,26.13
SO-00525,C3002,2024-10-24,2024-10,Spares,SP-9,67,259.71,15660.51,10,CC310,A. Banda,Cancelled,35.31
SO-00526,C3017,2024-07-12,2024-07,Polymer Components,PS-200,224,237.92,50629.38,5,CC300,A. Banda,Invoiced,38.62
SO-00527,C3015,2025-05-08,2025-05,Packaging Materials,PS-200,287,249.21,69735.19,2.5,CC300,T. Makuvaza,Invoiced,34.75
SO-00528,C3007,2024-03-29,2024-03,Spares,PC-20,441,221.04,95041.67,2.5,CC300,B. Ncube,Cancelled,35.35
SO-00529,C3010,2025-03-21,2025-03,Spares,PS-100,329,186.74,58365.59,5,CC300,T. Makuvaza,Invoiced,10.53
SO-00530,C3017,2024-03-25,2024-03,Industrial Chemicals,IC-5,114,185.34,20600.54,2.5,CC300,T. Makuvaza,Open,35.55
SO-00531,C3011,2024-02-25,2024-02,Packaging Materials,PC-20,41,50.61,2075.01,0,CC300,A. Banda,Open,21.39
SO-00532,C3016,2025-03-01,2025-03,Polymer Components,PS-200,269,35.77,9622.13,0,CC310,B. Ncube,Invoiced,29.91
SO-00533,C3011,2025-08-22,2025-08,Fabricated Steel,PS-100,264,74.36,18649.49,5,CC300,T. Makuvaza,Open,41.05
SO-00534,C3016,2025-06-28,2025-06,Industrial Chemicals,PS-300,365,173.02,56837.07,10,CC310,T. Makuvaza,Open,13.01
SO-00535,C3013,2024-02-07,2024-02,Spares,PS-200,266,30.57,8131.62,0,CC300,S. Moyo,Open,40.16
SO-00536,C3015,2025-06-25,2025-06,Service Contract,PS-300,119,15.81,1693.25,10,CC300,T. Makuvaza,Cancelled,14.31
SO-00537,C3012,2025-04-15,2025-04,Polymer Components,PS-200,200,299.76,53956.8,10,CC300,A. Banda,Invoiced,41.07
SO-00538,C3013,2025-01-27,2025-01,Fabricated Steel,PS-300,462,228.59,100328.15,5,CC300,T. Makuvaza,Invoiced,24.22
SO-00539,C3011,2024-12-21,2024-12,Service Contract,PS-300,324,111.16,33314.65,7.5,CC300,B. Ncube,Invoiced,11.59
SO-00540,C3004,2025-04-22,2025-04,Polymer Components,PC-20,404,194.45,78557.8,0,CC310,T. Makuvaza,Invoiced,16.69
SO-00541,C3009,2024-02-09,2024-02,Fabricated Steel,PS-100,328,107.19,32521.45,7.5,CC300,A. Banda,Cancelled,33.2
SO-00542,C3018,2024-12-26,2024-12,Fabricated Steel,IC-5,181,33.69,5183.21,15,CC300,T. Makuvaza,Invoiced,12.2
SO-00543,C3013,2025-09-18,2025-09,Spares,PS-200,6,65.28,381.89,2.5,CC300,A. Banda,Invoiced,18.44
SO-00544,C3015,2025-08-28,2025-08,Spares,PS-200,190,25.42,4588.31,5,CC300,T. Makuvaza,Invoiced,14.25
SO-00545,C3005,2024-04-08,2024-04,Fabricated Steel,PC-20,110,306.55,30348.45,10,CC300,B. Ncube,Invoiced,39.06
SO-00546,C3004,2024-10-01,2024-10,Fabricated Steel,IC-5,367,241.06,88469.02,0,CC310,A. Banda,Invoiced,8.94
SO-00547,C3006,2025-02-08,2025-02,Packaging Materials,SP-9,87,182.26,14270.96,10,CC300,B. Ncube,Invoiced,30.94
SO-00548,C3003,2024-01-27,2024-01,Polymer Components,PC-10,207,163.21,33784.47,0,CC310,S. Moyo,Invoiced,22.26
SO-00549,C3002,2025-09-16,2025-09,Packaging Materials,SP-9,455,87.0,37605.75,5,CC310,S. Moyo,Invoiced,17.49
SO-00550,C3005,2024-07-05,2024-07,Fabricated Steel,PS-300,324,126.46,40973.04,0,CC300,B. Ncube,Invoiced,17.23
SO-00551,C3001,2024-12-15,2024-12,Industrial Chemicals,PC-20,473,94.31,44608.63,0,CC300,T. Makuvaza,Invoiced,13.76
SO-00552,C3007,2024-08-28,2024-08,Spares,PS-200,248,87.65,21193.77,2.5,CC300,B. Ncube,Cancelled,35.2
SO-00553,C3002,2024-11-03,2024-11,Packaging Materials,PS-100,134,292.81,36293.8,7.5,CC310,S. Moyo,Invoiced,30.07
SO-00554,C3002,2025-07-06,2025-07,Fabricated Steel,PC-20,147,172.94,24786.63,2.5,CC310,A. Banda,Open,12.39
SO-00555,C3009,2024-03-05,2024-03,Fabricated Steel,PS-300,87,130.38,11343.06,0,CC300,B. Ncube,Invoiced,30.67
SO-00556,C3012,2024-03-05,2024-03,Fabricated Steel,SP-9,18,227.41,4093.38,0,CC300,A. Banda,Invoiced,17.65
SO-00557,C3011,2024-03-28,2024-03,Spares,PS-300,477,179.78,77179.55,10,CC300,S. Moyo,Cancelled,30.28
SO-00558,C3015,2025-09-07,2025-09,Polymer Components,PC-10,294,46.67,13720.98,0,CC300,T. Makuvaza,Invoiced,34.4
SO-00559,C3018,2024-07-07,2024-07,Industrial Chemicals,PC-10,417,19.99,7919.04,5,CC300,T. Makuvaza,Cancelled,17.71
SO-00560,C3010,2024-09-25,2024-09,Fabricated Steel,PC-20,97,121.62,11797.14,0,CC300,S. Moyo,Open,38.38
SO-00561,C3015,2024-11-04,2024-11,Polymer Components,PS-300,367,284.99,104591.33,0,CC300,B. Ncube,Cancelled,31.98
SO-00562,C3012,2024-12-23,2024-12,Polymer Components,PS-100,117,244.47,27887.92,2.5,CC300,A. Banda,Invoiced,28.91
SO-00563,C3014,2024-12-22,2024-12,Industrial Chemicals,PS-300,288,29.8,8367.84,2.5,CC300,T. Makuvaza,Invoiced,9.71
SO-00564,C3001,2024-03-28,2024-03,Industrial Chemicals,PS-100,160,211.69,33870.4,0,CC300,T. Makuvaza,Cancelled,16.6
SO-00565,C3013,2025-06-21,2025-06,Industrial Chemicals,SP-9,239,128.5,26104.77,15,CC300,A. Banda,Invoiced,20.55
SO-00566,C3017,2025-06-23,2025-06,Spares,PC-20,213,56.68,10865.56,10,CC300,B. Ncube,Invoiced,24.85
SO-00567,C3001,2025-05-31,2025-05,Industrial Chemicals,PS-200,325,68.59,20619.87,7.5,CC300,B. Ncube,Cancelled,21.98
SO-00568,C3014,2025-02-27,2025-02,Packaging Materials,PS-100,457,58.19,26592.83,0,CC300,T. Makuvaza,Invoiced,17.99
SO-00569,C3008,2024-07-18,2024-07,Industrial Chemicals,PS-200,288,101.01,29090.88,0,CC300,A. Banda,Invoiced,24.35
SO-00570,C3003,2025-01-03,2025-01,Polymer Components,PC-10,409,111.95,42353.48,7.5,CC310,T. Makuvaza,Cancelled,30.95
SO-00571,C3001,2024-06-12,2024-06,Fabricated Steel,PC-10,352,266.87,93938.24,0,CC300,A. Banda,Cancelled,8.26
SO-00572,C3010,2025-07-20,2025-07,Industrial Chemicals,PS-100,473,56.78,26856.94,0,CC300,B. Ncube,Open,33.54
SO-00573,C3010,2024-03-14,2024-03,Packaging Materials,PS-100,429,243.61,99283.26,5,CC300,S. Moyo,Invoiced,13.02
SO-00574,C3016,2024-02-06,2024-02,Industrial Chemicals,PS-200,75,58.85,4303.41,2.5,CC310,A. Banda,Invoiced,11.04
SO-00575,C3004,2024-08-28,2024-08,Polymer Components,PS-200,414,181.02,71195.17,5,CC310,S. Moyo,Invoiced,34.35
SO-00576,C3018,2024-12-25,2024-12,Packaging Materials,PS-100,453,225.69,102237.57,0,CC300,S. Moyo,Invoiced,30.95
SO-00577,C3011,2024-07-28,2024-07,Service Contract,SP-9,171,252.89,43244.19,0,CC300,S. Moyo,Open,32.7
SO-00578,C3013,2025-05-29,2025-05,Polymer Components,PS-300,133,223.25,29692.25,0,CC300,T. Makuvaza,Invoiced,28.85
SO-00579,C3003,2024-09-25,2024-09,Packaging Materials,SP-9,401,88.83,35620.83,0,CC310,B. Ncube,Invoiced,23.22
SO-00580,C3006,2024-11-27,2024-11,Packaging Materials,PS-200,387,259.4,100387.8,0,CC300,B. Ncube,Cancelled,33.26
SO-00581,C3014,2025-09-15,2025-09,Fabricated Steel,SP-9,192,66.86,10911.55,15,CC300,T. Makuvaza,Invoiced,41.17
SO-00582,C3001,2025-02-11,2025-02,Industrial Chemicals,PC-20,14,155.52,1850.69,15,CC300,A. Banda,Invoiced,19.4
SO-00583,C3013,2024-07-27,2024-07,Polymer Components,IC-5,78,171.2,11350.56,15,CC300,B. Ncube,Invoiced,29.21
SO-00584,C3011,2024-03-18,2024-03,Industrial Chemicals,PC-20,144,175.68,25297.92,0,CC300,B. Ncube,Open,30.83
SO-00585,C3015,2025-07-07,2025-07,Service Contract,PS-200,434,94.5,41013.0,0,CC300,A. Banda,Invoiced,36.38
SO-00586,C3006,2025-07-08,2025-07,Fabricated Steel,SP-9,229,172.13,39417.77,0,CC300,S. Moyo,Invoiced,38.46
SO-00587,C3018,2024-07-14,2024-07,Service Contract,SP-9,214,306.22,60616.25,7.5,CC300,A. Banda,Invoiced,31.56
SO-00588,C3006,2024-05-16,2024-05,Polymer Components,IC-5,471,301.71,142105.41,0,CC300,A. Banda,Invoiced,31.29
SO-00589,C3016,2024-11-07,2024-11,Polymer Components,PC-20,161,273.52,41834.88,5,CC310,B. Ncube,Open,14.44
SO-00590,C3002,2024-04-15,2024-04,Service Contract,PC-20,89,64.3,4864.3,15,CC310,A. Banda,Invoiced,30.3
SO-00591,C3003,2024-02-07,2024-02,Packaging Materials,PS-200,359,115.05,37172.65,10,CC310,T. Makuvaza,Cancelled,18.48
SO-00592,C3015,2024-01-23,2024-01,Service Contract,PS-100,459,238.75,104106.94,5,CC300,S. Moyo,Cancelled,38.86
SO-00593,C3006,2024-01-03,2024-01,Fabricated Steel,SP-9,254,190.2,41064.18,15,CC300,S. Moyo,Cancelled,12.82
SO-00594,C3014,2024-07-15,2024-07,Service Contract,PS-100,41,262.36,10218.92,5,CC300,A. Banda,Invoiced,38.28
SO-00595,C3017,2024-01-08,2024-01,Packaging Materials,PC-20,173,159.55,26222.04,5,CC300,T. Makuvaza,Invoiced,12.11
SO-00596,C3008,2025-06-11,2025-06,Service Contract,PS-300,394,249.61,88511.71,10,CC300,T. Makuvaza,Invoiced,13.4
SO-00597,C3014,2024-05-23,2024-05,Packaging Materials,PC-20,317,45.12,14303.04,0,CC300,T. Makuvaza,Cancelled,15.27
SO-00598,C3002,2025-02-18,2025-02,Spares,IC-5,13,194.52,2528.76,0,CC310,A. Banda,Invoiced,35.04
SO-00599,C3008,2024-06-13,2024-06,Packaging Materials,PS-100,477,100.33,47857.41,0,CC300,A. Banda,Cancelled,40.81
SO-00600,C3018,2024-08-15,2024-08,Industrial Chemicals,PC-10,407,267.77,108982.39,0,CC300,B. Ncube,Invoiced,37.88
SO-00601,C3015,2025-02-08,2025-02,Polymer Components,PC-10,114,176.28,19593.52,2.5,CC300,B. Ncube,Open,25.38
SO-00602,C3012,2025-09-20,2025-09,Service Contract,PS-100,104,38.43,3597.05,10,CC300,A. Banda,Cancelled,33.35
SO-00603,C3012,2025-02-09,2025-02,Polymer Components,PS-300,191,43.94,8392.54,0,CC300,B. Ncube,Invoiced,23.78
SO-00604,C3015,2024-05-07,2024-05,Spares,IC-5,382,302.17,103886.05,10,CC300,A. Banda,Invoiced,10.59
SO-00605,C3015,2024-06-17,2024-06,Service Contract,PS-200,139,301.86,38811.65,7.5,CC300,S. Moyo,Cancelled,17.08
SO-00606,C3017,2024-03-29,2024-03,Fabricated Steel,PC-10,465,174.13,78946.19,2.5,CC300,A. Banda,Cancelled,10.74
SO-00607,C3018,2024-01-31,2024-01,Industrial Chemicals,PS-300,45,185.42,8343.9,0,CC300,T. Makuvaza,Open,36.74
SO-00608,C3013,2024-08-16,2024-08,Industrial Chemicals,PC-20,202,53.05,9912.39,7.5,CC300,A. Banda,Cancelled,35.27
SO-00609,C3015,2024-08-03,2024-08,Service Contract,PC-10,473,299.15,130885.6,7.5,CC300,S. Moyo,Invoiced,14.82
SO-00610,C3011,2025-05-15,2025-05,Packaging Materials,IC-5,63,61.77,3891.51,0,CC300,T. Makuvaza,Invoiced,22.81
SO-00611,C3009,2025-06-03,2025-06,Service Contract,PS-100,363,255.04,87950.54,5,CC300,B. Ncube,Open,32.67
SO-00612,C3018,2025-01-08,2025-01,Spares,IC-5,48,148.95,6970.86,2.5,CC300,T. Makuvaza,Invoiced,18.58
SO-00613,C3008,2025-01-06,2025-01,Packaging Materials,PS-300,281,180.38,49419.61,2.5,CC300,A. Banda,Invoiced,19.72
SO-00614,C3010,2025-03-07,2025-03,Fabricated Steel,IC-5,113,291.59,32949.67,0,CC300,S. Moyo,Invoiced,14.48
SO-00615,C3007,2024-11-18,2024-11,Polymer Components,PC-10,133,187.75,24970.75,0,CC300,T. Makuvaza,Cancelled,29.05
SO-00616,C3002,2024-04-16,2024-04,Fabricated Steel,PS-100,466,65.62,27521.03,10,CC310,B. Ncube,Invoiced,38.75
SO-00617,C3001,2025-07-29,2025-07,Industrial Chemicals,PS-200,148,30.65,4536.2,0,CC300,T. Makuvaza,Invoiced,38.63
SO-00618,C3012,2024-01-19,2024-01,Polymer Components,PS-100,201,137.64,24899.08,10,CC300,A. Banda,Invoiced,32.31
SO-00619,C3012,2024-05-28,2024-05,Packaging Materials,PS-100,440,69.69,30663.6,0,CC300,T. Makuvaza,Cancelled,26.34
SO-00620,C3013,2025-06-03,2025-06,Polymer Components,IC-5,274,57.05,15631.7,0,CC300,A. Banda,Invoiced,26.81
SO-00621,C3018,2025-03-20,2025-03,Fabricated Steel,PS-300,320,288.08,92185.6,0,CC300,A. Banda,Invoiced,36.07
SO-00622,C3006,2024-07-15,2024-07,Packaging Materials,SP-9,278,210.58,58541.24,0,CC300,T. Makuvaza,Invoiced,39.1
SO-00623,C3001,2024-04-01,2024-04,Spares,SP-9,8,308.22,2465.76,0,CC300,B. Ncube,Invoiced,11.23
SO-00624,C3014,2025-06-09,2025-06,Polymer Components,PS-200,60,155.97,8890.29,5,CC300,B. Ncube,Invoiced,11.55
SO-00625,C3004,2025-06-24,2025-06,Packaging Materials,PC-20,144,257.16,37031.04,0,CC310,A. Banda,Invoiced,12.43
SO-00626,C3003,2024-10-11,2024-10,Fabricated Steel,PS-100,413,310.07,128058.91,0,CC310,T. Makuvaza,Invoiced,8.2
SO-00627,C3002,2024-06-21,2024-06,Spares,PC-10,66,167.75,11071.5,0,CC310,A. Banda,Cancelled,32.67
SO-00628,C3006,2024-05-20,2024-05,Fabricated Steel,PS-200,349,188.02,65618.98,0,CC300,A. Banda,Invoiced,38.16
SO-00629,C3004,2025-09-18,2025-09,Spares,PS-100,18,133.66,2285.59,5,CC310,S. Moyo,Open,27.69
SO-00630,C3010,2024-08-16,2024-08,Polymer Components,PC-10,466,313.99,146319.34,0,CC300,T. Makuvaza,Open,24.01
SO-00631,C3009,2024-02-29,2024-02,Service Contract,PS-300,370,124.1,42473.22,7.5,CC300,S. Moyo,Invoiced,14.3
SO-00632,C3011,2025-02-28,2025-02,Industrial Chemicals,IC-5,355,225.71,68107.99,15,CC300,S. Moyo,Invoiced,33.19
SO-00633,C3006,2024-09-02,2024-09,Industrial Chemicals,PC-20,252,197.91,49873.32,0,CC300,A. Banda,Invoiced,40.78
SO-00634,C3004,2024-12-22,2024-12,Polymer Components,PS-300,470,74.66,35090.2,0,CC310,T. Makuvaza,Open,19.49
SO-00635,C3012,2024-02-19,2024-02,Fabricated Steel,PC-20,153,80.71,11731.2,5,CC300,T. Makuvaza,Invoiced,27.51
SO-00636,C3011,2025-07-28,2025-07,Service Contract,PS-200,473,17.58,8315.34,0,CC300,B. Ncube,Invoiced,39.45
SO-00637,C3003,2024-08-25,2024-08,Industrial Chemicals,PS-300,462,59.93,27687.66,0,CC310,A. Banda,Open,12.37
SO-00638,C3002,2025-02-03,2025-02,Spares,PS-300,445,185.92,82734.4,0,CC310,T. Makuvaza,Invoiced,19.28
SO-00639,C3015,2025-05-04,2025-05,Spares,PC-20,162,184.63,29910.06,0,CC300,B. Ncube,Invoiced,33.75
SO-00640,C3018,2024-06-20,2024-06,Spares,PC-20,301,171.81,46543.33,10,CC300,S. Moyo,Cancelled,13.06
SO-00641,C3008,2024-10-15,2024-10,Polymer Components,PC-10,197,18.17,3042.57,15,CC300,S. Moyo,Invoiced,38.93
SO-00642,C3010,2025-07-26,2025-07,Fabricated Steel,SP-9,383,280.42,99345.8,7.5,CC300,T. Makuvaza,Invoiced,40.99
SO-00643,C3014,2024-07-07,2024-07,Fabricated Steel,PS-200,383,116.71,41347.44,7.5,CC300,B. Ncube,Open,19.63
SO-00644,C3004,2025-02-02,2025-02,Industrial Chemicals,PS-300,179,12.09,2110.01,2.5,CC310,A. Banda,Invoiced,34.62
SO-00645,C3018,2025-07-21,2025-07,Industrial Chemicals,PS-300,12,300.15,3241.62,10,CC300,T. Makuvaza,Invoiced,28.37
SO-00646,C3014,2025-01-20,2025-01,Packaging Materials,PC-20,196,242.05,47441.8,0,CC300,B. Ncube,Cancelled,41.78
SO-00647,C3004,2024-06-29,2024-06,Service Contract,PS-200,107,98.17,9453.77,10,CC310,A. Banda,Invoiced,39.1
SO-00648,C3007,2024-02-15,2024-02,Service Contract,SP-9,467,86.29,39289.99,2.5,CC300,A. Banda,Open,40.09
SO-00649,C3005,2024-09-20,2024-09,Packaging Materials,PC-10,458,271.1,124163.8,0,CC300,S. Moyo,Invoiced,31.74
SO-00650,C3010,2024-12-12,2024-12,Industrial Chemicals,PS-200,251,168.03,42175.53,0,CC300,B. Ncube,Open,20.19
SO-00651,C3006,2024-12-28,2024-12,Polymer Components,PS-300,247,251.81,57532.29,7.5,CC300,B. Ncube,Invoiced,18.46
SO-00652,C3003,2024-06-04,2024-06,Fabricated Steel,PS-300,276,88.14,24326.64,0,CC310,A. Banda,Open,40.25
SO-00653,C3001,2024-07-19,2024-07,Service Contract,IC-5,3,223.55,637.12,5,CC300,A. Banda,Invoiced,35.62
SO-00654,C3018,2024-08-14,2024-08,Service Contract,PS-100,134,224.89,29381.88,2.5,CC300,A. Banda,Invoiced,37.72
SO-00655,C3011,2025-04-19,2025-04,Fabricated Steel,PS-100,203,260.42,50222.0,5,CC300,T. Makuvaza,Open,18.69
SO-00656,C3005,2024-06-21,2024-06,Spares,PS-200,144,80.28,11560.32,0,CC300,T. Makuvaza,Invoiced,40.95
SO-00657,C3005,2024-01-31,2024-01,Polymer Components,PC-20,196,105.77,20730.92,0,CC300,S. Moyo,Invoiced,41.53
SO-00658,C3017,2024-03-14,2024-03,Packaging Materials,PS-100,345,83.06,25790.13,10,CC300,S. Moyo,Invoiced,36.23
SO-00659,C3006,2025-07-17,2025-07,Service Contract,PC-10,433,122.37,47687.59,10,CC300,B. Ncube,Cancelled,29.23
SO-00660,C3011,2024-01-15,2024-01,Spares,SP-9,292,270.67,73107.97,7.5,CC300,B. Ncube,Open,37.4
SO-00661,C3005,2025-09-29,2025-09,Fabricated Steel,SP-9,327,44.89,14679.03,0,CC300,A. Banda,Invoiced,38.5
SO-00662,C3004,2024-11-20,2024-11,Packaging Materials,PS-300,203,155.64,31594.92,0,CC310,T. Makuvaza,Invoiced,39.68
SO-00663,C3002,2024-07-23,2024-07,Fabricated Steel,PS-200,287,275.44,77075.0,2.5,CC310,T. Makuvaza,Cancelled,39.4
SO-00664,C3013,2024-07-06,2024-07,Packaging Materials,PS-200,149,42.99,5925.1,7.5,CC300,T. Makuvaza,Cancelled,37.27
SO-00665,C3016,2025-02-12,2025-02,Spares,PS-300,419,171.68,71933.92,0,CC310,A. Banda,Cancelled,17.76
SO-00666,C3014,2025-08-11,2025-08,Polymer Components,PS-300,474,51.99,24643.26,0,CC300,A. Banda,Open,25.32
SO-00667,C3001,2025-08-12,2025-08,Fabricated Steel,PS-200,36,303.36,10920.96,0,CC300,B. Ncube,Open,20.25
SO-00668,C3015,2024-06-06,2024-06,Polymer Components,PS-100,34,128.06,3918.64,10,CC300,A. Banda,Invoiced,21.65
SO-00669,C3013,2024-04-18,2024-04,Service Contract,PS-100,281,41.47,11653.07,0,CC300,A. Banda,Open,28.24
SO-00670,C3017,2024-05-03,2024-05,Packaging Materials,PC-20,451,305.74,127547.08,7.5,CC300,T. Makuvaza,Invoiced,17.0
SO-00671,C3010,2024-05-31,2024-05,Packaging Materials,IC-5,69,213.98,13288.16,10,CC300,B. Ncube,Open,32.13
SO-00672,C3011,2025-04-07,2025-04,Spares,SP-9,437,73.96,29088.47,10,CC300,S. Moyo,Open,28.63
SO-00673,C3007,2024-11-15,2024-11,Packaging Materials,SP-9,136,243.9,30682.62,7.5,CC300,S. Moyo,Open,27.68
SO-00674,C3004,2025-06-08,2025-06,Polymer Components,IC-5,354,168.75,59737.5,0,CC310,B. Ncube,Invoiced,26.76
SO-00675,C3013,2025-04-17,2025-04,Spares,PS-200,203,34.39,5933.99,15,CC300,S. Moyo,Open,25.51
SO-00676,C3007,2024-10-31,2024-10,Polymer Components,PC-20,155,168.42,26105.1,0,CC300,B. Ncube,Cancelled,36.61
SO-00677,C3018,2025-07-18,2025-07,Spares,PC-10,128,243.47,31164.16,0,CC300,S. Moyo,Cancelled,16.72
SO-00678,C3004,2024-12-21,2024-12,Spares,PS-100,189,204.96,34863.7,10,CC310,T. Makuvaza,Invoiced,17.59
SO-00679,C3002,2024-02-09,2024-02,Polymer Components,IC-5,302,264.48,75879.31,5,CC310,A. Banda,Invoiced,18.34
SO-00680,C3003,2025-03-14,2025-03,Packaging Materials,PC-10,392,261.89,102660.88,0,CC310,S. Moyo,Open,35.83
SO-00681,C3007,2024-06-05,2024-06,Polymer Components,PC-20,196,14.79,2826.37,2.5,CC300,B. Ncube,Open,15.87
SO-00682,C3009,2025-08-05,2025-08,Service Contract,PC-10,12,64.25,655.35,15,CC300,B. Ncube,Open,8.58
SO-00683,C3006,2024-12-13,2024-12,Spares,SP-9,44,288.14,11727.3,7.5,CC300,B. Ncube,Invoiced,24.53
SO-00684,C3008,2024-09-27,2024-09,Industrial Chemicals,PS-100,224,51.64,11567.36,0,CC300,A. Banda,Invoiced,12.68
SO-00685,C3008,2024-06-01,2024-06,Packaging Materials,PS-300,240,303.17,65484.72,10,CC300,B. Ncube,Invoiced,27.8
SO-00686,C3007,2024-06-21,2024-06,Spares,PS-200,367,184.79,67817.93,0,CC300,B. Ncube,Cancelled,13.27
SO-00687,C3005,2024-02-23,2024-02,Spares,PC-10,50,40.51,1721.67,15,CC300,A. Banda,Open,31.97
SO-00688,C3015,2024-06-12,2024-06,Packaging Materials,SP-9,114,165.06,18816.84,0,CC300,S. Moyo,Invoiced,10.43
SO-00689,C3016,2024-06-18,2024-06,Packaging Materials,PS-300,414,82.59,34192.26,0,CC310,T. Makuvaza,Open,16.62
SO-00690,C3001,2025-06-02,2025-06,Fabricated Steel,IC-5,478,314.21,135173.14,10,CC300,S. Moyo,Cancelled,21.32
SO-00691,C3008,2025-02-06,2025-02,Fabricated Steel,PC-20,290,252.74,65965.14,10,CC300,A. Banda,Invoiced,23.29
SO-00692,C3003,2024-10-28,2024-10,Industrial Chemicals,PS-200,438,277.89,112587.13,7.5,CC310,T. Makuvaza,Cancelled,24.04
SO-00693,C3016,2025-03-03,2025-03,Fabricated Steel,SP-9,394,173.13,66507.89,2.5,CC310,T. Makuvaza,Invoiced,12.52
SO-00694,C3002,2024-02-08,2024-02,Service Contract,IC-5,375,133.03,42403.31,15,CC310,S. Moyo,Invoiced,28.43
SO-00695,C3013,2025-01-29,2025-01,Polymer Components,PC-10,396,175.58,69529.68,0,CC300,A. Banda,Invoiced,26.92
SO-00696,C3014,2025-01-26,2025-01,Fabricated Steel,PC-20,446,203.97,81873.56,10,CC300,S. Moyo,Invoiced,9.07
SO-00697,C3009,2024-03-15,2024-03,Industrial Chemicals,SP-9,417,136.95,57108.15,0,CC300,A. Banda,Open,9.82
SO-00698,C3008,2024-02-27,2024-02,Fabricated Steel,PS-200,355,18.03,6400.65,0,CC300,S. Moyo,Invoiced,23.32
SO-00699,C3005,2025-05-12,2025-05,Packaging Materials,PS-300,33,216.75,7152.75,0,CC300,S. Moyo,Invoiced,30.47
SO-00700,C3007,2025-01-16,2025-01,Service Contract,PC-20,39,72.79,2412.99,15,CC300,T. Makuvaza,Cancelled,36.5
SO-00701,C3012,2025-02-10,2025-02,Spares,PS-300,413,292.38,117734.12,2.5,CC300,B. Ncube,Invoiced,9.3
SO-00702,C3011,2025-09-05,2025-09,Packaging Materials,PC-20,265,18.42,4881.3,0,CC300,B. Ncube,Open,9.74
SO-00703,C3013,2024-01-16,2024-01,Polymer Components,PS-100,260,184.4,43149.6,10,CC300,B. Ncube,Invoiced,41.3
SO-00704,C3011,2024-07-30,2024-07,Polymer Components,PC-20,91,131.88,12001.08,0,CC300,A. Banda,Invoiced,40.2
SO-00705,C3018,2024-08-08,2024-08,Service Contract,PC-10,123,139.47,17154.81,0,CC300,T. Makuvaza,Invoiced,13.21
SO-00706,C3013,2024-11-27,2024-11,Packaging Materials,PS-300,65,62.07,4034.55,0,CC300,A. Banda,Open,11.51
SO-00707,C3010,2024-12-21,2024-12,Fabricated Steel,PS-100,17,242.67,4125.39,0,CC300,B. Ncube,Invoiced,36.09
SO-00708,C3003,2025-09-19,2025-09,Packaging Materials,PC-20,229,24.49,5327.8,5,CC310,S. Moyo,Invoiced,11.82
SO-00709,C3004,2025-04-02,2025-04,Polymer Components,PC-20,72,36.2,2606.4,0,CC310,S. Moyo,Open,40.78
SO-00710,C3008,2025-04-27,2025-04,Packaging Materials,PS-100,12,92.98,1115.76,0,CC300,B. Ncube,Cancelled,35.64
SO-00711,C3011,2025-08-12,2025-08,Fabricated Steel,IC-5,242,169.62,41048.04,0,CC300,S. Moyo,Invoiced,13.88
SO-00712,C3004,2025-07-03,2025-07,Spares,PC-20,36,191.9,6390.27,7.5,CC310,S. Moyo,Open,34.37
SO-00713,C3010,2025-08-17,2025-08,Packaging Materials,SP-9,300,149.14,41386.35,7.5,CC300,S. Moyo,Invoiced,14.97
SO-00714,C3004,2024-01-21,2024-01,Fabricated Steel,SP-9,415,63.74,25790.8,2.5,CC310,S. Moyo,Invoiced,35.64
SO-00715,C3014,2025-08-01,2025-08,Spares,SP-9,223,144.08,27310.36,15,CC300,S. Moyo,Invoiced,11.23
SO-00716,C3016,2025-03-20,2025-03,Packaging Materials,PS-100,325,13.7,4229.88,5,CC310,A. Banda,Cancelled,19.01
SO-00717,C3011,2024-12-11,2024-12,Packaging Materials,PS-100,106,199.06,17935.31,15,CC300,A. Banda,Invoiced,32.21
SO-00718,C3010,2025-09-11,2025-09,Fabricated Steel,PC-10,141,90.12,11436.23,10,CC300,A. Banda,Invoiced,34.34
SO-00719,C3004,2025-07-07,2025-07,Packaging Materials,IC-5,435,304.65,112644.34,15,CC310,T. Makuvaza,Cancelled,34.93
SO-00720,C3001,2025-08-19,2025-08,Polymer Components,PS-100,220,268.18,56049.62,5,CC300,T. Makuvaza,Open,15.22
SO-00721,C3003,2025-06-27,2025-06,Polymer Components,SP-9,320,298.31,95459.2,0,CC310,B. Ncube,Invoiced,16.25
SO-00722,C3001,2024-06-16,2024-06,Packaging Materials,IC-5,88,278.24,20812.35,15,CC300,T. Makuvaza,Cancelled,18.13
SO-00723,C3002,2024-07-28,2024-07,Industrial Chemicals,PS-300,25,57.33,1361.59,5,CC310,B. Ncube,Invoiced,38.44
SO-00724,C3001,2025-01-02,2025-01,Service Contract,PC-10,313,246.36,69399.61,10,CC300,T. Makuvaza,Invoiced,17.72
SO-00725,C3018,2024-07-22,2024-07,Service Contract,SP-9,435,246.02,101667.76,5,CC300,T. Makuvaza,Cancelled,35.81
SO-00726,C3008,2024-05-05,2024-05,Spares,PC-20,367,29.0,9844.77,7.5,CC300,T. Makuvaza,Cancelled,10.7
SO-00727,C3009,2024-08-10,2024-08,Fabricated Steel,SP-9,269,231.6,57627.87,7.5,CC300,S. Moyo,Open,28.34
SO-00728,C3010,2024-09-13,2024-09,Packaging Materials,PC-10,367,97.68,34056.13,5,CC300,S. Moyo,Open,41.27
SO-00729,C3014,2025-01-17,2025-01,Industrial Chemicals,PS-200,314,207.58,65180.12,0,CC300,A. Banda,Open,38.3
SO-00730,C3006,2025-05-10,2025-05,Service Contract,PS-300,439,48.66,18157.48,15,CC300,T. Makuvaza,Invoiced,14.14
SO-00731,C3010,2025-01-20,2025-01,Service Contract,PC-10,428,57.49,23375.43,5,CC300,A. Banda,Cancelled,38.1
SO-00732,C3007,2024-01-27,2024-01,Spares,PS-300,9,107.48,870.59,10,CC300,T. Makuvaza,Invoiced,28.51
SO-00733,C3004,2024-06-15,2024-06,Fabricated Steel,IC-5,469,68.35,31254.75,2.5,CC310,B. Ncube,Cancelled,16.33
SO-00734,C3001,2025-09-23,2025-09,Industrial Chemicals,PS-200,247,118.51,24881.17,15,CC300,T. Makuvaza,Invoiced,33.35
SO-00735,C3015,2025-04-30,2025-04,Service Contract,PS-300,420,182.78,65252.46,15,CC300,A. Banda,Open,9.04
SO-00736,C3013,2025-07-10,2025-07,Fabricated Steel,SP-9,375,212.43,79661.25,0,CC300,S. Moyo,Invoiced,17.32
SO-00737,C3003,2024-09-17,2024-09,Industrial Chemicals,PS-100,234,232.01,48861.31,10,CC310,B. Ncube,Open,31.65
SO-00738,C3017,2024-07-04,2024-07,Spares,PS-100,363,168.81,58214.13,5,CC300,B. Ncube,Invoiced,9.93
SO-00739,C3017,2024-08-23,2024-08,Service Contract,PC-20,61,30.24,1752.41,5,CC300,A. Banda,Invoiced,32.9
SO-00740,C3018,2024-01-26,2024-01,Industrial Chemicals,PC-20,380,122.26,42974.39,7.5,CC300,T. Makuvaza,Invoiced,15.72
SO-00741,C3014,2025-08-02,2025-08,Service Contract,PC-20,104,84.76,8153.91,7.5,CC300,A. Banda,Open,34.84
SO-00742,C3010,2025-02-14,2025-02,Service Contract,IC-5,16,44.5,712.0,0,CC300,S. Moyo,Invoiced,33.53
SO-00743,C3018,2024-06-26,2024-06,Service Contract,PS-200,378,141.19,53369.82,0,CC300,B. Ncube,Open,24.08
SO-00744,C3007,2025-06-28,2025-06,Spares,SP-9,137,63.66,8721.42,0,CC300,S. Moyo,Open,34.0
SO-00745,C3010,2024-05-26,2024-05,Service Contract,PS-100,320,307.19,88470.72,10,CC300,S. Moyo,Invoiced,41.48
SO-00746,C3006,2024-09-13,2024-09,Packaging Materials,PC-10,356,122.05,41277.31,5,CC300,A. Banda,Invoiced,10.01
SO-00747,C3001,2024-01-14,2024-01,Service Contract,PS-200,425,209.13,79992.23,10,CC300,A. Banda,Cancelled,31.13
SO-00748,C3004,2025-03-08,2025-03,Spares,IC-5,420,253.32,106394.4,0,CC310,S. Moyo,Invoiced,28.67
SO-00749,C3014,2025-04-28,2025-04,Industrial Chemicals,PC-10,161,169.5,26607.26,2.5,CC300,T. Makuvaza,Invoiced,12.01
SO-00750,C3008,2025-03-03,2025-03,Industrial Chemicals,PC-20,232,228.92,49126.23,7.5,CC300,S. Moyo,Invoiced,14.04
SO-00751,C3009,2025-04-07,2025-04,Spares,PC-10,294,190.39,55974.66,0,CC300,T. Makuvaza,Invoiced,18.16
SO-00752,C3003,2025-08-17,2025-08,Spares,IC-5,31,156.06,4595.97,5,CC310,B. Ncube,Invoiced,41.6
SO-00753,C3015,2024-11-13,2024-11,Packaging Materials,IC-5,231,17.41,3921.17,2.5,CC300,B. Ncube,Invoiced,37.45
SO-00754,C3001,2025-01-08,2025-01,Packaging Materials,PS-100,238,82.35,19599.3,0,CC300,T. Makuvaza,Invoiced,38.58
SO-00755,C3005,2025-04-14,2025-04,Service Contract,PC-20,452,308.88,129142.73,7.5,CC300,B. Ncube,Invoiced,12.81
SO-00756,C3014,2024-05-20,2024-05,Service Contract,PC-20,458,213.39,97732.62,0,CC300,B. Ncube,Invoiced,23.2
SO-00757,C3014,2024-04-07,2024-04,Polymer Components,PS-300,110,42.81,4002.74,15,CC300,A. Banda,Invoiced,27.5
SO-00758,C3015,2025-04-30,2025-04,Fabricated Steel,PC-10,117,67.23,7865.91,0,CC300,S. Moyo,Invoiced,18.15
SO-00759,C3006,2024-07-24,2024-07,Packaging Materials,IC-5,129,43.37,5314.99,5,CC300,S. Moyo,Invoiced,39.54
SO-00760,C3004,2024-08-31,2024-08,Packaging Materials,PC-20,337,198.69,56914.75,15,CC310,T. Makuvaza,Open,28.97
SO-00761,C3001,2024-11-04,2024-11,Industrial Chemicals,PS-100,28,106.02,2523.28,15,CC300,B. Ncube,Open,21.21
SO-00762,C3008,2024-05-18,2024-05,Polymer Components,SP-9,241,288.72,62623.37,10,CC300,S. Moyo,Invoiced,29.39
SO-00763,C3003,2025-05-18,2025-05,Packaging Materials,PS-300,191,235.55,44990.05,0,CC310,A. Banda,Invoiced,8.34
SO-00764,C3012,2024-11-14,2024-11,Service Contract,PS-200,59,78.14,3918.72,15,CC300,A. Banda,Cancelled,30.57
SO-00765,C3015,2025-04-09,2025-04,Polymer Components,IC-5,132,64.83,8343.62,2.5,CC300,A. Banda,Open,11.54
SO-00766,C3018,2024-06-04,2024-06,Packaging Materials,SP-9,225,18.15,3471.19,15,CC300,A. Banda,Cancelled,39.56
SO-00767,C3006,2025-06-10,2025-06,Industrial Chemicals,PS-300,134,237.89,31877.26,0,CC300,B. Ncube,Cancelled,30.56
SO-00768,C3007,2024-05-25,2024-05,Industrial Chemicals,PS-100,274,226.14,55766.12,10,CC300,S. Moyo,Open,16.53
SO-00769,C3002,2025-03-11,2025-03,Spares,PS-100,82,127.47,8884.66,15,CC310,A. Banda,Open,36.65
SO-00770,C3005,2025-07-02,2025-07,Spares,PC-20,134,32.35,4226.53,2.5,CC300,T. Makuvaza,Open,15.42
SO-00771,C3012,2025-07-02,2025-07,Spares,SP-9,346,299.54,101049.82,2.5,CC300,S. Moyo,Invoiced,39.2
SO-00772,C3017,2024-09-27,2024-09,Fabricated Steel,PS-100,4,156.6,626.4,0,CC300,S. Moyo,Invoiced,12.09
SO-00773,C3002,2024-07-11,2024-07,Industrial Chemicals,PS-300,253,167.94,42488.82,0,CC310,B. Ncube,Invoiced,8.87
SO-00774,C3001,2024-08-02,2024-08,Spares,PS-100,410,160.78,65919.8,0,CC300,A. Banda,Invoiced,40.7
SO-00775,C3001,2025-03-03,2025-03,Packaging Materials,PC-20,43,291.61,12539.23,0,CC300,T. Makuvaza,Invoiced,38.18
SO-00776,C3012,2024-01-19,2024-01,Industrial Chemicals,PS-100,335,91.54,26066.01,15,CC300,A. Banda,Cancelled,29.2
SO-00777,C3008,2025-08-29,2025-08,Service Contract,PC-10,364,81.11,28785.94,2.5,CC300,B. Ncube,Open,35.6
SO-00778,C3013,2025-08-05,2025-08,Industrial Chemicals,PS-300,383,104.21,39912.43,0,CC300,A. Banda,Cancelled,16.23
SO-00779,C3014,2024-11-25,2024-11,Spares,PS-100,66,187.56,12069.49,2.5,CC300,S. Moyo,Open,32.81
SO-00780,C3008,2024-03-22,2024-03,Industrial Chemicals,PS-100,279,175.73,46577.24,5,CC300,A. Banda,Cancelled,35.91
SO-00781,C3002,2024-08-16,2024-08,Industrial Chemicals,PS-100,433,207.59,76403.5,15,CC310,S. Moyo,Invoiced,37.6
SO-00782,C3015,2024-04-20,2024-04,Industrial Chemicals,IC-5,374,300.07,112226.18,0,CC300,S. Moyo,Open,21.0
SO-00783,C3018,2024-08-16,2024-08,Service Contract,PS-300,61,235.96,12234.53,15,CC300,B. Ncube,Invoiced,41.21
SO-00784,C3017,2024-05-29,2024-05,Spares,PS-300,352,199.94,65100.46,7.5,CC300,S. Moyo,Invoiced,30.3
SO-00785,C3011,2025-06-13,2025-06,Polymer Components,PS-300,439,125.62,55147.18,0,CC300,T. Makuvaza,Cancelled,17.03
SO-00786,C3004,2024-04-10,2024-04,Packaging Materials,PC-10,40,258.28,10331.2,0,CC310,S. Moyo,Cancelled,11.86
SO-00787,C3008,2024-04-29,2024-04,Polymer Components,PS-300,128,12.97,1660.16,0,CC300,A. Banda,Cancelled,9.17
SO-00788,C3014,2024-08-20,2024-08,Spares,PS-100,164,76.53,12550.92,0,CC300,T. Makuvaza,Invoiced,19.18
SO-00789,C3009,2025-08-09,2025-08,Service Contract,SP-9,339,294.23,99743.97,0,CC300,B. Ncube,Invoiced,35.83
SO-00790,C3012,2025-09-04,2025-09,Polymer Components,PC-20,423,159.97,65975.63,2.5,CC300,A. Banda,Open,33.76
SO-00791,C3008,2025-02-03,2025-02,Industrial Chemicals,PC-10,404,84.41,34101.64,0,CC300,T. Makuvaza,Invoiced,27.3
SO-00792,C3005,2024-02-06,2024-02,Industrial Chemicals,PS-300,13,23.67,307.71,0,CC300,T. Makuvaza,Open,34.13
SO-00793,C3008,2025-07-20,2025-07,Polymer Components,PC-20,39,173.18,6585.17,2.5,CC300,T. Makuvaza,Invoiced,26.45
SO-00794,C3005,2025-07-31,2025-07,Packaging Materials,IC-5,381,202.19,71256.81,7.5,CC300,B. Ncube,Invoiced,16.22
SO-00795,C3014,2025-05-07,2025-05,Industrial Chemicals,IC-5,297,119.08,34482.59,2.5,CC300,T. Makuvaza,Invoiced,31.31
SO-00796,C3012,2024-04-16,2024-04,Spares,PS-100,356,224.15,75807.53,5,CC300,T. Makuvaza,Open,15.47
SO-00797,C3012,2025-07-30,2025-07,Spares,PS-300,448,273.7,110355.84,10,CC300,B. Ncube,Open,33.04
SO-00798,C3010,2025-05-28,2025-05,Spares,SP-9,48,102.91,4445.71,10,CC300,T. Makuvaza,Open,26.78
SO-00799,C3013,2025-05-26,2025-05,Packaging Materials,IC-5,394,209.67,78479.48,5,CC300,B. Ncube,Invoiced,41.01
SO-00800,C3017,2024-04-29,2024-04,Industrial Chemicals,PS-200,267,71.85,17265.55,10,CC300,S. Moyo,Invoiced,19.26
SO-00801,C3011,2024-11-03,2024-11,Fabricated Steel,PC-20,117,94.64,9411.95,15,CC300,B. Ncube,Cancelled,22.65
SO-00802,C3011,2024-01-23,2024-01,Industrial Chemicals,IC-5,470,295.99,132159.54,5,CC300,B. Ncube,Open,33.77
SO-00803,C3006,2025-03-30,2025-03,Packaging Materials,IC-5,356,185.4,62702.28,5,CC300,B. Ncube,Invoiced,23.77
SO-00804,C3018,2024-10-30,2024-10,Fabricated Steel,IC-5,258,139.32,35944.56,0,CC300,T. Makuvaza,Invoiced,16.5
SO-00805,C3015,2025-02-16,2025-02,Industrial Chemicals,PS-200,453,217.03,88483.13,10,CC300,A. Banda,Invoiced,21.76
SO-00806,C3003,2025-01-02,2025-01,Spares,PC-20,390,274.98,101880.09,5,CC310,T. Makuvaza,Invoiced,40.3
SO-00807,C3014,2024-01-25,2024-01,Industrial Chemicals,SP-9,32,139.52,4464.64,0,CC300,T. Makuvaza,Invoiced,11.57
SO-00808,C3002,2024-08-25,2024-08,Fabricated Steel,SP-9,393,28.23,11094.39,0,CC310,B. Ncube,Cancelled,11.43
SO-00809,C3002,2024-01-22,2024-01,Service Contract,SP-9,213,193.62,39179.01,5,CC310,B. Ncube,Invoiced,15.46
SO-00810,C3002,2024-02-07,2024-02,Industrial Chemicals,IC-5,419,87.95,33165.95,10,CC310,S. Moyo,Invoiced,36.51
SO-00811,C3016,2025-03-16,2025-03,Fabricated Steel,PC-20,362,198.7,70131.16,2.5,CC310,T. Makuvaza,Cancelled,18.17
SO-00812,C3003,2025-03-01,2025-03,Industrial Chemicals,PS-200,150,286.07,38619.45,10,CC310,A. Banda,Invoiced,15.59
SO-00813,C3018,2024-03-14,2024-03,Spares,PC-20,285,124.79,32008.64,10,CC300,B. Ncube,Cancelled,37.68
SO-00814,C3015,2024-11-05,2024-11,Polymer Components,PS-300,345,187.41,63040.04,2.5,CC300,A. Banda,Invoiced,33.08
SO-00815,C3014,2025-02-06,2025-02,Spares,PS-100,398,311.46,120862.05,2.5,CC300,S. Moyo,Open,15.82
SO-00816,C3010,2025-07-23,2025-07,Polymer Components,PC-10,289,44.05,11775.67,7.5,CC300,B. Ncube,Invoiced,35.13
SO-00817,C3008,2025-07-31,2025-07,Polymer Components,SP-9,103,133.14,13370.58,2.5,CC300,S. Moyo,Invoiced,19.14
SO-00818,C3007,2024-01-30,2024-01,Spares,PS-200,216,59.89,11966.02,7.5,CC300,A. Banda,Cancelled,19.0
SO-00819,C3008,2025-01-16,2025-01,Polymer Components,SP-9,88,71.53,6137.27,2.5,CC300,B. Ncube,Cancelled,13.94
SO-00820,C3006,2025-02-09,2025-02,Polymer Components,PS-200,268,263.26,65262.15,7.5,CC300,A. Banda,Invoiced,10.07
SO-00821,C3012,2024-10-30,2024-10,Service Contract,PC-10,232,96.23,20650.96,7.5,CC300,S. Moyo,Invoiced,38.21
SO-00822,C3015,2024-12-06,2024-12,Industrial Chemicals,SP-9,384,311.08,116468.35,2.5,CC300,A. Banda,Open,11.43
SO-00823,C3005,2024-01-26,2024-01,Polymer Components,PS-200,202,75.26,15202.52,0,CC300,T. Makuvaza,Cancelled,41.19
SO-00824,C3017,2024-08-05,2024-08,Spares,IC-5,385,195.65,75325.25,0,CC300,T. Makuvaza,Invoiced,21.03
SO-00825,C3011,2025-09-12,2025-09,Industrial Chemicals,PS-200,425,173.88,66509.1,10,CC300,A. Banda,Invoiced,32.74
SO-00826,C3002,2024-04-25,2024-04,Fabricated Steel,SP-9,176,208.55,36704.8,0,CC310,S. Moyo,Open,25.53
SO-00827,C3008,2024-01-10,2024-01,Packaging Materials,PS-200,398,75.96,27208.87,10,CC300,T. Makuvaza,Cancelled,12.71
SO-00828,C3009,2025-06-02,2025-06,Service Contract,SP-9,9,199.23,1658.59,7.5,CC300,B. Ncube,Open,27.56
SO-00829,C3010,2024-01-12,2024-01,Polymer Components,IC-5,277,181.79,50355.83,0,CC300,B. Ncube,Invoiced,26.42
SO-00830,C3012,2024-07-15,2024-07,Spares,SP-9,287,284.13,81545.31,0,CC300,B. Ncube,Invoiced,33.26
SO-00831,C3004,2025-04-12,2025-04,Spares,SP-9,68,60.79,4133.72,0,CC310,B. Ncube,Open,24.94
SO-00832,C3017,2025-06-20,2025-06,Industrial Chemicals,PC-10,319,190.47,51645.94,15,CC300,A. Banda,Open,11.9
SO-00833,C3005,2024-08-05,2024-08,Packaging Materials,SP-9,14,213.64,2542.32,15,CC300,S. Moyo,Invoiced,27.15
SO-00834,C3014,2025-06-11,2025-06,Fabricated Steel,PS-100,463,183.66,72279.39,15,CC300,T. Makuvaza,Invoiced,32.46
SO-00835,C3003,2025-02-24,2025-02,Spares,SP-9,165,283.46,44432.35,5,CC310,T. Makuvaza,Invoiced,34.76
SO-00836,C3006,2024-03-09,2024-03,Industrial Chemicals,PS-200,16,169.55,2712.8,0,CC300,T. Makuvaza,Invoiced,17.19
SO-00837,C3018,2024-09-07,2024-09,Service Contract,PS-300,187,265.34,44656.72,10,CC300,A. Banda,Invoiced,25.07
SO-00838,C3015,2024-05-10,2024-05,Fabricated Steel,IC-5,361,127.65,39169.4,15,CC300,B. Ncube,Cancelled,26.23
SO-00839,C3002,2024-07-07,2024-07,Packaging Materials,PS-100,165,33.19,5476.35,0,CC310,T. Makuvaza,Open,28.92
SO-00840,C3012,2025-01-30,2025-01,Fabricated Steel,PS-200,184,233.78,40864.74,5,CC300,B. Ncube,Cancelled,15.47
SO-00841,C3008,2025-05-02,2025-05,Fabricated Steel,SP-9,167,159.7,24669.66,7.5,CC300,A. Banda,Invoiced,21.48
SO-00842,C3015,2024-05-16,2024-05,Service Contract,IC-5,26,265.48,6384.79,7.5,CC300,A. Banda,Invoiced,39.47
SO-00843,C3003,2025-01-23,2025-01,Polymer Components,PS-200,238,281.35,65287.27,2.5,CC310,A. Banda,Invoiced,18.85
SO-00844,C3006,2024-10-10,2024-10,Fabricated Steel,IC-5,2,245.6,466.64,5,CC300,B. Ncube,Invoiced,24.14
SO-00845,C3015,2024-07-24,2024-07,Spares,PC-10,18,159.76,2660.0,7.5,CC300,B. Ncube,Invoiced,31.07
SO-00846,C3009,2025-04-16,2025-04,Service Contract,PS-100,432,62.8,25094.88,7.5,CC300,T. Makuvaza,Invoiced,26.59
SO-00847,C3016,2025-06-04,2025-06,Polymer Components,PC-10,428,249.27,98685.99,7.5,CC310,T. Makuvaza,Open,29.17
SO-00848,C3004,2025-02-23,2025-02,Packaging Materials,PS-300,117,97.54,11412.18,0,CC310,B. Ncube,Open,11.93
SO-00849,C3013,2024-11-26,2024-11,Polymer Components,SP-9,395,15.38,5163.84,15,CC300,S. Moyo,Invoiced,26.3
SO-00850,C3004,2025-08-09,2025-08,Fabricated Steel,PC-10,432,252.71,109170.72,0,CC310,B. Ncube,Cancelled,20.77
SO-00851,C3013,2024-10-09,2024-10,Industrial Chemicals,PS-300,342,148.38,49477.31,2.5,CC300,B. Ncube,Invoiced,11.75
SO-00852,C3015,2024-11-21,2024-11,Service Contract,PC-10,480,301.47,133852.68,7.5,CC300,B. Ncube,Invoiced,31.32
SO-00853,C3006,2024-03-24,2024-03,Packaging Materials,IC-5,457,242.92,111014.44,0,CC300,A. Banda,Invoiced,8.21
SO-00854,C3009,2024-07-05,2024-07,Industrial Chemicals,IC-5,186,84.64,15743.04,0,CC300,B. Ncube,Invoiced,41.34
SO-00855,C3018,2024-06-16,2024-06,Fabricated Steel,PS-300,270,287.5,77625.0,0,CC300,B. Ncube,Invoiced,30.32
SO-00856,C3001,2025-02-17,2025-02,Polymer Components,SP-9,428,255.11,92809.02,15,CC300,S. Moyo,Open,21.14
SO-00857,C3018,2025-06-28,2025-06,Packaging Materials,PC-10,52,116.23,6043.96,0,CC300,S. Moyo,Cancelled,19.68
SO-00858,C3017,2024-12-03,2024-12,Spares,PS-200,61,128.1,7618.75,2.5,CC300,A. Banda,Invoiced,33.82
SO-00859,C3005,2024-12-28,2024-12,Fabricated Steel,IC-5,428,47.18,20193.04,0,CC300,B. Ncube,Invoiced,14.98
SO-00860,C3018,2024-09-24,2024-09,Industrial Chemicals,IC-5,272,177.43,45847.91,5,CC300,A. Banda,Invoiced,37.29
SO-00861,C3013,2025-07-25,2025-07,Industrial Chemicals,PS-100,352,170.88,60149.76,0,CC300,S. Moyo,Invoiced,29.15
SO-00862,C3009,2025-05-22,2025-05,Polymer Components,IC-5,311,305.6,90289.52,5,CC300,S. Moyo,Open,11.07
SO-00863,C3002,2025-06-13,2025-06,Packaging Materials,PS-300,254,109.89,27912.06,0,CC310,S. Moyo,Cancelled,31.63
SO-00864,C3016,2024-04-23,2024-04,Service Contract,PC-10,454,61.13,24977.72,10,CC310,T. Makuvaza,Invoiced,25.6
SO-00865,C3018,2024-08-10,2024-08,Industrial Chemicals,PC-20,116,112.92,12771.25,2.5,CC300,S. Moyo,Invoiced,38.29
SO-00866,C3008,2024-06-17,2024-06,Packaging Materials,PS-200,234,287.44,62216.39,7.5,CC300,A. Banda,Invoiced,17.74
SO-00867,C3007,2024-01-31,2024-01,Industrial Chemicals,PS-100,16,29.09,395.62,15,CC300,A. Banda,Open,35.57
SO-00868,C3007,2025-05-27,2025-05,Fabricated Steel,PC-10,269,26.48,6054.65,15,CC300,A. Banda,Invoiced,21.91
SO-00869,C3005,2024-07-18,2024-07,Packaging Materials,PC-20,37,255.21,9442.77,0,CC300,T. Makuvaza,Open,20.24
SO-00870,C3008,2024-07-06,2024-07,Fabricated Steel,PS-300,311,120.5,31854.17,15,CC300,T. Makuvaza,Invoiced,14.54
SO-00871,C3008,2025-08-21,2025-08,Packaging Materials,PS-100,284,179.11,43237.15,15,CC300,A. Banda,Invoiced,26.36
SO-00872,C3011,2024-05-19,2024-05,Fabricated Steel,PS-300,109,101.21,9928.7,10,CC300,B. Ncube,Invoiced,15.37
SO-00873,C3012,2025-07-09,2025-07,Packaging Materials,PC-10,474,196.93,88677.58,5,CC300,T. Makuvaza,Invoiced,27.42
SO-00874,C3013,2024-08-28,2024-08,Fabricated Steel,SP-9,295,230.91,63009.57,7.5,CC300,A. Banda,Invoiced,14.38
SO-00875,C3006,2024-07-27,2024-07,Service Contract,PS-100,105,229.38,22278.53,7.5,CC300,A. Banda,Open,21.43
SO-00876,C3017,2025-01-09,2025-01,Service Contract,PS-300,206,318.26,63922.52,2.5,CC300,B. Ncube,Invoiced,11.12
SO-00877,C3016,2025-05-06,2025-05,Packaging Materials,PS-100,267,125.94,31104.03,7.5,CC310,B. Ncube,Invoiced,16.07
SO-00878,C3002,2024-10-25,2024-10,Packaging Materials,SP-9,254,176.73,44889.42,0,CC310,B. Ncube,Cancelled,28.72
SO-00879,C3009,2024-02-23,2024-02,Fabricated Steel,PS-200,322,71.49,22444.29,2.5,CC300,A. Banda,Cancelled,14.93
SO-00880,C3005,2024-01-30,2024-01,Service Contract,PS-100,353,60.03,21190.59,0,CC300,A. Banda,Cancelled,32.27
SO-00881,C3015,2024-11-19,2024-11,Packaging Materials,PS-200,432,236.97,94693.21,7.5,CC300,A. Banda,Cancelled,22.22
SO-00882,C3008,2024-03-12,2024-03,Service Contract,IC-5,298,29.35,8527.64,2.5,CC300,T. Makuvaza,Cancelled,25.29
SO-00883,C3001,2024-05-17,2024-05,Industrial Chemicals,IC-5,386,58.8,22696.8,0,CC300,B. Ncube,Cancelled,26.82
SO-00884,C3003,2024-12-06,2024-12,Spares,PS-300,314,109.1,32544.53,5,CC310,T. Makuvaza,Invoiced,27.95
SO-00885,C3015,2025-02-10,2025-02,Industrial Chemicals,PS-100,77,90.87,6647.14,5,CC300,B. Ncube,Cancelled,32.31
SO-00886,C3017,2025-09-09,2025-09,Service Contract,PC-10,321,172.73,51287.86,7.5,CC300,S. Moyo,Invoiced,31.5
SO-00887,C3011,2024-08-28,2024-08,Polymer Components,PC-10,435,159.35,67584.32,2.5,CC300,T. Makuvaza,Open,25.03
SO-00888,C3006,2024-12-29,2024-12,Industrial Chemicals,PC-20,432,261.8,113097.6,0,CC300,B. Ncube,Invoiced,12.96
SO-00889,C3018,2024-10-23,2024-10,Fabricated Steel,PC-10,243,103.52,25155.36,0,CC300,S. Moyo,Invoiced,17.38
SO-00890,C3010,2024-03-30,2024-03,Service Contract,IC-5,316,95.83,30282.28,0,CC300,A. Banda,Cancelled,10.67
SO-00891,C3014,2024-08-23,2024-08,Service Contract,PS-100,66,17.12,1045.18,7.5,CC300,T. Makuvaza,Invoiced,22.22
SO-00892,C3010,2025-02-22,2025-02,Packaging Materials,PS-200,403,42.02,16934.06,0,CC300,B. Ncube,Invoiced,39.47
SO-00893,C3013,2025-09-04,2025-09,Spares,PS-300,103,51.19,5272.57,0,CC300,T. Makuvaza,Invoiced,13.29
SO-00894,C3011,2024-05-20,2024-05,Polymer Components,PS-100,103,27.51,2550.18,10,CC300,T. Makuvaza,Invoiced,35.45
SO-00895,C3001,2025-06-24,2025-06,Polymer Components,PS-100,43,105.96,4556.28,0,CC300,T. Makuvaza,Cancelled,20.3
SO-00896,C3015,2025-04-18,2025-04,Service Contract,PS-100,357,103.77,33341.3,10,CC300,T. Makuvaza,Invoiced,16.07
SO-00897,C3013,2024-06-30,2024-06,Spares,PS-300,203,17.49,3550.47,0,CC300,T. Makuvaza,Invoiced,24.63
SO-00898,C3016,2024-02-26,2024-02,Polymer Components,SP-9,435,204.87,84662.53,5,CC310,T. Makuvaza,Open,40.68
SO-00899,C3006,2025-08-11,2025-08,Spares,PS-300,89,309.12,27511.68,0,CC300,T. Makuvaza,Invoiced,12.71
