AssetID,AssetDescription,AssetClass,CostAccountCode,AccDepAccountCode,LocationCode,AcquisitionDate,CostUSD,UsefulLifeYears,MonthlyDepreciationUSD,AccumulatedDepreciationUSD,NBVUSD,DisposalDate,Custodian
FA-1000,Office unit 001,Office Equipment,1420,1460,CC200,2022-12-06,16827.56,4,350.57,11568.95,5258.61,,P. Gumbo
FA-1001,Motor unit 002,Motor Vehicles,1410,1450,CC110,2021-09-18,7940.22,5,132.34,6352.18,1588.04,,N. Zhou
FA-1002,Motor unit 003,Motor Vehicles,1410,1450,CC210,2018-09-18,8035.88,5,133.93,8035.88,0.0,,P. Gumbo
FA-1003,Motor unit 004,Motor Vehicles,1410,1450,CC400,2016-08-08,67693.65,5,1128.23,67693.65,0.0,,N. Zhou
FA-1004,Office unit 005,Office Equipment,1420,1460,CC300,2021-10-11,19675.23,4,409.9,19265.33,409.9,,P. Gumbo
FA-1005,Plant unit 006,Plant and Machinery,1400,1440,CC500,2021-04-19,65914.55,10,549.29,29112.26,36802.29,,P. Gumbo
FA-1006,Motor unit 007,Motor Vehicles,1410,1450,CC310,2020-02-08,317807.47,5,5296.79,317807.47,0.0,,P. Gumbo
FA-1007,Motor unit 008,Motor Vehicles,1410,1450,CC110,2021-10-15,64101.52,5,1068.36,50212.86,13888.66,,A. Banda
FA-1008,Office unit 009,Office Equipment,1420,1460,CC110,2020-07-10,32319.33,4,673.32,32319.33,0.0,,P. Gumbo
FA-1009,Motor unit 010,Motor Vehicles,1410,1450,CC400,2022-03-03,34621.05,5,577.02,24234.74,10386.32,,N. Zhou
FA-1010,Motor unit 011,Motor Vehicles,1410,1450,CC300,2024-04-16,8861.71,5,147.7,2510.82,6350.89,,P. Gumbo
FA-1011,Motor unit 012,Motor Vehicles,1410,1450,CC300,2024-02-15,33537.48,5,558.96,10620.2,22917.28,,A. Banda
FA-1012,Motor unit 013,Motor Vehicles,1410,1450,CC400,2021-09-10,16768.1,5,279.47,13414.48,3353.62,,A. Banda
FA-1013,Plant unit 014,Plant and Machinery,1400,1440,CC900,2024-11-07,7801.91,10,65.02,650.16,7151.75,,K. Dube
FA-1014,Office unit 015,Office Equipment,1420,1460,CC110,2024-03-24,35784.06,4,745.5,13419.02,22365.04,,P. Gumbo
FA-1015,Motor unit 016,Motor Vehicles,1410,1450,CC300,2016-08-28,67774.08,5,1129.57,67774.08,0.0,,P. Gumbo
FA-1016,Motor unit 017,Motor Vehicles,1410,1450,CC210,2016-06-06,19768.5,5,329.47,19768.5,0.0,,A. Banda
FA-1017,Plant unit 018,Plant and Machinery,1400,1440,CC100,2024-12-05,154169.02,10,1284.74,11562.68,142606.34,,P. Gumbo
FA-1018,Office unit 019,Office Equipment,1420,1460,CC100,2023-01-14,146451.24,4,3051.07,97634.16,48817.08,,P. Gumbo
FA-1019,Office unit 020,Office Equipment,1420,1460,CC500,2021-04-15,134492.76,4,2801.93,134492.76,0.0,,K. Dube
FA-1020,Plant unit 021,Plant and Machinery,1400,1440,CC200,2024-06-09,8439.98,10,70.33,1055.0,7384.98,2025-04-12,N. Zhou
FA-1021,Office unit 022,Office Equipment,1420,1460,CC400,2017-11-22,8065.51,4,168.03,8065.51,0.0,,N. Zhou
FA-1022,Office unit 023,Office Equipment,1420,1460,CC110,2017-11-01,156334.37,4,3256.97,156334.37,0.0,,K. Dube
FA-1023,Plant unit 024,Plant and Machinery,1400,1440,CC200,2024-06-21,66083.22,10,550.69,8260.4,57822.82,,K. Dube
FA-1024,Office unit 025,Office Equipment,1420,1460,CC900,2023-08-11,9076.78,4,189.1,4727.49,4349.29,,A. Banda
FA-1025,Office unit 026,Office Equipment,1420,1460,CC500,2024-12-29,33697.12,4,702.02,6318.21,27378.91,,A. Banda
FA-1026,Plant unit 027,Plant and Machinery,1400,1440,CC110,2022-05-22,59700.65,10,497.51,19900.22,39800.43,,K. Dube
FA-1027,Motor unit 028,Motor Vehicles,1410,1450,CC900,2020-07-07,16921.33,5,282.02,16921.33,0.0,,K. Dube
FA-1028,Plant unit 029,Plant and Machinery,1400,1440,CC110,2018-07-19,32445.55,10,270.38,23252.64,9192.91,,N. Zhou
FA-1029,Plant unit 030,Plant and Machinery,1400,1440,CC900,2017-04-20,9135.1,10,76.13,7688.71,1446.39,,P. Gumbo
FA-1030,Plant unit 031,Plant and Machinery,1400,1440,CC210,2023-12-10,8418.96,10,70.16,1473.32,6945.64,2025-04-12,K. Dube
FA-1031,Office unit 032,Office Equipment,1420,1460,CC300,2019-06-06,9102.3,4,189.63,9102.3,0.0,,N. Zhou
FA-1032,Plant unit 033,Plant and Machinery,1400,1440,CC210,2019-05-17,18858.13,10,157.15,11943.48,6914.65,,P. Gumbo
FA-1033,Office unit 034,Office Equipment,1420,1460,CC300,2020-11-07,9046.82,4,188.48,9046.82,0.0,,K. Dube
FA-1034,Plant unit 035,Plant and Machinery,1400,1440,CC210,2018-05-18,33346.41,10,277.89,24454.03,8892.38,,K. Dube
FA-1035,Plant unit 036,Plant and Machinery,1400,1440,CC100,2016-10-26,8321.7,10,69.35,7420.18,901.52,,P. Gumbo
FA-1036,Office unit 037,Office Equipment,1420,1460,CC300,2025-01-09,64226.72,4,1338.06,10704.45,53522.27,,P. Gumbo
FA-1037,Office unit 038,Office Equipment,1420,1460,CC900,2019-11-15,16456.76,4,342.85,16456.76,0.0,,K. Dube
FA-1038,Plant unit 039,Plant and Machinery,1400,1440,CC300,2021-02-17,64908.61,10,540.91,29749.78,35158.83,,P. Gumbo
FA-1039,Office unit 040,Office Equipment,1420,1460,CC300,2024-12-03,291230.98,4,6067.31,54605.81,236625.17,,P. Gumbo
FA-1040,Motor unit 041,Motor Vehicles,1410,1450,CC110,2018-04-29,64739.74,5,1079.0,64739.74,-0.0,,N. Zhou
FA-1041,Motor unit 042,Motor Vehicles,1410,1450,CC310,2018-03-24,62080.21,5,1034.67,62080.21,0.0,,P. Gumbo
FA-1042,Motor unit 043,Motor Vehicles,1410,1450,CC500,2016-08-29,315671.23,5,5261.19,315671.23,0.0,,A. Banda
FA-1043,Plant unit 044,Plant and Machinery,1400,1440,CC210,2017-02-05,337249.26,10,2810.41,289472.28,47776.98,,P. Gumbo
FA-1044,Motor unit 045,Motor Vehicles,1410,1450,CC400,2016-10-31,143223.64,5,2387.06,143223.64,0.0,,N. Zhou
FA-1045,Motor unit 046,Motor Vehicles,1410,1450,CC200,2023-11-15,9169.77,5,152.83,3362.25,5807.52,,A. Banda
FA-1046,Plant unit 047,Plant and Machinery,1400,1440,CC200,2020-04-12,8028.42,10,66.9,4348.73,3679.69,,N. Zhou
FA-1047,Plant unit 048,Plant and Machinery,1400,1440,CC310,2021-11-08,59261.53,10,493.85,22716.92,36544.61,,A. Banda
FA-1048,Motor unit 049,Motor Vehicles,1410,1450,CC900,2023-08-07,306423.21,5,5107.05,127676.34,178746.87,,N. Zhou
FA-1049,Office unit 050,Office Equipment,1420,1460,CC200,2019-04-01,60718.51,4,1264.97,60718.51,0.0,,A. Banda
FA-1050,Office unit 051,Office Equipment,1420,1460,CC310,2021-12-24,8438.43,4,175.8,7911.03,527.4,2025-04-12,N. Zhou
FA-1051,Office unit 052,Office Equipment,1420,1460,CC200,2018-01-25,17181.5,4,357.95,17181.5,0.0,,A. Banda
FA-1052,Motor unit 053,Motor Vehicles,1410,1450,CC110,2017-03-26,62221.19,5,1037.02,62221.19,-0.0,,A. Banda
FA-1053,Plant unit 054,Plant and Machinery,1400,1440,CC310,2019-10-14,36761.73,10,306.35,21750.69,15011.04,,A. Banda
FA-1054,Motor unit 055,Motor Vehicles,1410,1450,CC200,2021-02-11,333399.47,5,5556.66,305616.18,27783.29,,K. Dube
FA-1055,Plant unit 056,Plant and Machinery,1400,1440,CC300,2020-10-23,35440.04,10,295.33,17424.69,18015.35,,N. Zhou
FA-1056,Office unit 057,Office Equipment,1420,1460,CC100,2016-10-11,17025.07,4,354.69,17025.07,0.0,,K. Dube
FA-1057,Office unit 058,Office Equipment,1420,1460,CC500,2023-07-29,7978.74,4,166.22,4321.82,3656.92,,K. Dube
FA-1058,Office unit 059,Office Equipment,1420,1460,CC200,2020-02-15,33606.66,4,700.14,33606.66,0.0,,A. Banda
FA-1059,Plant unit 060,Plant and Machinery,1400,1440,CC300,2021-07-26,64760.48,10,539.67,26983.53,37776.95,,N. Zhou
FA-1060,Motor unit 061,Motor Vehicles,1410,1450,CC110,2024-12-22,8037.93,5,133.97,1205.69,6832.24,,A. Banda
FA-1061,Office unit 062,Office Equipment,1420,1460,CC310,2018-01-28,61998.89,4,1291.64,61998.89,0.0,,A. Banda
FA-1062,Office unit 063,Office Equipment,1420,1460,CC310,2020-01-11,35433.89,4,738.21,35433.89,0.0,,K. Dube
FA-1063,Office unit 064,Office Equipment,1420,1460,CC500,2022-03-12,31838.64,4,663.3,27858.81,3979.83,,K. Dube
FA-1064,Office unit 065,Office Equipment,1420,1460,CC110,2020-06-06,333412.05,4,6946.08,333412.05,0.0,,K. Dube
FA-1065,Office unit 066,Office Equipment,1420,1460,CC100,2019-11-26,8841.98,4,184.21,8841.98,0.0,,P. Gumbo
FA-1066,Office unit 067,Office Equipment,1420,1460,CC300,2022-01-28,8992.24,4,187.34,8242.89,749.35,,A. Banda
FA-1067,Motor unit 068,Motor Vehicles,1410,1450,CC400,2019-05-16,66169.57,5,1102.83,66169.57,0.0,,P. Gumbo
FA-1068,Plant unit 069,Plant and Machinery,1400,1440,CC400,2017-12-01,19266.33,10,160.55,14931.41,4334.92,,P. Gumbo
FA-1069,Motor unit 070,Motor Vehicles,1410,1450,CC110,2022-03-20,17385.32,5,289.76,12169.72,5215.6,,N. Zhou
FA-1070,Office unit 071,Office Equipment,1420,1460,CC900,2024-10-03,34500.75,4,718.77,7906.42,26594.33,,A. Banda
FA-1071,Motor unit 072,Motor Vehicles,1410,1450,CC500,2018-05-04,7972.08,5,132.87,7972.08,0.0,,A. Banda
FA-1072,Office unit 073,Office Equipment,1420,1460,CC310,2024-11-12,329381.58,4,6862.12,68621.16,260760.42,,K. Dube
FA-1073,Motor unit 074,Motor Vehicles,1410,1450,CC110,2020-02-04,155760.0,5,2596.0,155760.0,0.0,,P. Gumbo
FA-1074,Office unit 075,Office Equipment,1420,1460,CC200,2021-09-23,58764.74,4,1224.27,58764.74,0.0,2025-04-12,P. Gumbo
FA-1075,Motor unit 076,Motor Vehicles,1410,1450,CC210,2020-07-10,63895.29,5,1064.92,63895.29,-0.0,,P. Gumbo
FA-1076,Plant unit 077,Plant and Machinery,1400,1440,CC400,2022-03-05,280223.22,10,2335.19,98078.13,182145.09,,A. Banda
FA-1077,Motor unit 078,Motor Vehicles,1410,1450,CC310,2017-08-13,295295.86,5,4921.6,295295.86,0.0,,A. Banda
FA-1078,Office unit 079,Office Equipment,1420,1460,CC210,2019-12-13,17513.98,4,364.87,17513.98,0.0,,N. Zhou
FA-1079,Plant unit 080,Plant and Machinery,1400,1440,CC100,2018-04-03,156352.22,10,1302.94,115961.23,40390.99,,A. Banda
FA-1080,Motor unit 081,Motor Vehicles,1410,1450,CC400,2016-09-12,146010.1,5,2433.5,146010.1,0.0,,K. Dube
FA-1081,Office unit 082,Office Equipment,1420,1460,CC900,2024-11-07,8267.22,4,172.23,1722.34,6544.88,,K. Dube
FA-1082,Motor unit 083,Motor Vehicles,1410,1450,CC100,2024-12-07,18038.68,5,300.64,2705.8,15332.88,,N. Zhou
FA-1083,Office unit 084,Office Equipment,1420,1460,CC200,2017-06-27,36726.73,4,765.14,36726.73,0.0,,P. Gumbo
FA-1084,Motor unit 085,Motor Vehicles,1410,1450,CC110,2016-11-20,136439.49,5,2273.99,136439.49,0.0,,A. Banda
FA-1085,Plant unit 086,Plant and Machinery,1400,1440,CC400,2020-11-13,56362.56,10,469.69,27241.9,29120.66,,N. Zhou
FA-1086,Plant unit 087,Plant and Machinery,1400,1440,CC310,2019-07-06,298781.2,10,2489.84,184248.41,114532.79,,N. Zhou
FA-1087,Plant unit 088,Plant and Machinery,1400,1440,CC300,2018-07-23,8596.69,10,71.64,6160.96,2435.73,,A. Banda
FA-1088,Office unit 089,Office Equipment,1420,1460,CC400,2016-07-06,18666.76,4,388.89,18666.76,0.0,,P. Gumbo
FA-1089,Office unit 090,Office Equipment,1420,1460,CC400,2016-01-25,34113.49,4,710.7,34113.49,0.0,,K. Dube
FA-1090,Office unit 091,Office Equipment,1420,1460,CC400,2020-06-09,31117.21,4,648.28,31117.21,0.0,,K. Dube
FA-1091,Plant unit 092,Plant and Machinery,1400,1440,CC900,2018-04-30,143442.2,10,1195.35,106386.3,37055.9,,P. Gumbo
FA-1092,Plant unit 093,Plant and Machinery,1400,1440,CC300,2022-11-05,36170.19,10,301.42,10248.22,25921.97,,P. Gumbo
FA-1093,Plant unit 094,Plant and Machinery,1400,1440,CC100,2022-11-27,61127.74,10,509.4,17319.53,43808.21,,P. Gumbo
FA-1094,Office unit 095,Office Equipment,1420,1460,CC310,2023-12-15,32111.99,4,669.0,14049.0,18062.99,,P. Gumbo
FA-1095,Motor unit 096,Motor Vehicles,1410,1450,CC310,2024-07-03,7691.24,5,128.19,1794.62,5896.62,,N. Zhou
FA-1096,Plant unit 097,Plant and Machinery,1400,1440,CC400,2016-07-28,136574.13,10,1138.12,125192.95,11381.18,,A. Banda
FA-1097,Motor unit 098,Motor Vehicles,1410,1450,CC200,2022-02-08,34179.48,5,569.66,24495.29,9684.19,,N. Zhou
FA-1098,Plant unit 099,Plant and Machinery,1400,1440,CC100,2019-08-22,65537.04,10,546.14,39868.37,25668.67,,K. Dube
FA-1099,Motor unit 100,Motor Vehicles,1410,1450,CC200,2018-03-22,18371.69,5,306.19,18371.69,0.0,,N. Zhou
FA-1100,Plant unit 101,Plant and Machinery,1400,1440,CC300,2021-01-18,32034.42,10,266.95,14949.4,17085.02,,A. Banda
FA-1101,Motor unit 102,Motor Vehicles,1410,1450,CC110,2023-03-25,8698.29,5,144.97,4349.15,4349.15,,K. Dube
FA-1102,Office unit 103,Office Equipment,1420,1460,CC500,2016-03-24,18769.66,4,391.03,18769.66,0.0,,K. Dube
FA-1103,Plant unit 104,Plant and Machinery,1400,1440,CC400,2023-02-03,327235.76,10,2726.96,84535.9,242699.86,,A. Banda
FA-1104,Motor unit 105,Motor Vehicles,1410,1450,CC110,2022-09-15,19476.51,5,324.61,11685.91,7790.6,,K. Dube
FA-1105,Plant unit 106,Plant and Machinery,1400,1440,CC110,2021-05-21,17951.61,10,149.6,7779.03,10172.58,,A. Banda
FA-1106,Plant unit 107,Plant and Machinery,1400,1440,CC100,2016-11-22,8883.43,10,74.03,7847.03,1036.4,,N. Zhou
FA-1107,Plant unit 108,Plant and Machinery,1400,1440,CC500,2021-10-30,56088.47,10,467.4,21967.98,34120.49,,P. Gumbo
FA-1108,Office unit 109,Office Equipment,1420,1460,CC310,2022-02-23,30851.69,4,642.74,27637.97,3213.72,,A. Banda
FA-1109,Motor unit 110,Motor Vehicles,1410,1450,CC300,2021-05-15,142649.77,5,2377.5,123629.8,19019.97,,P. Gumbo
FA-1110,Office unit 111,Office Equipment,1420,1460,CC300,2022-06-08,283100.3,4,5897.92,230018.99,53081.31,,N. Zhou
FA-1111,Office unit 112,Office Equipment,1420,1460,CC110,2024-10-07,9188.21,4,191.42,2105.63,7082.58,,P. Gumbo
FA-1112,Motor unit 113,Motor Vehicles,1410,1450,CC300,2016-09-26,35517.7,5,591.96,35517.7,0.0,,K. Dube
FA-1113,Plant unit 114,Plant and Machinery,1400,1440,CC210,2023-10-26,32333.98,10,269.45,6197.35,26136.63,,N. Zhou
FA-1114,Plant unit 115,Plant and Machinery,1400,1440,CC900,2017-12-05,19686.14,10,164.05,15256.76,4429.38,,N. Zhou
FA-1115,Office unit 116,Office Equipment,1420,1460,CC400,2016-10-31,135108.31,4,2814.76,135108.31,0.0,,A. Banda
FA-1116,Office unit 117,Office Equipment,1420,1460,CC300,2023-11-29,61201.1,4,1275.02,28050.5,33150.6,,N. Zhou
FA-1117,Plant unit 118,Plant and Machinery,1400,1440,CC310,2020-04-14,64871.73,10,540.6,35138.85,29732.88,,P. Gumbo
FA-1118,Office unit 119,Office Equipment,1420,1460,CC900,2017-01-24,146444.84,4,3050.93,146444.84,0.0,,P. Gumbo
FA-1119,Office unit 120,Office Equipment,1420,1460,CC210,2019-06-19,9269.37,4,193.11,9269.37,0.0,,K. Dube
