PeriodEnd,Period,FiscalYear,AccountCode,DebitMovement,CreditMovement,NetMovementSigned,OpeningBalance,ClosingBalance
2024-01-31,2024-01,2024,1010,1525046.56,1020368.95,504677.61,0.0,504677.61
2024-01-31,2024-01,2024,1020,3500.0,0.0,3500.0,0.0,3500.0
2024-01-31,2024-01,2024,1100,2273616.15,1154582.63,1119033.52,0.0,1119033.52
2024-01-31,2024-01,2024,1110,0.0,68000.0,68000.0,0.0,68000.0
2024-01-31,2024-01,2024,1120,42000.0,0.0,42000.0,0.0,42000.0
2024-01-31,2024-01,2024,1200,512000.0,0.0,512000.0,0.0,512000.0
2024-01-31,2024-01,2024,1210,168000.0,0.0,168000.0,0.0,168000.0
2024-01-31,2024-01,2024,1220,396000.0,0.0,396000.0,0.0,396000.0
2024-01-31,2024-01,2024,1230,0.0,52000.0,52000.0,0.0,52000.0
2024-01-31,2024-01,2024,1300,120489.4,0.0,120489.4,0.0,120489.4
2024-01-31,2024-01,2024,1310,149633.77,73210.35,76423.42,0.0,76423.42
2024-01-31,2024-01,2024,1400,2850000.0,0.0,2850000.0,0.0,2850000.0
2024-01-31,2024-01,2024,1410,640000.0,0.0,640000.0,0.0,640000.0
2024-01-31,2024-01,2024,1420,210000.0,0.0,210000.0,0.0,210000.0
2024-01-31,2024-01,2024,1430,480000.0,0.0,480000.0,0.0,480000.0
2024-01-31,2024-01,2024,1440,0.0,1127069.25,1127069.25,0.0,1127069.25
2024-01-31,2024-01,2024,1450,0.0,328000.0,328000.0,0.0,328000.0
2024-01-31,2024-01,2024,1460,0.0,96000.0,96000.0,0.0,96000.0
2024-01-31,2024-01,2024,1500,850000.0,0.0,850000.0,0.0,850000.0
2024-01-31,2024-01,2024,1600,55000.0,0.0,55000.0,0.0,55000.0
2024-01-31,2024-01,2024,1990,45744.85,21500.0,24244.85,0.0,24244.85
2024-01-31,2024-01,2024,2000,566026.39,1368523.58,802497.19,0.0,802497.19
2024-01-31,2024-01,2024,2010,1188.38,185186.27,183997.89,0.0,183997.89
2024-01-31,2024-01,2024,2020,0.0,64000.0,64000.0,0.0,64000.0
2024-01-31,2024-01,2024,2100,160073.67,279148.08,119074.41,0.0,119074.41
2024-01-31,2024-01,2024,2110,69860.99,120495.46,50634.47,0.0,50634.47
2024-01-31,2024-01,2024,2120,15871.42,47963.31,32091.89,0.0,32091.89
2024-01-31,2024-01,2024,2130,0.0,129431.77,129431.77,0.0,129431.77
2024-01-31,2024-01,2024,2300,0.0,402000.0,402000.0,0.0,402000.0
2024-01-31,2024-01,2024,2400,0.0,168000.0,168000.0,0.0,168000.0
2024-01-31,2024-01,2024,2500,0.0,90000.0,90000.0,0.0,90000.0
2024-01-31,2024-01,2024,3000,0.0,1000000.0,1000000.0,0.0,1000000.0
2024-01-31,2024-01,2024,3100,0.0,3047500.0,3047500.0,0.0,3047500.0
2024-01-31,2024-01,2024,3300,0.0,180000.0,180000.0,0.0,180000.0
2024-01-31,2024-01,2024,4000,0.0,474697.19,474697.19,0.0,474697.19
2024-01-31,2024-01,2024,4010,27500.0,343719.46,316219.46,0.0,316219.46
2024-01-31,2024-01,2024,4020,0.0,295904.09,295904.09,0.0,295904.09
2024-01-31,2024-01,2024,5000,335071.7,0.0,335071.7,0.0,335071.7
2024-01-31,2024-01,2024,5010,157000.43,0.0,157000.43,0.0,157000.43
2024-01-31,2024-01,2024,5020,48312.73,0.0,48312.73,0.0,48312.73
2024-01-31,2024-01,2024,6000,112184.44,0.0,112184.44,0.0,112184.44
2024-01-31,2024-01,2024,6020,0.0,6763.78,-6763.78,0.0,-6763.78
2024-01-31,2024-01,2024,6030,7069.25,0.0,7069.25,0.0,7069.25
2024-01-31,2024-01,2024,6040,10431.96,20291.35,-9859.39,0.0,-9859.39
2024-01-31,2024-01,2024,6050,4532.53,8696.29,-4163.76,0.0,-4163.76
2024-01-31,2024-01,2024,6060,4444.52,12561.31,-8116.79,0.0,-8116.79
2024-01-31,2024-01,2024,6070,5095.35,0.0,5095.35,0.0,5095.35
2024-01-31,2024-01,2024,6080,1494.18,2400.0,-905.82,0.0,-905.82
2024-01-31,2024-01,2024,6090,38124.58,0.0,38124.58,0.0,38124.58
2024-01-31,2024-01,2024,6100,9749.69,0.0,9749.69,0.0,9749.69
2024-01-31,2024-01,2024,6110,1579.28,0.0,1579.28,0.0,1579.28
2024-01-31,2024-01,2024,6120,43328.7,0.0,43328.7,0.0,43328.7
2024-01-31,2024-01,2024,6130,11722.97,0.0,11722.97,0.0,11722.97
2024-01-31,2024-01,2024,6140,32893.82,0.0,32893.82,0.0,32893.82
2024-01-31,2024-01,2024,6150,30114.03,0.0,30114.03,0.0,30114.03
2024-01-31,2024-01,2024,6190,139995.06,0.0,139995.06,0.0,139995.06
2024-01-31,2024-01,2024,6200,0.0,7147.33,7147.33,0.0,7147.33
2024-01-31,2024-01,2024,7000,7031.88,0.0,7031.88,0.0,7031.88
2024-01-31,2024-01,2024,8000,33431.77,0.0,33431.77,0.0,33431.77
2024-02-29,2024-02,2024,1010,1217225.99,1189348.63,27877.36,504677.61,532554.97
2024-02-29,2024-02,2024,1020,0.0,0.0,0.0,3500.0,3500.0
2024-02-29,2024-02,2024,1100,1432568.19,1269724.2,162843.99,1119033.52,1281877.51
2024-02-29,2024-02,2024,1110,0.0,0.0,-0.0,68000.0,68000.0
2024-02-29,2024-02,2024,1120,0.0,40410.64,-40410.64,42000.0,1589.36
2024-02-29,2024-02,2024,1200,0.0,0.0,0.0,512000.0,512000.0
2024-02-29,2024-02,2024,1210,0.0,0.0,0.0,168000.0,168000.0
2024-02-29,2024-02,2024,1220,0.0,0.0,0.0,396000.0,396000.0
2024-02-29,2024-02,2024,1230,0.0,0.0,-0.0,52000.0,52000.0
2024-02-29,2024-02,2024,1300,30518.89,0.0,30518.89,120489.4,151008.29
2024-02-29,2024-02,2024,1310,109547.13,110094.4,-547.27,76423.42,75876.15
2024-02-29,2024-02,2024,1400,0.0,0.0,0.0,2850000.0,2850000.0
2024-02-29,2024-02,2024,1410,0.0,0.0,0.0,640000.0,640000.0
2024-02-29,2024-02,2024,1420,0.0,0.0,0.0,210000.0,210000.0
2024-02-29,2024-02,2024,1430,0.0,0.0,0.0,480000.0,480000.0
2024-02-29,2024-02,2024,1440,0.0,6980.4,6980.4,1127069.25,1134049.65
2024-02-29,2024-02,2024,1450,0.0,0.0,-0.0,328000.0,328000.0
2024-02-29,2024-02,2024,1460,0.0,0.0,-0.0,96000.0,96000.0
2024-02-29,2024-02,2024,1500,0.0,0.0,0.0,850000.0,850000.0
2024-02-29,2024-02,2024,1600,0.0,0.0,0.0,55000.0,55000.0
2024-02-29,2024-02,2024,1990,22711.79,33000.0,-10288.21,24244.85,13956.64
2024-02-29,2024-02,2024,2000,752445.83,864315.64,111869.81,802497.19,914367.0
2024-02-29,2024-02,2024,2010,10853.23,8572.89,-2280.34,183997.89,181717.55
2024-02-29,2024-02,2024,2020,0.0,28713.05,28713.05,64000.0,92713.05
2024-02-29,2024-02,2024,2100,184024.49,184141.55,117.06,119074.41,119191.47
2024-02-29,2024-02,2024,2110,70922.24,74095.95,3173.71,50634.47,53808.18
2024-02-29,2024-02,2024,2120,14884.14,15877.7,993.56,32091.89,33085.45
2024-02-29,2024-02,2024,2130,0.0,18831.44,18831.44,129431.77,148263.21
2024-02-29,2024-02,2024,2300,0.0,0.0,-0.0,402000.0,402000.0
2024-02-29,2024-02,2024,2400,0.0,0.0,-0.0,168000.0,168000.0
2024-02-29,2024-02,2024,2500,0.0,0.0,-0.0,90000.0,90000.0
2024-02-29,2024-02,2024,3000,0.0,0.0,-0.0,1000000.0,1000000.0
2024-02-29,2024-02,2024,3100,0.0,0.0,-0.0,3047500.0,3047500.0
2024-02-29,2024-02,2024,3300,0.0,0.0,-0.0,180000.0,180000.0
2024-02-29,2024-02,2024,4000,0.0,733220.11,733220.11,474697.19,1207917.3
2024-02-29,2024-02,2024,4010,27500.0,310185.0,282685.0,316219.46,598904.46
2024-02-29,2024-02,2024,4020,0.0,184205.34,184205.34,295904.09,480109.43
2024-02-29,2024-02,2024,5000,380193.3,0.0,380193.3,335071.7,715265.0
2024-02-29,2024-02,2024,5010,154637.8,0.0,154637.8,157000.43,311638.23
2024-02-29,2024-02,2024,5020,55304.9,0.0,55304.9,48312.73,103617.63
2024-02-29,2024-02,2024,6000,114640.67,0.0,114640.67,112184.44,226825.11
2024-02-29,2024-02,2024,6020,694.46,7742.69,-7048.23,-6763.78,-13812.01
2024-02-29,2024-02,2024,6030,6980.4,0.0,6980.4,7069.25,14049.65
2024-02-29,2024-02,2024,6040,61561.53,23228.06,38333.47,-9859.39,28474.08
2024-02-29,2024-02,2024,6050,0.0,9954.88,-9954.88,-4163.76,-14118.64
2024-02-29,2024-02,2024,6060,63551.26,14379.27,49171.99,-8116.79,41055.2
2024-02-29,2024-02,2024,6070,3615.17,0.0,3615.17,5095.35,8710.52
2024-02-29,2024-02,2024,6080,95353.0,2400.0,92953.0,-905.82,92047.18
2024-02-29,2024-02,2024,6090,38630.86,0.0,38630.86,38124.58,76755.44
2024-02-29,2024-02,2024,6100,0.0,0.0,0.0,9749.69,9749.69
2024-02-29,2024-02,2024,6110,0.0,0.0,0.0,1579.28,1579.28
2024-02-29,2024-02,2024,6120,14225.0,0.0,14225.0,43328.7,57553.7
2024-02-29,2024-02,2024,6130,29341.35,0.0,29341.35,11722.97,41064.32
2024-02-29,2024-02,2024,6140,96515.28,0.0,96515.28,32893.82,129409.1
2024-02-29,2024-02,2024,6150,15039.7,0.0,15039.7,30114.03,45153.73
2024-02-29,2024-02,2024,6170,6606.11,0.0,6606.11,0.0,6606.11
2024-02-29,2024-02,2024,6180,26311.57,0.0,26311.57,0.0,26311.57
2024-02-29,2024-02,2024,6190,90250.27,0.0,90250.27,139995.06,230245.33
2024-02-29,2024-02,2024,6200,0.0,20816.19,20816.19,7147.33,27963.52
2024-02-29,2024-02,2024,7000,4752.04,0.0,4752.04,7031.88,11783.92
2024-02-29,2024-02,2024,8000,18831.44,0.0,18831.44,33431.77,52263.21
2024-03-31,2024-03,2024,1010,900691.42,945399.52,-44708.1,532554.97,487846.87
2024-03-31,2024-03,2024,1020,0.0,0.0,0.0,3500.0,3500.0
2024-03-31,2024-03,2024,1100,1016452.95,932281.77,84171.18,1281877.51,1366048.69
2024-03-31,2024-03,2024,1110,0.0,8127.34,8127.34,68000.0,76127.34
2024-03-31,2024-03,2024,1120,2507.03,57281.14,-54774.11,1589.36,-53184.75
2024-03-31,2024-03,2024,1200,0.0,0.0,0.0,512000.0,512000.0
2024-03-31,2024-03,2024,1210,0.0,0.0,0.0,168000.0,168000.0
2024-03-31,2024-03,2024,1220,0.0,0.0,0.0,396000.0,396000.0
2024-03-31,2024-03,2024,1230,0.0,15023.43,15023.43,52000.0,67023.43
2024-03-31,2024-03,2024,1300,2400.0,0.0,2400.0,151008.29,153408.29
2024-03-31,2024-03,2024,1310,73379.16,72510.19,868.97,75876.15,76745.12
2024-03-31,2024-03,2024,1400,0.0,0.0,0.0,2850000.0,2850000.0
2024-03-31,2024-03,2024,1410,0.0,0.0,0.0,640000.0,640000.0
2024-03-31,2024-03,2024,1420,0.0,0.0,0.0,210000.0,210000.0
2024-03-31,2024-03,2024,1430,0.0,0.0,0.0,480000.0,480000.0
2024-03-31,2024-03,2024,1440,0.0,6969.22,6969.22,1134049.65,1141018.87
2024-03-31,2024-03,2024,1450,0.0,0.0,-0.0,328000.0,328000.0
2024-03-31,2024-03,2024,1460,0.0,0.0,-0.0,96000.0,96000.0
2024-03-31,2024-03,2024,1500,0.0,0.0,0.0,850000.0,850000.0
2024-03-31,2024-03,2024,1600,0.0,0.0,0.0,55000.0,55000.0
2024-03-31,2024-03,2024,1990,15504.08,33000.0,-17495.92,13956.64,-3539.28
2024-03-31,2024-03,2024,2000,514365.69,588397.14,74031.45,914367.0,988398.45
2024-03-31,2024-03,2024,2010,19394.3,8490.69,-10903.61,181717.55,170813.94
2024-03-31,2024-03,2024,2020,0.0,25272.23,25272.23,92713.05,117985.28
2024-03-31,2024-03,2024,2100,124332.3,130200.45,5868.15,119191.47,125059.62
2024-03-31,2024-03,2024,2110,68989.85,73838.21,4848.36,53808.18,58656.54
2024-03-31,2024-03,2024,2120,15373.58,15822.46,448.88,33085.45,33534.33
2024-03-31,2024-03,2024,2130,0.0,19756.78,19756.78,148263.21,168019.99
2024-03-31,2024-03,2024,2300,0.0,0.0,-0.0,402000.0,402000.0
2024-03-31,2024-03,2024,2400,0.0,0.0,-0.0,168000.0,168000.0
2024-03-31,2024-03,2024,2500,0.0,0.0,-0.0,90000.0,90000.0
2024-03-31,2024-03,2024,3000,0.0,0.0,-0.0,1000000.0,1000000.0
2024-03-31,2024-03,2024,3100,0.0,0.0,-0.0,3047500.0,3047500.0
2024-03-31,2024-03,2024,3300,0.0,0.0,-0.0,180000.0,180000.0
2024-03-31,2024-03,2024,4000,0.0,509442.71,509442.71,1207917.3,1717360.01
2024-03-31,2024-03,2024,4010,27500.0,144794.83,117294.83,598904.46,716199.29
2024-03-31,2024-03,2024,4020,0.0,213765.35,213765.35,480109.43,693874.78
2024-03-31,2024-03,2024,5000,242913.74,0.0,242913.74,715265.0,958178.74
2024-03-31,2024-03,2024,5010,155200.16,0.0,155200.16,311638.23,466838.39
2024-03-31,2024-03,2024,5020,53300.67,0.0,53300.67,103617.63,156918.3
2024-03-31,2024-03,2024,5030,15023.43,0.0,15023.43,0.0,15023.43
2024-03-31,2024-03,2024,6000,114154.29,0.0,114154.29,226825.11,340979.4
2024-03-31,2024-03,2024,6020,27269.0,7462.1,19806.9,-13812.01,5994.89
2024-03-31,2024-03,2024,6030,6969.22,0.0,6969.22,14049.65,21018.87
2024-03-31,2024-03,2024,6040,10319.54,22386.28,-12066.74,28474.08,16407.34
2024-03-31,2024-03,2024,6050,36087.48,9594.12,26493.36,-14118.64,12374.72
2024-03-31,2024-03,2024,6060,37144.77,13858.17,23286.6,41055.2,64341.8
2024-03-31,2024-03,2024,6070,6648.44,0.0,6648.44,8710.52,15358.96
2024-03-31,2024-03,2024,6080,19773.78,2400.0,17373.78,92047.18,109420.96
2024-03-31,2024-03,2024,6090,47161.66,0.0,47161.66,76755.44,123917.1
2024-03-31,2024-03,2024,6100,8457.67,0.0,8457.67,9749.69,18207.36
2024-03-31,2024-03,2024,6110,49270.32,0.0,49270.32,1579.28,50849.6
2024-03-31,2024-03,2024,6120,0.0,0.0,0.0,57553.7,57553.7
2024-03-31,2024-03,2024,6130,0.0,0.0,0.0,41064.32,41064.32
2024-03-31,2024-03,2024,6140,86417.8,0.0,86417.8,129409.1,215826.9
2024-03-31,2024-03,2024,6150,0.0,0.0,0.0,45153.73,45153.73
2024-03-31,2024-03,2024,6160,8127.34,0.0,8127.34,0.0,8127.34
2024-03-31,2024-03,2024,6170,19508.24,0.0,19508.24,6606.11,26114.35
2024-03-31,2024-03,2024,6180,19821.81,0.0,19821.81,26311.57,46133.38
2024-03-31,2024-03,2024,6190,101763.53,0.0,101763.53,230245.33,332008.86
2024-03-31,2024-03,2024,6200,0.0,18249.61,18249.61,27963.52,46213.13
2024-03-31,2024-03,2024,7000,8343.71,0.0,8343.71,11783.92,20127.63
2024-03-31,2024-03,2024,8000,19756.78,0.0,19756.78,52263.21,72019.99
2024-04-30,2024-04,2024,1010,1033793.38,954446.86,79346.52,487846.87,567193.39
2024-04-30,2024-04,2024,1020,0.0,0.0,0.0,3500.0,3500.0
2024-04-30,2024-04,2024,1100,1175316.13,1091941.85,83374.28,1366048.69,1449422.97
2024-04-30,2024-04,2024,1110,0.0,0.0,-0.0,76127.34,76127.34
2024-04-30,2024-04,2024,1120,15163.13,3487.78,11675.35,-53184.75,-41509.4
2024-04-30,2024-04,2024,1200,0.0,0.0,0.0,512000.0,512000.0
2024-04-30,2024-04,2024,1210,0.0,0.0,0.0,168000.0,168000.0
2024-04-30,2024-04,2024,1220,0.0,0.0,0.0,396000.0,396000.0
2024-04-30,2024-04,2024,1230,0.0,0.0,-0.0,67023.43,67023.43
2024-04-30,2024-04,2024,1300,14589.99,0.0,14589.99,153408.29,167998.28
2024-04-30,2024-04,2024,1310,72663.16,69897.93,2765.23,76745.12,79510.35
2024-04-30,2024-04,2024,1400,0.0,0.0,0.0,2850000.0,2850000.0
2024-04-30,2024-04,2024,1410,0.0,0.0,0.0,640000.0,640000.0
2024-04-30,2024-04,2024,1420,0.0,0.0,0.0,210000.0,210000.0
2024-04-30,2024-04,2024,1430,0.0,0.0,0.0,480000.0,480000.0
2024-04-30,2024-04,2024,1440,0.0,7038.35,7038.35,1141018.87,1148057.22
2024-04-30,2024-04,2024,1450,0.0,0.0,-0.0,328000.0,328000.0
2024-04-30,2024-04,2024,1460,0.0,0.0,-0.0,96000.0,96000.0
2024-04-30,2024-04,2024,1500,0.0,0.0,0.0,850000.0,850000.0
2024-04-30,2024-04,2024,1600,0.0,0.0,0.0,55000.0,55000.0
2024-04-30,2024-04,2024,1990,8345.41,33000.0,-24654.59,-3539.28,-28193.87
2024-04-30,2024-04,2024,2000,490604.27,581315.8,90711.53,988398.45,1079109.98
2024-04-30,2024-04,2024,2010,13641.49,57313.86,43672.37,170813.94,214486.31
2024-04-30,2024-04,2024,2020,0.0,19423.32,19423.32,117985.28,137408.6
2024-04-30,2024-04,2024,2100,144724.08,144513.48,-210.6,125059.62,124849.02
2024-04-30,2024-04,2024,2110,73561.05,75971.19,2410.14,58656.54,61066.68
2024-04-30,2024-04,2024,2120,15255.77,16279.54,1023.77,33534.33,34558.1
2024-04-30,2024-04,2024,2130,27078.8,29774.42,2695.62,168019.99,170715.61
2024-04-30,2024-04,2024,2300,0.0,0.0,-0.0,402000.0,402000.0
2024-04-30,2024-04,2024,2400,0.0,0.0,-0.0,168000.0,168000.0
2024-04-30,2024-04,2024,2500,0.0,0.0,-0.0,90000.0,90000.0
2024-04-30,2024-04,2024,3000,0.0,0.0,-0.0,1000000.0,1000000.0
2024-04-30,2024-04,2024,3100,0.0,0.0,-0.0,3047500.0,3047500.0
2024-04-30,2024-04,2024,3300,0.0,0.0,-0.0,180000.0,180000.0
2024-04-30,2024-04,2024,4000,0.0,587877.03,587877.03,1717360.01,2305237.04
2024-04-30,2024-04,2024,4010,16400.0,130548.05,114148.05,716199.29,830347.34
2024-04-30,2024-04,2024,4020,0.0,244998.5,244998.5,693874.78,938873.28
2024-04-30,2024-04,2024,5000,353791.84,0.0,353791.84,958178.74,1311970.58
2024-04-30,2024-04,2024,5010,162906.15,0.0,162906.15,466838.39,629744.54
2024-04-30,2024-04,2024,5020,48149.08,0.0,48149.08,156918.3,205067.38
2024-04-30,2024-04,2024,5030,0.0,0.0,0.0,15023.43,15023.43
2024-04-30,2024-04,2024,6000,111443.45,0.0,111443.45,340979.4,452422.85
2024-04-30,2024-04,2024,6020,29309.97,6740.88,22569.09,5994.89,28563.98
2024-04-30,2024-04,2024,6030,7038.35,0.0,7038.35,21018.87,28057.22
2024-04-30,2024-04,2024,6040,27459.27,20222.61,7236.66,16407.34,23644.0
2024-04-30,2024-04,2024,6050,1598.85,8666.83,-7067.98,12374.72,5306.74
2024-04-30,2024-04,2024,6060,1736.91,12518.76,-10781.85,64341.8,53559.95
2024-04-30,2024-04,2024,6070,14458.8,0.0,14458.8,15358.96,29817.76
2024-04-30,2024-04,2024,6080,0.0,2400.0,-2400.0,109420.96,107020.96
2024-04-30,2024-04,2024,6090,66332.52,0.0,66332.52,123917.1,190249.62
2024-04-30,2024-04,2024,6100,13358.63,0.0,13358.63,18207.36,31565.99
2024-04-30,2024-04,2024,6110,15679.82,0.0,15679.82,50849.6,66529.42
2024-04-30,2024-04,2024,6120,7153.8,0.0,7153.8,57553.7,64707.5
2024-04-30,2024-04,2024,6130,0.0,0.0,0.0,41064.32,41064.32
2024-04-30,2024-04,2024,6140,20023.25,0.0,20023.25,215826.9,235850.15
2024-04-30,2024-04,2024,6150,8399.01,0.0,8399.01,45153.73,53552.74
2024-04-30,2024-04,2024,6160,0.0,0.0,0.0,8127.34,8127.34
2024-04-30,2024-04,2024,6170,6946.98,0.0,6946.98,26114.35,33061.33
2024-04-30,2024-04,2024,6180,37222.23,0.0,37222.23,46133.38,83355.61
2024-04-30,2024-04,2024,6190,93849.55,0.0,93849.55,332008.86,425858.41
2024-04-30,2024-04,2024,6200,0.0,67379.07,67379.07,46213.13,113592.2
2024-04-30,2024-04,2024,7000,7986.57,0.0,7986.57,20127.63,28114.2
2024-04-30,2024-04,2024,8000,29774.42,0.0,29774.42,72019.99,101794.41
2024-05-31,2024-05,2024,1010,1488756.41,1202333.98,286422.43,567193.39,853615.82
2024-05-31,2024-05,2024,1020,0.0,0.0,0.0,3500.0,3500.0
2024-05-31,2024-05,2024,1100,1688939.78,1543311.26,145628.52,1449422.97,1595051.49
2024-05-31,2024-05,2024,1110,0.0,0.0,-0.0,76127.34,76127.34
2024-05-31,2024-05,2024,1120,1447.32,2373.93,-926.61,-41509.4,-42436.01
2024-05-31,2024-05,2024,1200,0.0,0.0,0.0,512000.0,512000.0
2024-05-31,2024-05,2024,1210,0.0,0.0,0.0,168000.0,168000.0
2024-05-31,2024-05,2024,1220,0.0,0.0,0.0,396000.0,396000.0
2024-05-31,2024-05,2024,1230,0.0,0.0,-0.0,67023.43,67023.43
2024-05-31,2024-05,2024,1300,16831.79,0.0,16831.79,167998.28,184830.07
2024-05-31,2024-05,2024,1310,100817.73,101454.22,-636.49,79510.35,78873.86
2024-05-31,2024-05,2024,1400,0.0,0.0,0.0,2850000.0,2850000.0
2024-05-31,2024-05,2024,1410,0.0,0.0,0.0,640000.0,640000.0
2024-05-31,2024-05,2024,1420,0.0,0.0,0.0,210000.0,210000.0
2024-05-31,2024-05,2024,1430,0.0,0.0,0.0,480000.0,480000.0
2024-05-31,2024-05,2024,1440,0.0,6941.54,6941.54,1148057.22,1154998.76
2024-05-31,2024-05,2024,1450,0.0,0.0,-0.0,328000.0,328000.0
2024-05-31,2024-05,2024,1460,0.0,0.0,-0.0,96000.0,96000.0
2024-05-31,2024-05,2024,1500,0.0,0.0,0.0,850000.0,850000.0
2024-05-31,2024-05,2024,1600,0.0,0.0,0.0,55000.0,55000.0
2024-05-31,2024-05,2024,1990,20485.11,21500.0,-1014.89,-28193.87,-29208.76
2024-05-31,2024-05,2024,2000,709391.28,799140.31,89749.03,1079109.98,1168859.01
2024-05-31,2024-05,2024,2010,8591.7,32815.55,24223.85,214486.31,238710.16
2024-05-31,2024-05,2024,2020,0.0,0.0,-0.0,137408.6,137408.6
2024-05-31,2024-05,2024,2100,210313.88,214859.32,4545.44,124849.02,129394.46
2024-05-31,2024-05,2024,2110,70531.68,75653.82,5122.14,61066.68,66188.82
2024-05-31,2024-05,2024,2120,15486.09,16211.53,725.44,34558.1,35283.54
2024-05-31,2024-05,2024,2130,0.0,21307.12,21307.12,170715.61,192022.73
2024-05-31,2024-05,2024,2300,0.0,0.0,-0.0,402000.0,402000.0
2024-05-31,2024-05,2024,2400,0.0,0.0,-0.0,168000.0,168000.0
2024-05-31,2024-05,2024,2500,0.0,0.0,-0.0,90000.0,90000.0
2024-05-31,2024-05,2024,3000,0.0,0.0,-0.0,1000000.0,1000000.0
2024-05-31,2024-05,2024,3100,0.0,0.0,-0.0,3047500.0,3047500.0
2024-05-31,2024-05,2024,3300,0.0,0.0,-0.0,180000.0,180000.0
2024-05-31,2024-05,2024,4000,0.0,879619.16,879619.16,2305237.04,3184856.2
2024-05-31,2024-05,2024,4010,27500.0,201942.09,174442.09,830347.34,1004789.43
2024-05-31,2024-05,2024,4020,0.0,350834.42,350834.42,938873.28,1289707.7
2024-05-31,2024-05,2024,5000,460762.64,0.0,460762.64,1311970.58,1772733.22
2024-05-31,2024-05,2024,5010,159716.8,0.0,159716.8,629744.54,789461.34
2024-05-31,2024-05,2024,5020,61294.61,0.0,61294.61,205067.38,266361.99
2024-05-31,2024-05,2024,5030,0.0,0.0,0.0,15023.43,15023.43
2024-05-31,2024-05,2024,6000,113741.26,0.0,113741.26,452422.85,566164.11
2024-05-31,2024-05,2024,6020,14779.86,8581.24,6198.62,28563.98,34762.6
2024-05-31,2024-05,2024,6030,6941.54,0.0,6941.54,28057.22,34998.76
2024-05-31,2024-05,2024,6040,29371.67,25743.74,3627.93,23644.0,27271.93
2024-05-31,2024-05,2024,6050,54088.4,11033.03,43055.37,5306.74,48362.11
2024-05-31,2024-05,2024,6060,69833.17,15936.6,53896.57,53559.95,107456.52
2024-05-31,2024-05,2024,6070,0.0,0.0,0.0,29817.76,29817.76
2024-05-31,2024-05,2024,6080,12906.69,2400.0,10506.69,107020.96,117527.65
2024-05-31,2024-05,2024,6090,65529.45,0.0,65529.45,190249.62,255779.07
2024-05-31,2024-05,2024,6100,0.0,0.0,0.0,31565.99,31565.99
2024-05-31,2024-05,2024,6110,0.0,0.0,0.0,66529.42,66529.42
2024-05-31,2024-05,2024,6120,27906.94,0.0,27906.94,64707.5,92614.44
2024-05-31,2024-05,2024,6130,14194.97,0.0,14194.97,41064.32,55259.29
2024-05-31,2024-05,2024,6140,23203.71,0.0,23203.71,235850.15,259053.86
2024-05-31,2024-05,2024,6150,0.0,0.0,0.0,53552.74,53552.74
2024-05-31,2024-05,2024,6160,0.0,0.0,0.0,8127.34,8127.34
2024-05-31,2024-05,2024,6170,7572.25,0.0,7572.25,33061.33,40633.58
2024-05-31,2024-05,2024,6180,7369.38,0.0,7369.38,83355.61,90724.99
2024-05-31,2024-05,2024,6190,59862.43,0.0,59862.43,425858.41,485720.84
2024-05-31,2024-05,2024,6200,0.0,41684.79,41684.79,113592.2,155276.99
2024-05-31,2024-05,2024,7000,6201.99,0.0,6201.99,28114.2,34316.19
2024-05-31,2024-05,2024,8000,21307.12,0.0,21307.12,101794.41,123101.53
2024-06-30,2024-06,2024,1010,950102.15,1108775.77,-158673.62,853615.82,694942.2
2024-06-30,2024-06,2024,1020,0.0,0.0,0.0,3500.0,3500.0
2024-06-30,2024-06,2024,1100,1082093.46,959902.15,122191.31,1595051.49,1717242.8
2024-06-30,2024-06,2024,1110,0.0,10875.77,10875.77,76127.34,87003.11
2024-06-30,2024-06,2024,1120,2032.16,5819.59,-3787.43,-42436.01,-46223.44
2024-06-30,2024-06,2024,1200,0.0,0.0,0.0,512000.0,512000.0
2024-06-30,2024-06,2024,1210,0.0,0.0,0.0,168000.0,168000.0
2024-06-30,2024-06,2024,1220,0.0,0.0,0.0,396000.0,396000.0
2024-06-30,2024-06,2024,1230,0.0,22606.23,22606.23,67023.43,89629.66
2024-06-30,2024-06,2024,1300,2400.0,0.0,2400.0,184830.07,187230.07
2024-06-30,2024-06,2024,1310,61821.81,62979.9,-1158.09,78873.86,77715.77
2024-06-30,2024-06,2024,1400,0.0,0.0,0.0,2850000.0,2850000.0
2024-06-30,2024-06,2024,1410,0.0,0.0,0.0,640000.0,640000.0
2024-06-30,2024-06,2024,1420,0.0,0.0,0.0,210000.0,210000.0
2024-06-30,2024-06,2024,1430,0.0,0.0,0.0,480000.0,480000.0
2024-06-30,2024-06,2024,1440,0.0,7051.35,7051.35,1154998.76,1162050.11
2024-06-30,2024-06,2024,1450,0.0,0.0,-0.0,328000.0,328000.0
2024-06-30,2024-06,2024,1460,0.0,0.0,-0.0,96000.0,96000.0
2024-06-30,2024-06,2024,1500,0.0,0.0,0.0,850000.0,850000.0
2024-06-30,2024-06,2024,1600,0.0,0.0,0.0,55000.0,55000.0
2024-06-30,2024-06,2024,1990,0.0,12800.0,-12800.0,-29208.76,-42008.76
2024-06-30,2024-06,2024,2000,436585.53,515811.55,79226.02,1168859.01,1248085.03
2024-06-30,2024-06,2024,2010,22008.59,14736.57,-7272.02,238710.16,231438.14
2024-06-30,2024-06,2024,2020,0.0,3510.09,3510.09,137408.6,140918.69
2024-06-30,2024-06,2024,2100,133708.86,137360.71,3651.85,129394.46,133046.31
2024-06-30,2024-06,2024,2110,73227.13,75959.3,2732.17,66188.82,68920.99
2024-06-30,2024-06,2024,2120,15628.62,16277.0,648.38,35283.54,35931.92
2024-06-30,2024-06,2024,2130,26678.5,27897.25,1218.75,192022.73,193241.48
2024-06-30,2024-06,2024,2300,0.0,0.0,-0.0,402000.0,402000.0
2024-06-30,2024-06,2024,2400,0.0,0.0,-0.0,168000.0,168000.0
2024-06-30,2024-06,2024,2500,0.0,0.0,-0.0,90000.0,90000.0
2024-06-30,2024-06,2024,3000,0.0,0.0,-0.0,1000000.0,1000000.0
2024-06-30,2024-06,2024,3100,0.0,0.0,-0.0,3047500.0,3047500.0
2024-06-30,2024-06,2024,3200,180000.0,0.0,180000.0,0.0,180000.0
2024-06-30,2024-06,2024,3300,0.0,0.0,-0.0,180000.0,180000.0
2024-06-30,2024-06,2024,4000,0.0,499035.01,499035.01,3184856.2,3683891.21
2024-06-30,2024-06,2024,4010,9800.0,204493.79,194693.79,1004789.43,1199483.22
2024-06-30,2024-06,2024,4020,0.0,212209.49,212209.49,1289707.7,1501917.19
2024-06-30,2024-06,2024,5000,259835.55,0.0,259835.55,1772733.22,2032568.77
2024-06-30,2024-06,2024,5010,162570.03,0.0,162570.03,789461.34,952031.37
2024-06-30,2024-06,2024,5020,52816.75,0.0,52816.75,266361.99,319178.74
2024-06-30,2024-06,2024,5030,22606.23,0.0,22606.23,15023.43,37629.66
2024-06-30,2024-06,2024,6000,112074.24,0.0,112074.24,566164.11,678238.35
2024-06-30,2024-06,2024,6020,22905.8,7394.36,15511.44,34762.6,50274.04
2024-06-30,2024-06,2024,6030,7051.35,0.0,7051.35,34998.76,42050.11
2024-06-30,2024-06,2024,6040,17816.17,22183.03,-4366.86,27271.93,22905.07
2024-06-30,2024-06,2024,6050,19627.32,9507.01,10120.31,48362.11,58482.42
2024-06-30,2024-06,2024,6060,21223.75,13732.35,7491.4,107456.52,114947.92
2024-06-30,2024-06,2024,6070,1499.61,0.0,1499.61,29817.76,31317.37
2024-06-30,2024-06,2024,6080,48516.58,2400.0,46116.58,117527.65,163644.23
2024-06-30,2024-06,2024,6090,23670.17,0.0,23670.17,255779.07,279449.24
2024-06-30,2024-06,2024,6100,18211.09,0.0,18211.09,31565.99,49777.08
2024-06-30,2024-06,2024,6110,0.0,0.0,0.0,66529.42,66529.42
2024-06-30,2024-06,2024,6120,14367.03,0.0,14367.03,92614.44,106981.47
2024-06-30,2024-06,2024,6130,1400.39,0.0,1400.39,55259.29,56659.68
2024-06-30,2024-06,2024,6140,47003.87,0.0,47003.87,259053.86,306057.73
2024-06-30,2024-06,2024,6150,0.0,0.0,0.0,53552.74,53552.74
2024-06-30,2024-06,2024,6160,10875.77,0.0,10875.77,8127.34,19003.11
2024-06-30,2024-06,2024,6170,20625.18,0.0,20625.18,40633.58,61258.76
2024-06-30,2024-06,2024,6180,1323.03,0.0,1323.03,90724.99,92048.02
2024-06-30,2024-06,2024,6190,64528.02,0.0,64528.02,485720.84,550248.86
2024-06-30,2024-06,2024,6200,0.0,28994.46,28994.46,155276.99,184271.45
2024-06-30,2024-06,2024,7000,7780.74,0.0,7780.74,34316.19,42096.93
2024-06-30,2024-06,2024,8000,27897.25,0.0,27897.25,123101.53,150998.78
2024-07-31,2024-07,2024,1010,1235952.81,1157825.89,78126.92,694942.2,773069.12
2024-07-31,2024-07,2024,1020,0.0,0.0,0.0,3500.0,3500.0
2024-07-31,2024-07,2024,1100,1422162.11,1271574.94,150587.17,1717242.8,1867829.97
2024-07-31,2024-07,2024,1110,0.0,0.0,-0.0,87003.11,87003.11
2024-07-31,2024-07,2024,1120,9773.25,21484.46,-11711.21,-46223.44,-57934.65
2024-07-31,2024-07,2024,1200,0.0,0.0,0.0,512000.0,512000.0
2024-07-31,2024-07,2024,1210,0.0,0.0,0.0,168000.0,168000.0
2024-07-31,2024-07,2024,1220,0.0,0.0,0.0,396000.0,396000.0
2024-07-31,2024-07,2024,1230,0.0,0.0,-0.0,89629.66,89629.66
2024-07-31,2024-07,2024,1300,21622.13,0.0,21622.13,187230.07,208852.2
2024-07-31,2024-07,2024,1310,95949.64,93304.76,2644.88,77715.77,80360.65
2024-07-31,2024-07,2024,1400,0.0,0.0,0.0,2850000.0,2850000.0
2024-07-31,2024-07,2024,1410,0.0,0.0,0.0,640000.0,640000.0
2024-07-31,2024-07,2024,1420,0.0,0.0,0.0,210000.0,210000.0
2024-07-31,2024-07,2024,1430,0.0,0.0,0.0,480000.0,480000.0
2024-07-31,2024-07,2024,1440,0.0,7015.22,7015.22,1162050.11,1169065.33
2024-07-31,2024-07,2024,1450,0.0,0.0,-0.0,328000.0,328000.0
2024-07-31,2024-07,2024,1460,0.0,0.0,-0.0,96000.0,96000.0
2024-07-31,2024-07,2024,1500,0.0,0.0,0.0,850000.0,850000.0
2024-07-31,2024-07,2024,1600,0.0,0.0,0.0,55000.0,55000.0
2024-07-31,2024-07,2024,1990,16341.83,7400.0,8941.83,-42008.76,-33066.93
2024-07-31,2024-07,2024,2000,673745.99,751690.99,77945.0,1248085.03,1326030.03
2024-07-31,2024-07,2024,2010,0.0,27406.68,27406.68,231438.14,258844.82
2024-07-31,2024-07,2024,2020,0.0,31814.69,31814.69,140918.69,172733.38
2024-07-31,2024-07,2024,2100,177734.5,182018.79,4284.29,133046.31,137330.6
2024-07-31,2024-07,2024,2110,73238.18,74917.31,1679.13,68920.99,70600.12
2024-07-31,2024-07,2024,2120,15977.24,16053.7,76.46,35931.92,36008.38
2024-07-31,2024-07,2024,2130,0.0,28894.05,28894.05,193241.48,222135.53
2024-07-31,2024-07,2024,2300,0.0,0.0,-0.0,402000.0,402000.0
2024-07-31,2024-07,2024,2400,0.0,0.0,-0.0,168000.0,168000.0
2024-07-31,2024-07,2024,2500,0.0,0.0,-0.0,90000.0,90000.0
2024-07-31,2024-07,2024,3000,0.0,0.0,-0.0,1000000.0,1000000.0
2024-07-31,2024-07,2024,3100,0.0,0.0,-0.0,3047500.0,3047500.0
2024-07-31,2024-07,2024,3200,0.0,0.0,0.0,180000.0,180000.0
2024-07-31,2024-07,2024,3300,0.0,0.0,-0.0,180000.0,180000.0
2024-07-31,2024-07,2024,4000,0.0,585972.67,585972.67,3683891.21,4269863.88
2024-07-31,2024-07,2024,4010,16400.0,287596.3,271196.3,1199483.22,1470679.52
2024-07-31,2024-07,2024,4020,0.0,339889.73,339889.73,1501917.19,1841806.92
2024-07-31,2024-07,2024,5000,389045.18,0.0,389045.18,2032568.77,2421613.95
2024-07-31,2024-07,2024,5010,158888.37,0.0,158888.37,952031.37,1110919.74
2024-07-31,2024-07,2024,5020,59047.47,0.0,59047.47,319178.74,378226.21
2024-07-31,2024-07,2024,5030,0.0,0.0,0.0,37629.66,37629.66
2024-07-31,2024-07,2024,6000,111589.6,0.0,111589.6,678238.35,789827.95
2024-07-31,2024-07,2024,6020,13503.95,8266.65,5237.3,50274.04,55511.34
2024-07-31,2024-07,2024,6030,7015.22,0.0,7015.22,42050.11,49065.33
2024-07-31,2024-07,2024,6040,80299.73,24799.94,55499.79,22905.07,78404.86
2024-07-31,2024-07,2024,6050,37636.99,10628.54,27008.45,58482.42,85490.87
2024-07-31,2024-07,2024,6060,30364.35,15352.34,15012.01,114947.92,129959.93
2024-07-31,2024-07,2024,6070,0.0,0.0,0.0,31317.37,31317.37
2024-07-31,2024-07,2024,6080,1520.03,2400.0,-879.97,163644.23,162764.26
2024-07-31,2024-07,2024,6090,84931.29,0.0,84931.29,279449.24,364380.53
2024-07-31,2024-07,2024,6100,9467.57,0.0,9467.57,49777.08,59244.65
2024-07-31,2024-07,2024,6110,11682.66,0.0,11682.66,66529.42,78212.08
2024-07-31,2024-07,2024,6120,0.0,0.0,0.0,106981.47,106981.47
2024-07-31,2024-07,2024,6130,20081.23,0.0,20081.23,56659.68,76740.91
2024-07-31,2024-07,2024,6140,53491.65,0.0,53491.65,306057.73,359549.38
2024-07-31,2024-07,2024,6150,21240.9,0.0,21240.9,53552.74,74793.64
2024-07-31,2024-07,2024,6160,0.0,0.0,0.0,19003.11,19003.11
2024-07-31,2024-07,2024,6170,1320.08,0.0,1320.08,61258.76,62578.84
2024-07-31,2024-07,2024,6180,15175.1,0.0,15175.1,92048.02,107223.12
2024-07-31,2024-07,2024,6190,72471.13,0.0,72471.13,550248.86,622719.99
2024-07-31,2024-07,2024,6200,0.0,26684.62,26684.62,184271.45,210956.07
2024-07-31,2024-07,2024,7000,6428.04,0.0,6428.04,42096.93,48524.97
2024-07-31,2024-07,2024,8000,28894.05,0.0,28894.05,150998.78,179892.83
2024-08-31,2024-08,2024,1010,1087390.45,1156119.44,-68728.99,773069.12,704340.13
2024-08-31,2024-08,2024,1020,0.0,0.0,0.0,3500.0,3500.0
2024-08-31,2024-08,2024,1100,1288508.9,1107477.14,181031.76,1867829.97,2048861.73
2024-08-31,2024-08,2024,1110,0.0,0.0,-0.0,87003.11,87003.11
2024-08-31,2024-08,2024,1120,8858.61,22292.12,-13433.51,-57934.65,-71368.16
2024-08-31,2024-08,2024,1200,0.0,0.0,0.0,512000.0,512000.0
2024-08-31,2024-08,2024,1210,0.0,0.0,0.0,168000.0,168000.0
2024-08-31,2024-08,2024,1220,0.0,0.0,0.0,396000.0,396000.0
2024-08-31,2024-08,2024,1230,0.0,0.0,-0.0,89629.66,89629.66
2024-08-31,2024-08,2024,1300,11130.51,0.0,11130.51,208852.2,219982.71
2024-08-31,2024-08,2024,1310,96333.01,92136.76,4196.25,80360.65,84556.9
2024-08-31,2024-08,2024,1400,0.0,0.0,0.0,2850000.0,2850000.0
2024-08-31,2024-08,2024,1410,0.0,0.0,0.0,640000.0,640000.0
2024-08-31,2024-08,2024,1420,0.0,0.0,0.0,210000.0,210000.0
2024-08-31,2024-08,2024,1430,0.0,0.0,0.0,480000.0,480000.0
2024-08-31,2024-08,2024,1440,0.0,6954.92,6954.92,1169065.33,1176020.25
2024-08-31,2024-08,2024,1450,0.0,0.0,-0.0,328000.0,328000.0
2024-08-31,2024-08,2024,1460,0.0,0.0,-0.0,96000.0,96000.0
2024-08-31,2024-08,2024,1500,0.0,0.0,0.0,850000.0,850000.0
2024-08-31,2024-08,2024,1600,0.0,0.0,0.0,55000.0,55000.0
2024-08-31,2024-08,2024,1990,6406.39,33000.0,-26593.61,-33066.93,-59660.54
2024-08-31,2024-08,2024,2000,708336.55,748958.81,40622.26,1326030.03,1366652.29
2024-08-31,2024-08,2024,2010,7292.85,37867.71,30574.86,258844.82,289419.68
2024-08-31,2024-08,2024,2020,0.0,2442.7,2442.7,172733.38,175176.08
2024-08-31,2024-08,2024,2100,161047.77,161056.44,8.67,137330.6,137339.27
2024-08-31,2024-08,2024,2110,72576.33,75846.98,3270.65,70600.12,73870.77
2024-08-31,2024-08,2024,2120,15534.69,16252.92,718.23,36008.38,36726.61
2024-08-31,2024-08,2024,2130,0.0,33080.68,33080.68,222135.53,255216.21
2024-08-31,2024-08,2024,2300,0.0,0.0,-0.0,402000.0,402000.0
2024-08-31,2024-08,2024,2400,0.0,0.0,-0.0,168000.0,168000.0
2024-08-31,2024-08,2024,2500,0.0,0.0,-0.0,90000.0,90000.0
2024-08-31,2024-08,2024,3000,0.0,0.0,-0.0,1000000.0,1000000.0
2024-08-31,2024-08,2024,3100,0.0,0.0,-0.0,3047500.0,3047500.0
2024-08-31,2024-08,2024,3200,0.0,0.0,0.0,180000.0,180000.0
2024-08-31,2024-08,2024,3300,0.0,0.0,-0.0,180000.0,180000.0
2024-08-31,2024-08,2024,4000,0.0,676314.77,676314.77,4269863.88,4946178.65
2024-08-31,2024-08,2024,4010,0.0,308591.47,308591.47,1470679.52,1779270.99
2024-08-31,2024-08,2024,4020,0.0,88803.5,88803.5,1841806.92,1930610.42
2024-08-31,2024-08,2024,5000,416459.09,0.0,416459.09,2421613.95,2838073.04
2024-08-31,2024-08,2024,5010,160292.18,0.0,160292.18,1110919.74,1271211.92
2024-08-31,2024-08,2024,5020,60887.93,0.0,60887.93,378226.21,439114.14
2024-08-31,2024-08,2024,5030,0.0,0.0,0.0,37629.66,37629.66
2024-08-31,2024-08,2024,6000,113756.82,0.0,113756.82,789827.95,903584.77
2024-08-31,2024-08,2024,6020,5729.46,8524.31,-2794.85,55511.34,52716.49
2024-08-31,2024-08,2024,6030,6954.92,0.0,6954.92,49065.33,56020.25
2024-08-31,2024-08,2024,6040,67232.45,25572.93,41659.52,78404.86,120064.38
2024-08-31,2024-08,2024,6050,11996.66,10959.83,1036.83,85490.87,86527.7
2024-08-31,2024-08,2024,6060,38353.63,15830.86,22522.77,129959.93,152482.7
2024-08-31,2024-08,2024,6070,23261.06,0.0,23261.06,31317.37,54578.43
2024-08-31,2024-08,2024,6080,32194.03,2400.0,29794.03,162764.26,192558.29
2024-08-31,2024-08,2024,6090,45445.35,0.0,45445.35,364380.53,409825.88
2024-08-31,2024-08,2024,6100,12394.08,0.0,12394.08,59244.65,71638.73
2024-08-31,2024-08,2024,6110,19931.27,0.0,19931.27,78212.08,98143.35
2024-08-31,2024-08,2024,6120,0.0,0.0,0.0,106981.47,106981.47
2024-08-31,2024-08,2024,6130,0.0,0.0,0.0,76740.91,76740.91
2024-08-31,2024-08,2024,6140,46632.08,0.0,46632.08,359549.38,406181.46
2024-08-31,2024-08,2024,6150,8875.43,0.0,8875.43,74793.64,83669.07
2024-08-31,2024-08,2024,6160,0.0,0.0,0.0,19003.11,19003.11
2024-08-31,2024-08,2024,6170,0.0,0.0,0.0,62578.84,62578.84
2024-08-31,2024-08,2024,6180,11076.44,0.0,11076.44,107223.12,118299.56
2024-08-31,2024-08,2024,6190,101499.09,0.0,101499.09,622719.99,724219.08
2024-08-31,2024-08,2024,6200,0.0,53742.72,53742.72,210956.07,264698.79
2024-08-31,2024-08,2024,7000,4758.3,0.0,4758.3,48524.97,53283.27
2024-08-31,2024-08,2024,8000,33080.68,0.0,33080.68,179892.83,212973.51
2024-09-30,2024-09,2024,1010,1031026.35,1134947.75,-103921.4,704340.13,600418.73
2024-09-30,2024-09,2024,1020,0.0,0.0,0.0,3500.0,3500.0
2024-09-30,2024-09,2024,1100,1172548.56,1049791.71,122756.85,2048861.73,2171618.58
2024-09-30,2024-09,2024,1110,0.0,11854.17,11854.17,87003.11,98857.28
2024-09-30,2024-09,2024,1120,1939.05,21346.81,-19407.76,-71368.16,-90775.92
2024-09-30,2024-09,2024,1200,0.0,0.0,0.0,512000.0,512000.0
2024-09-30,2024-09,2024,1210,0.0,0.0,0.0,168000.0,168000.0
2024-09-30,2024-09,2024,1220,0.0,0.0,0.0,396000.0,396000.0
2024-09-30,2024-09,2024,1230,0.0,24611.32,24611.32,89629.66,114240.98
2024-09-30,2024-09,2024,1300,2400.0,0.0,2400.0,219982.71,222382.71
2024-09-30,2024-09,2024,1310,90565.99,90677.43,-111.44,84556.9,84445.46
2024-09-30,2024-09,2024,1400,0.0,0.0,0.0,2850000.0,2850000.0
2024-09-30,2024-09,2024,1410,0.0,0.0,0.0,640000.0,640000.0
2024-09-30,2024-09,2024,1420,0.0,0.0,0.0,210000.0,210000.0
2024-09-30,2024-09,2024,1430,0.0,0.0,0.0,480000.0,480000.0
2024-09-30,2024-09,2024,1440,0.0,6942.77,6942.77,1176020.25,1182963.02
2024-09-30,2024-09,2024,1450,0.0,0.0,-0.0,328000.0,328000.0
2024-09-30,2024-09,2024,1460,0.0,0.0,-0.0,96000.0,96000.0
2024-09-30,2024-09,2024,1500,0.0,0.0,0.0,850000.0,850000.0
2024-09-30,2024-09,2024,1600,0.0,0.0,0.0,55000.0,55000.0
2024-09-30,2024-09,2024,1990,26739.63,21500.0,5239.63,-59660.54,-54420.91
2024-09-30,2024-09,2024,2000,654875.68,707853.69,52978.01,1366652.29,1419630.3
2024-09-30,2024-09,2024,2010,0.0,63166.54,63166.54,289419.68,352586.22
2024-09-30,2024-09,2024,2020,0.0,0.0,-0.0,175176.08,175176.08
2024-09-30,2024-09,2024,2100,147244.05,145569.28,-1674.77,137339.27,135664.5
2024-09-30,2024-09,2024,2110,70921.58,75434.17,4512.59,73870.77,78383.36
2024-09-30,2024-09,2024,2120,15442.06,16164.47,722.41,36726.61,37449.02
2024-09-30,2024-09,2024,2130,22700.18,22357.64,-342.54,255216.21,254873.67
2024-09-30,2024-09,2024,2300,0.0,0.0,-0.0,402000.0,402000.0
2024-09-30,2024-09,2024,2400,0.0,0.0,-0.0,168000.0,168000.0
2024-09-30,2024-09,2024,2500,0.0,0.0,-0.0,90000.0,90000.0
2024-09-30,2024-09,2024,3000,0.0,0.0,-0.0,1000000.0,1000000.0
2024-09-30,2024-09,2024,3100,0.0,0.0,-0.0,3047500.0,3047500.0
2024-09-30,2024-09,2024,3200,0.0,0.0,0.0,180000.0,180000.0
2024-09-30,2024-09,2024,3300,0.0,0.0,-0.0,180000.0,180000.0
2024-09-30,2024-09,2024,4000,0.0,653879.01,653879.01,4946178.65,5600057.66
2024-09-30,2024-09,2024,4010,16400.0,158381.56,141981.56,1779270.99,1921252.55
2024-09-30,2024-09,2024,4020,0.0,158201.26,158201.26,1930610.42,2088811.68
2024-09-30,2024-09,2024,5000,381647.74,0.0,381647.74,2838073.04,3219720.78
2024-09-30,2024-09,2024,5010,162344.55,0.0,162344.55,1271211.92,1433556.47
2024-09-30,2024-09,2024,5020,61272.07,0.0,61272.07,439114.14,500386.21
2024-09-30,2024-09,2024,5030,24611.32,0.0,24611.32,37629.66,62240.98
2024-09-30,2024-09,2024,6000,111512.98,0.0,111512.98,903584.77,1015097.75
2024-09-30,2024-09,2024,6020,121549.0,8578.09,112970.91,52716.49,165687.4
2024-09-30,2024-09,2024,6030,6942.77,0.0,6942.77,56020.25,62963.02
2024-09-30,2024-09,2024,6040,49645.8,25734.27,23911.53,120064.38,143975.91
2024-09-30,2024-09,2024,6050,7313.7,11028.97,-3715.27,86527.7,82812.43
2024-09-30,2024-09,2024,6060,1411.45,15930.74,-14519.29,152482.7,137963.41
2024-09-30,2024-09,2024,6070,23197.58,0.0,23197.58,54578.43,77776.01
2024-09-30,2024-09,2024,6080,0.0,2400.0,-2400.0,192558.29,190158.29
2024-09-30,2024-09,2024,6090,60252.34,0.0,60252.34,409825.88,470078.22
2024-09-30,2024-09,2024,6100,7811.36,0.0,7811.36,71638.73,79450.09
2024-09-30,2024-09,2024,6110,0.0,0.0,0.0,98143.35,98143.35
2024-09-30,2024-09,2024,6120,7212.62,0.0,7212.62,106981.47,114194.09
2024-09-30,2024-09,2024,6130,28444.37,0.0,28444.37,76740.91,105185.28
2024-09-30,2024-09,2024,6140,50116.18,0.0,50116.18,406181.46,456297.64
2024-09-30,2024-09,2024,6150,1369.3,0.0,1369.3,83669.07,85038.37
2024-09-30,2024-09,2024,6160,11854.17,0.0,11854.17,19003.11,30857.28
2024-09-30,2024-09,2024,6170,0.0,0.0,0.0,62578.84,62578.84
2024-09-30,2024-09,2024,6180,0.0,0.0,0.0,118299.56,118299.56
2024-09-30,2024-09,2024,6190,84711.67,0.0,84711.67,724219.08,808930.75
2024-09-30,2024-09,2024,6200,0.0,56517.45,56517.45,264698.79,321216.24
2024-09-30,2024-09,2024,7000,4487.36,0.0,4487.36,53283.27,57770.63
2024-09-30,2024-09,2024,8000,22357.64,0.0,22357.64,212973.51,235331.15
2024-10-31,2024-10,2024,1010,1507986.04,1166048.26,341937.78,600418.73,942356.51
2024-10-31,2024-10,2024,1020,0.0,0.0,0.0,3500.0,3500.0
2024-10-31,2024-10,2024,1100,1700040.23,1553377.06,146663.17,2171618.58,2318281.75
2024-10-31,2024-10,2024,1110,0.0,0.0,-0.0,98857.28,98857.28
2024-10-31,2024-10,2024,1120,32873.55,16665.68,16207.87,-90775.92,-74568.05
2024-10-31,2024-10,2024,1200,0.0,0.0,0.0,512000.0,512000.0
2024-10-31,2024-10,2024,1210,0.0,0.0,0.0,168000.0,168000.0
2024-10-31,2024-10,2024,1220,0.0,0.0,0.0,396000.0,396000.0
2024-10-31,2024-10,2024,1230,0.0,0.0,-0.0,114240.98,114240.98
2024-10-31,2024-10,2024,1300,2400.0,0.0,2400.0,222382.71,224782.71
2024-10-31,2024-10,2024,1310,97320.7,97359.63,-38.93,84445.46,84406.53
2024-10-31,2024-10,2024,1400,0.0,0.0,0.0,2850000.0,2850000.0
2024-10-31,2024-10,2024,1410,0.0,0.0,0.0,640000.0,640000.0
2024-10-31,2024-10,2024,1420,0.0,0.0,0.0,210000.0,210000.0
2024-10-31,2024-10,2024,1430,0.0,0.0,0.0,480000.0,480000.0
2024-10-31,2024-10,2024,1440,0.0,7037.07,7037.07,1182963.02,1190000.09
2024-10-31,2024-10,2024,1450,0.0,0.0,-0.0,328000.0,328000.0
2024-10-31,2024-10,2024,1460,0.0,0.0,-0.0,96000.0,96000.0
2024-10-31,2024-10,2024,1500,0.0,0.0,0.0,850000.0,850000.0
2024-10-31,2024-10,2024,1600,0.0,0.0,0.0,55000.0,55000.0
2024-10-31,2024-10,2024,1990,19566.72,12800.0,6766.72,-54420.91,-47654.19
2024-10-31,2024-10,2024,2000,694525.02,775372.07,80847.05,1419630.3,1500477.35
2024-10-31,2024-10,2024,2010,3640.83,20102.08,16461.25,352586.22,369047.47
2024-10-31,2024-10,2024,2020,0.0,28327.15,28327.15,175176.08,203503.23
2024-10-31,2024-10,2024,2100,210873.14,217854.7,6981.56,135664.5,142646.06
2024-10-31,2024-10,2024,2110,72140.39,74908.81,2768.42,78383.36,81151.78
2024-10-31,2024-10,2024,2120,15644.21,16051.88,407.67,37449.02,37856.69
2024-10-31,2024-10,2024,2130,0.0,27282.64,27282.64,254873.67,282156.31
2024-10-31,2024-10,2024,2300,0.0,0.0,-0.0,402000.0,402000.0
2024-10-31,2024-10,2024,2400,0.0,0.0,-0.0,168000.0,168000.0
2024-10-31,2024-10,2024,2500,0.0,0.0,-0.0,90000.0,90000.0
2024-10-31,2024-10,2024,3000,0.0,0.0,-0.0,1000000.0,1000000.0
2024-10-31,2024-10,2024,3100,0.0,0.0,-0.0,3047500.0,3047500.0
2024-10-31,2024-10,2024,3200,0.0,0.0,0.0,180000.0,180000.0
2024-10-31,2024-10,2024,3300,0.0,0.0,-0.0,180000.0,180000.0
2024-10-31,2024-10,2024,4000,0.0,941120.14,941120.14,5600057.66,6541177.8
2024-10-31,2024-10,2024,4010,0.0,320920.21,320920.21,1921252.55,2242172.76
2024-10-31,2024-10,2024,4020,0.0,190323.91,190323.91,2088811.68,2279135.59
2024-10-31,2024-10,2024,5000,393625.06,0.0,393625.06,3219720.78,3613345.84
2024-10-31,2024-10,2024,5010,158776.69,0.0,158776.69,1433556.47,1592333.16
2024-10-31,2024-10,2024,5020,46809.94,0.0,46809.94,500386.21,547196.15
2024-10-31,2024-10,2024,5030,0.0,0.0,0.0,62240.98,62240.98
2024-10-31,2024-10,2024,6000,109227.8,0.0,109227.8,1015097.75,1124325.55
2024-10-31,2024-10,2024,6020,45591.14,6553.4,39037.74,165687.4,204725.14
2024-10-31,2024-10,2024,6030,7037.07,0.0,7037.07,62963.02,70000.09
2024-10-31,2024-10,2024,6040,125167.87,19660.17,105507.7,143975.91,249483.61
2024-10-31,2024-10,2024,6050,8401.11,8425.79,-24.68,82812.43,82787.75
2024-10-31,2024-10,2024,6060,18593.86,12170.58,6423.28,137963.41,144386.69
2024-10-31,2024-10,2024,6070,0.0,0.0,0.0,77776.01,77776.01
2024-10-31,2024-10,2024,6080,5492.77,2400.0,3092.77,190158.29,193251.06
2024-10-31,2024-10,2024,6090,47779.52,0.0,47779.52,470078.22,517857.74
2024-10-31,2024-10,2024,6100,0.0,0.0,0.0,79450.09,79450.09
2024-10-31,2024-10,2024,6110,27533.18,0.0,27533.18,98143.35,125676.53
2024-10-31,2024-10,2024,6120,0.0,0.0,0.0,114194.09,114194.09
2024-10-31,2024-10,2024,6130,0.0,0.0,0.0,105185.28,105185.28
2024-10-31,2024-10,2024,6140,34951.15,0.0,34951.15,456297.64,491248.79
2024-10-31,2024-10,2024,6150,15081.24,0.0,15081.24,85038.37,100119.61
2024-10-31,2024-10,2024,6160,0.0,0.0,0.0,30857.28,30857.28
2024-10-31,2024-10,2024,6170,36896.46,0.0,36896.46,62578.84,99475.3
2024-10-31,2024-10,2024,6180,3638.19,0.0,3638.19,118299.56,121937.75
2024-10-31,2024-10,2024,6190,70464.47,0.0,70464.47,808930.75,879395.22
2024-10-31,2024-10,2024,6200,0.0,29821.27,29821.27,321216.24,351037.51
2024-10-31,2024-10,2024,7000,5221.51,0.0,5221.51,57770.63,62992.14
2024-10-31,2024-10,2024,8000,27282.64,0.0,27282.64,235331.15,262613.79
2024-11-30,2024-11,2024,1010,1541782.79,1435228.21,106554.58,942356.51,1048911.09
2024-11-30,2024-11,2024,1020,0.0,0.0,0.0,3500.0,3500.0
2024-11-30,2024-11,2024,1100,1790065.18,1594732.2,195332.98,2318281.75,2513614.73
2024-11-30,2024-11,2024,1110,0.0,0.0,-0.0,98857.28,98857.28
2024-11-30,2024-11,2024,1120,20830.97,31317.19,-10486.22,-74568.05,-85054.27
2024-11-30,2024-11,2024,1200,0.0,0.0,0.0,512000.0,512000.0
2024-11-30,2024-11,2024,1210,0.0,0.0,0.0,168000.0,168000.0
2024-11-30,2024-11,2024,1220,0.0,0.0,0.0,396000.0,396000.0
2024-11-30,2024-11,2024,1230,0.0,0.0,-0.0,114240.98,114240.98
2024-11-30,2024-11,2024,1300,18792.54,0.0,18792.54,224782.71,243575.25
2024-11-30,2024-11,2024,1310,139879.01,136242.02,3636.99,84406.53,88043.52
2024-11-30,2024-11,2024,1400,0.0,0.0,0.0,2850000.0,2850000.0
2024-11-30,2024-11,2024,1410,0.0,0.0,0.0,640000.0,640000.0
2024-11-30,2024-11,2024,1420,0.0,0.0,0.0,210000.0,210000.0
2024-11-30,2024-11,2024,1430,0.0,0.0,0.0,480000.0,480000.0
2024-11-30,2024-11,2024,1440,0.0,7038.5,7038.5,1190000.09,1197038.59
2024-11-30,2024-11,2024,1450,0.0,0.0,-0.0,328000.0,328000.0
2024-11-30,2024-11,2024,1460,0.0,0.0,-0.0,96000.0,96000.0
2024-11-30,2024-11,2024,1500,0.0,0.0,0.0,850000.0,850000.0
2024-11-30,2024-11,2024,1600,0.0,0.0,0.0,55000.0,55000.0
2024-11-30,2024-11,2024,1990,3533.68,21500.0,-17966.32,-47654.19,-65620.51
2024-11-30,2024-11,2024,2000,970132.56,1093137.89,123005.33,1500477.35,1623482.68
2024-11-30,2024-11,2024,2010,0.0,34415.81,34415.81,369047.47,403463.28
2024-11-30,2024-11,2024,2020,0.0,20135.15,20135.15,203503.23,223638.38
2024-11-30,2024-11,2024,2100,231639.47,232669.09,1029.62,142646.06,143675.68
2024-11-30,2024-11,2024,2110,70369.05,74100.72,3731.67,81151.78,84883.45
2024-11-30,2024-11,2024,2120,14650.66,15878.73,1228.07,37856.69,39084.76
2024-11-30,2024-11,2024,2130,0.0,32616.51,32616.51,282156.31,314772.82
2024-11-30,2024-11,2024,2300,0.0,0.0,-0.0,402000.0,402000.0
2024-11-30,2024-11,2024,2400,0.0,0.0,-0.0,168000.0,168000.0
2024-11-30,2024-11,2024,2500,0.0,0.0,-0.0,90000.0,90000.0
2024-11-30,2024-11,2024,3000,0.0,0.0,-0.0,1000000.0,1000000.0
2024-11-30,2024-11,2024,3100,0.0,0.0,-0.0,3047500.0,3047500.0
2024-11-30,2024-11,2024,3200,0.0,0.0,0.0,180000.0,180000.0
2024-11-30,2024-11,2024,3300,0.0,0.0,-0.0,180000.0,180000.0
2024-11-30,2024-11,2024,4000,0.0,977826.99,977826.99,6541177.8,7519004.79
2024-11-30,2024-11,2024,4010,27500.0,207697.79,180197.79,2242172.76,2422370.55
2024-11-30,2024-11,2024,4020,0.0,365602.48,365602.48,2279135.59,2644738.07
2024-11-30,2024-11,2024,5000,544049.8,0.0,544049.8,3613345.84,4157395.64
2024-11-30,2024-11,2024,5010,156756.8,0.0,156756.8,1592333.16,1749089.96
2024-11-30,2024-11,2024,5020,48258.81,0.0,48258.81,547196.15,595454.96
2024-11-30,2024-11,2024,5030,0.0,0.0,0.0,62240.98,62240.98
2024-11-30,2024-11,2024,6000,109916.46,0.0,109916.46,1124325.55,1234242.01
2024-11-30,2024-11,2024,6020,41934.46,6756.23,35178.23,204725.14,239903.37
2024-11-30,2024-11,2024,6030,7038.5,0.0,7038.5,70000.09,77038.59
2024-11-30,2024-11,2024,6040,69932.21,20268.7,49663.51,249483.61,299147.12
2024-11-30,2024-11,2024,6050,0.0,8686.59,-8686.59,82787.75,74101.16
2024-11-30,2024-11,2024,6060,29280.27,12547.29,16732.98,144386.69,161119.67
2024-11-30,2024-11,2024,6070,35464.26,0.0,35464.26,77776.01,113240.27
2024-11-30,2024-11,2024,6080,8530.0,2400.0,6130.0,193251.06,199381.06
2024-11-30,2024-11,2024,6090,102181.88,0.0,102181.88,517857.74,620039.62
2024-11-30,2024-11,2024,6100,13094.44,0.0,13094.44,79450.09,92544.53
2024-11-30,2024-11,2024,6110,50786.58,0.0,50786.58,125676.53,176463.11
2024-11-30,2024-11,2024,6120,28744.05,0.0,28744.05,114194.09,142938.14
2024-11-30,2024-11,2024,6130,8393.72,0.0,8393.72,105185.28,113579.0
2024-11-30,2024-11,2024,6140,88480.8,0.0,88480.8,491248.79,579729.59
2024-11-30,2024-11,2024,6150,0.0,0.0,0.0,100119.61,100119.61
2024-11-30,2024-11,2024,6160,0.0,0.0,0.0,30857.28,30857.28
2024-11-30,2024-11,2024,6170,29981.6,0.0,29981.6,99475.3,129456.9
2024-11-30,2024-11,2024,6180,14387.72,0.0,14387.72,121937.75,136325.47
2024-11-30,2024-11,2024,6190,80300.68,0.0,80300.68,879395.22,959695.9
2024-11-30,2024-11,2024,6200,0.0,6268.83,6268.83,351037.51,357306.34
2024-11-30,2024-11,2024,7000,7761.46,0.0,7761.46,62992.14,70753.6
2024-11-30,2024-11,2024,8000,32616.51,0.0,32616.51,262613.79,295230.3
2024-12-31,2024-12,2024,1010,878186.36,1005170.37,-126984.01,1048911.09,921927.08
2024-12-31,2024-12,2024,1020,0.0,0.0,0.0,3500.0,3500.0
2024-12-31,2024-12,2024,1100,966580.14,908467.78,58112.36,2513614.73,2571727.09
2024-12-31,2024-12,2024,1110,0.0,7650.95,7650.95,98857.28,106508.23
2024-12-31,2024-12,2024,1120,5923.92,22577.49,-16653.57,-85054.27,-101707.84
2024-12-31,2024-12,2024,1200,0.0,0.0,0.0,512000.0,512000.0
2024-12-31,2024-12,2024,1210,0.0,0.0,0.0,168000.0,168000.0
2024-12-31,2024-12,2024,1220,0.0,0.0,0.0,396000.0,396000.0
2024-12-31,2024-12,2024,1230,0.0,20959.16,20959.16,114240.98,135200.14
2024-12-31,2024-12,2024,1300,57548.72,0.0,57548.72,243575.25,301123.97
2024-12-31,2024-12,2024,1310,68233.76,65695.26,2538.5,88043.52,90582.02
2024-12-31,2024-12,2024,1400,0.0,0.0,0.0,2850000.0,2850000.0
2024-12-31,2024-12,2024,1410,0.0,0.0,0.0,640000.0,640000.0
2024-12-31,2024-12,2024,1420,0.0,0.0,0.0,210000.0,210000.0
2024-12-31,2024-12,2024,1430,0.0,0.0,0.0,480000.0,480000.0
2024-12-31,2024-12,2024,1440,0.0,6975.77,6975.77,1197038.59,1204014.36
2024-12-31,2024-12,2024,1450,0.0,0.0,-0.0,328000.0,328000.0
2024-12-31,2024-12,2024,1460,0.0,0.0,-0.0,96000.0,96000.0
2024-12-31,2024-12,2024,1500,0.0,0.0,0.0,850000.0,850000.0
2024-12-31,2024-12,2024,1600,0.0,0.0,0.0,55000.0,55000.0
2024-12-31,2024-12,2024,1990,15076.23,7400.0,7676.23,-65620.51,-57944.28
2024-12-31,2024-12,2024,2000,463361.11,546849.63,83488.52,1623482.68,1706971.2
2024-12-31,2024-12,2024,2010,0.0,31362.82,31362.82,403463.28,434826.1
2024-12-31,2024-12,2024,2020,0.0,27177.41,27177.41,223638.38,250815.79
2024-12-31,2024-12,2024,2100,118705.79,123426.9,4721.11,143675.68,148396.79
2024-12-31,2024-12,2024,2110,70431.71,74162.95,3731.24,84883.45,88614.69
2024-12-31,2024-12,2024,2120,15764.94,15892.06,127.12,39084.76,39211.88
2024-12-31,2024-12,2024,2130,29456.76,31780.33,2323.57,314772.82,317096.39
2024-12-31,2024-12,2024,2300,0.0,0.0,-0.0,402000.0,402000.0
2024-12-31,2024-12,2024,2400,0.0,0.0,-0.0,168000.0,168000.0
2024-12-31,2024-12,2024,2500,0.0,0.0,-0.0,90000.0,90000.0
2024-12-31,2024-12,2024,3000,0.0,0.0,-0.0,1000000.0,1000000.0
2024-12-31,2024-12,2024,3100,0.0,447052.47,447052.47,3047500.0,3494552.47
2024-12-31,2024-12,2024,3200,120000.0,0.0,120000.0,180000.0,300000.0
2024-12-31,2024-12,2024,3300,0.0,0.0,-0.0,180000.0,180000.0
2024-12-31,2024-12,2024,4000,8063355.34,544350.55,-7519004.79,7519004.79,0.0
2024-12-31,2024-12,2024,4010,2510340.59,87970.04,-2422370.55,2422370.55,0.0
2024-12-31,2024-12,2024,4020,2835263.62,190525.55,-2644738.07,2644738.07,-0.0
2024-12-31,2024-12,2024,5000,197614.58,4355010.22,-4157395.64,4157395.64,0.0
2024-12-31,2024-12,2024,5010,157257.46,1906347.42,-1749089.96,1749089.96,0.0
2024-12-31,2024-12,2024,5020,53969.29,649424.25,-595454.96,595454.96,0.0
2024-12-31,2024-12,2024,5030,20959.16,83200.14,-62240.98,62240.98,0.0
2024-12-31,2024-12,2024,6000,117837.02,1352079.03,-1234242.01,1234242.01,-0.0
2024-12-31,2024-12,2024,6020,12554.95,252458.32,-239903.37,239903.37,0.0
2024-12-31,2024-12,2024,6030,6975.77,84014.36,-77038.59,77038.59,0.0
2024-12-31,2024-12,2024,6040,48191.95,347339.07,-299147.12,299147.12,0.0
2024-12-31,2024-12,2024,6050,0.0,74101.16,-74101.16,74101.16,0.0
2024-12-31,2024-12,2024,6060,0.0,161119.67,-161119.67,161119.67,0.0
2024-12-31,2024-12,2024,6070,1429.04,114669.31,-113240.27,113240.27,-0.0
2024-12-31,2024-12,2024,6080,7387.71,206768.77,-199381.06,199381.06,0.0
2024-12-31,2024-12,2024,6090,73460.44,693500.06,-620039.62,620039.62,0.0
2024-12-31,2024-12,2024,6100,897.82,93442.35,-92544.53,92544.53,0.0
2024-12-31,2024-12,2024,6110,0.0,176463.11,-176463.11,176463.11,0.0
2024-12-31,2024-12,2024,6120,31092.53,174030.67,-142938.14,142938.14,-0.0
2024-12-31,2024-12,2024,6130,0.0,113579.0,-113579.0,113579.0,0.0
2024-12-31,2024-12,2024,6140,104345.27,684074.86,-579729.59,579729.59,0.0
2024-12-31,2024-12,2024,6150,0.0,100119.61,-100119.61,100119.61,0.0
2024-12-31,2024-12,2024,6160,7650.95,38508.23,-30857.28,30857.28,-0.0
2024-12-31,2024-12,2024,6170,0.0,129456.9,-129456.9,129456.9,0.0
2024-12-31,2024-12,2024,6180,4553.16,140878.63,-136325.47,136325.47,0.0
2024-12-31,2024-12,2024,6190,101135.57,1060831.47,-959695.9,959695.9,0.0
2024-12-31,2024-12,2024,6200,377613.44,20307.1,-357306.34,357306.34,0.0
2024-12-31,2024-12,2024,7000,6708.97,77462.57,-70753.6,70753.6,0.0
2024-12-31,2024-12,2024,8000,31780.33,327010.63,-295230.3,295230.3,0.0
2025-01-31,2025-01,2025,1010,858879.62,1165746.04,-306866.42,921927.08,615060.66
2025-01-31,2025-01,2025,1020,0.0,0.0,0.0,3500.0,3500.0
2025-01-31,2025-01,2025,1100,937976.19,874154.33,63821.86,2571727.09,2635548.95
2025-01-31,2025-01,2025,1110,0.0,0.0,-0.0,106508.23,106508.23
2025-01-31,2025-01,2025,1120,0.0,19082.9,-19082.9,-101707.84,-120790.74
2025-01-31,2025-01,2025,1200,0.0,0.0,0.0,512000.0,512000.0
2025-01-31,2025-01,2025,1210,0.0,0.0,0.0,168000.0,168000.0
2025-01-31,2025-01,2025,1220,0.0,0.0,0.0,396000.0,396000.0
2025-01-31,2025-01,2025,1230,0.0,0.0,-0.0,135200.14,135200.14
2025-01-31,2025-01,2025,1300,2400.0,0.0,2400.0,301123.97,303523.97
2025-01-31,2025-01,2025,1310,100667.15,101299.61,-632.46,90582.02,89949.56
2025-01-31,2025-01,2025,1400,0.0,0.0,0.0,2850000.0,2850000.0
2025-01-31,2025-01,2025,1410,0.0,0.0,0.0,640000.0,640000.0
2025-01-31,2025-01,2025,1420,0.0,0.0,0.0,210000.0,210000.0
2025-01-31,2025-01,2025,1430,0.0,0.0,0.0,480000.0,480000.0
2025-01-31,2025-01,2025,1440,0.0,6975.94,6975.94,1204014.36,1210990.3
2025-01-31,2025-01,2025,1450,0.0,0.0,-0.0,328000.0,328000.0
2025-01-31,2025-01,2025,1460,0.0,0.0,-0.0,96000.0,96000.0
2025-01-31,2025-01,2025,1500,0.0,0.0,0.0,850000.0,850000.0
2025-01-31,2025-01,2025,1600,0.0,0.0,0.0,55000.0,55000.0
2025-01-31,2025-01,2025,1990,23521.87,21500.0,2021.87,-57944.28,-55922.41
2025-01-31,2025-01,2025,2000,756278.24,787964.64,31686.4,1706971.2,1738657.6
2025-01-31,2025-01,2025,2010,4132.91,16486.47,12353.56,434826.1,447179.66
2025-01-31,2025-01,2025,2020,0.0,2593.35,2593.35,250815.79,253409.14
2025-01-31,2025-01,2025,2100,121286.06,119317.67,-1968.39,148396.79,146428.4
2025-01-31,2025-01,2025,2110,71103.59,73865.37,2761.78,88614.69,91376.47
2025-01-31,2025-01,2025,2120,15785.46,15828.3,42.84,39211.88,39254.72
2025-01-31,2025-01,2025,2130,0.0,23480.36,23480.36,317096.39,340576.75
2025-01-31,2025-01,2025,2300,0.0,0.0,-0.0,402000.0,402000.0
2025-01-31,2025-01,2025,2400,0.0,0.0,-0.0,168000.0,168000.0
2025-01-31,2025-01,2025,2500,0.0,0.0,-0.0,90000.0,90000.0
2025-01-31,2025-01,2025,3000,0.0,0.0,-0.0,1000000.0,1000000.0
2025-01-31,2025-01,2025,3100,0.0,0.0,-0.0,3494552.47,3494552.47
2025-01-31,2025-01,2025,3200,0.0,0.0,0.0,300000.0,300000.0
2025-01-31,2025-01,2025,3300,0.0,0.0,-0.0,180000.0,180000.0
2025-01-31,2025-01,2025,4000,0.0,553431.51,553431.51,0.0,553431.51
2025-01-31,2025-01,2025,4010,9800.0,76710.75,66910.75,0.0,66910.75
2025-01-31,2025-01,2025,4020,0.0,165308.7,165308.7,-0.0,165308.7
2025-01-31,2025-01,2025,5000,263686.32,0.0,263686.32,0.0,263686.32
2025-01-31,2025-01,2025,5010,153985.29,0.0,153985.29,0.0,153985.29
2025-01-31,2025-01,2025,5020,58602.47,0.0,58602.47,0.0,58602.47
2025-01-31,2025-01,2025,6000,112293.09,0.0,112293.09,-0.0,112293.09
2025-01-31,2025-01,2025,6020,27144.26,8204.35,18939.91,0.0,18939.91
2025-01-31,2025-01,2025,6030,6975.94,0.0,6975.94,0.0,6975.94
2025-01-31,2025-01,2025,6040,71579.27,24613.04,46966.23,0.0,46966.23
2025-01-31,2025-01,2025,6050,25680.99,10548.44,15132.55,0.0,15132.55
2025-01-31,2025-01,2025,6060,99639.99,15236.64,84403.35,0.0,84403.35
2025-01-31,2025-01,2025,6080,3358.64,2400.0,958.64,0.0,958.64
2025-01-31,2025-01,2025,6090,42684.65,0.0,42684.65,0.0,42684.65
2025-01-31,2025-01,2025,6100,5825.61,0.0,5825.61,0.0,5825.61
2025-01-31,2025-01,2025,6110,51688.81,0.0,51688.81,0.0,51688.81
2025-01-31,2025-01,2025,6140,105994.12,0.0,105994.12,0.0,105994.12
2025-01-31,2025-01,2025,6150,38042.56,0.0,38042.56,0.0,38042.56
2025-01-31,2025-01,2025,6170,26318.02,0.0,26318.02,0.0,26318.02
2025-01-31,2025-01,2025,6180,19463.05,0.0,19463.05,0.0,19463.05
2025-01-31,2025-01,2025,6190,64798.84,0.0,64798.84,0.0,64798.84
2025-01-31,2025-01,2025,6200,0.0,23207.56,23207.56,0.0,23207.56
2025-01-31,2025-01,2025,7000,4882.6,0.0,4882.6,0.0,4882.6
2025-01-31,2025-01,2025,8000,23480.36,0.0,23480.36,0.0,23480.36
2025-02-28,2025-02,2025,1010,1059347.97,1234949.01,-175601.04,615060.66,439459.62
2025-02-28,2025-02,2025,1020,0.0,0.0,0.0,3500.0,3500.0
2025-02-28,2025-02,2025,1100,1216178.37,1070886.17,145292.2,2635548.95,2780841.15
2025-02-28,2025-02,2025,1110,0.0,0.0,-0.0,106508.23,106508.23
2025-02-28,2025-02,2025,1120,0.0,4378.38,-4378.38,-120790.74,-125169.12
2025-02-28,2025-02,2025,1200,0.0,0.0,0.0,512000.0,512000.0
2025-02-28,2025-02,2025,1210,0.0,0.0,0.0,168000.0,168000.0
2025-02-28,2025-02,2025,1220,0.0,0.0,0.0,396000.0,396000.0
2025-02-28,2025-02,2025,1230,0.0,0.0,-0.0,135200.14,135200.14
2025-02-28,2025-02,2025,1300,3342.02,0.0,3342.02,303523.97,306865.99
2025-02-28,2025-02,2025,1310,107703.37,106136.21,1567.16,89949.56,91516.72
2025-02-28,2025-02,2025,1400,0.0,0.0,0.0,2850000.0,2850000.0
2025-02-28,2025-02,2025,1410,0.0,0.0,0.0,640000.0,640000.0
2025-02-28,2025-02,2025,1420,0.0,0.0,0.0,210000.0,210000.0
2025-02-28,2025-02,2025,1430,0.0,0.0,0.0,480000.0,480000.0
2025-02-28,2025-02,2025,1440,0.0,6986.67,6986.67,1210990.3,1217976.97
2025-02-28,2025-02,2025,1450,0.0,0.0,-0.0,328000.0,328000.0
2025-02-28,2025-02,2025,1460,0.0,0.0,-0.0,96000.0,96000.0
2025-02-28,2025-02,2025,1500,0.0,0.0,0.0,850000.0,850000.0
2025-02-28,2025-02,2025,1600,0.0,0.0,0.0,55000.0,55000.0
2025-02-28,2025-02,2025,1990,29986.0,21500.0,8486.0,-55922.41,-47436.41
2025-02-28,2025-02,2025,2000,799527.25,844941.19,45413.94,1738657.6,1784071.54
2025-02-28,2025-02,2025,2010,1454.86,48274.34,46819.48,447179.66,493999.14
2025-02-28,2025-02,2025,2020,0.0,12776.92,12776.92,253409.14,266186.06
2025-02-28,2025-02,2025,2100,155344.27,153361.4,-1982.87,146428.4,144445.53
2025-02-28,2025-02,2025,2110,74242.97,74997.39,754.42,91376.47,92130.89
2025-02-28,2025-02,2025,2120,14594.48,16070.88,1476.4,39254.72,40731.12
2025-02-28,2025-02,2025,2130,0.0,20209.14,20209.14,340576.75,360785.89
2025-02-28,2025-02,2025,2300,0.0,0.0,-0.0,402000.0,402000.0
2025-02-28,2025-02,2025,2400,0.0,0.0,-0.0,168000.0,168000.0
2025-02-28,2025-02,2025,2500,0.0,0.0,-0.0,90000.0,90000.0
2025-02-28,2025-02,2025,3000,0.0,0.0,-0.0,1000000.0,1000000.0
2025-02-28,2025-02,2025,3100,0.0,0.0,-0.0,3494552.47,3494552.47
2025-02-28,2025-02,2025,3200,0.0,0.0,0.0,300000.0,300000.0
2025-02-28,2025-02,2025,3300,0.0,0.0,-0.0,180000.0,180000.0
2025-02-28,2025-02,2025,4000,0.0,526868.43,526868.43,553431.51,1080299.94
2025-02-28,2025-02,2025,4010,9800.0,282630.7,272830.7,66910.75,339741.45
2025-02-28,2025-02,2025,4020,0.0,212910.26,212910.26,165308.7,378218.96
2025-02-28,2025-02,2025,5000,446262.97,0.0,446262.97,263686.32,709949.29
2025-02-28,2025-02,2025,5010,158477.83,0.0,158477.83,153985.29,312463.12
2025-02-28,2025-02,2025,5020,56920.09,0.0,56920.09,58602.47,115522.56
2025-02-28,2025-02,2025,6000,116889.74,0.0,116889.74,112293.09,229182.83
2025-02-28,2025-02,2025,6020,61631.34,7968.81,53662.53,18939.91,72602.44
2025-02-28,2025-02,2025,6030,6986.67,0.0,6986.67,6975.94,13962.61
2025-02-28,2025-02,2025,6040,9151.26,23906.44,-14755.18,46966.23,32211.05
2025-02-28,2025-02,2025,6050,31667.09,10245.62,21421.47,15132.55,36554.02
2025-02-28,2025-02,2025,6060,27542.67,14799.22,12743.45,84403.35,97146.8
2025-02-28,2025-02,2025,6070,61267.7,0.0,61267.7,-0.0,61267.7
2025-02-28,2025-02,2025,6080,0.0,2400.0,-2400.0,958.64,-1441.36
2025-02-28,2025-02,2025,6090,38889.78,0.0,38889.78,42684.65,81574.43
2025-02-28,2025-02,2025,6100,914.65,0.0,914.65,5825.61,6740.26
2025-02-28,2025-02,2025,6110,0.0,0.0,0.0,51688.81,51688.81
2025-02-28,2025-02,2025,6130,4022.68,0.0,4022.68,0.0,4022.68
2025-02-28,2025-02,2025,6140,71322.38,0.0,71322.38,105994.12,177316.5
2025-02-28,2025-02,2025,6150,27837.31,0.0,27837.31,38042.56,65879.87
2025-02-28,2025-02,2025,6170,25464.23,0.0,25464.23,26318.02,51782.25
2025-02-28,2025-02,2025,6180,2889.41,0.0,2889.41,19463.05,22352.46
2025-02-28,2025-02,2025,6190,92538.97,0.0,92538.97,64798.84,157337.81
2025-02-28,2025-02,2025,6200,0.0,40407.58,40407.58,23207.56,63615.14
2025-02-28,2025-02,2025,7000,5197.29,0.0,5197.29,4882.6,10079.89
2025-02-28,2025-02,2025,8000,20209.14,0.0,20209.14,23480.36,43689.5
2025-03-31,2025-03,2025,1010,1050198.6,1044976.59,5222.01,439459.62,444681.63
2025-03-31,2025-03,2025,1020,0.0,0.0,0.0,3500.0,3500.0
2025-03-31,2025-03,2025,1100,1224172.26,1094936.84,129235.42,2780841.15,2910076.57
2025-03-31,2025-03,2025,1110,0.0,12807.58,12807.58,106508.23,119315.81
2025-03-31,2025-03,2025,1120,0.0,21731.32,-21731.32,-125169.12,-146900.44
2025-03-31,2025-03,2025,1200,0.0,0.0,0.0,512000.0,512000.0
2025-03-31,2025-03,2025,1210,0.0,0.0,0.0,168000.0,168000.0
2025-03-31,2025-03,2025,1220,0.0,0.0,0.0,396000.0,396000.0
2025-03-31,2025-03,2025,1230,0.0,19776.51,19776.51,135200.14,154976.65
2025-03-31,2025-03,2025,1300,32210.46,0.0,32210.46,306865.99,339076.45
2025-03-31,2025-03,2025,1310,79602.4,79966.23,-363.83,91516.72,91152.89
2025-03-31,2025-03,2025,1400,0.0,0.0,0.0,2850000.0,2850000.0
2025-03-31,2025-03,2025,1410,0.0,0.0,0.0,640000.0,640000.0
2025-03-31,2025-03,2025,1420,0.0,0.0,0.0,210000.0,210000.0
2025-03-31,2025-03,2025,1430,0.0,0.0,0.0,480000.0,480000.0
2025-03-31,2025-03,2025,1440,0.0,7049.87,7049.87,1217976.97,1225026.84
2025-03-31,2025-03,2025,1450,0.0,0.0,-0.0,328000.0,328000.0
2025-03-31,2025-03,2025,1460,0.0,0.0,-0.0,96000.0,96000.0
2025-03-31,2025-03,2025,1500,0.0,0.0,0.0,850000.0,850000.0
2025-03-31,2025-03,2025,1600,0.0,0.0,0.0,55000.0,55000.0
2025-03-31,2025-03,2025,1990,0.0,12800.0,-12800.0,-47436.41,-60236.41
2025-03-31,2025-03,2025,2000,573289.39,651267.16,77977.77,1784071.54,1862049.31
2025-03-31,2025-03,2025,2010,13821.29,7005.51,-6815.78,493999.14,487183.36
2025-03-31,2025-03,2025,2020,0.0,13320.57,13320.57,266186.06,279506.63
2025-03-31,2025-03,2025,2100,153406.46,158374.14,4967.68,144445.53,149413.21
2025-03-31,2025-03,2025,2110,73772.72,75309.39,1536.67,92130.89,93667.56
2025-03-31,2025-03,2025,2120,15611.22,16137.74,526.52,40731.12,41257.64
2025-03-31,2025-03,2025,2130,0.0,22423.94,22423.94,360785.89,383209.83
2025-03-31,2025-03,2025,2300,0.0,0.0,-0.0,402000.0,402000.0
2025-03-31,2025-03,2025,2400,0.0,0.0,-0.0,168000.0,168000.0
2025-03-31,2025-03,2025,2500,0.0,0.0,-0.0,90000.0,90000.0
2025-03-31,2025-03,2025,3000,0.0,0.0,-0.0,1000000.0,1000000.0
2025-03-31,2025-03,2025,3100,0.0,0.0,-0.0,3494552.47,3494552.47
2025-03-31,2025-03,2025,3200,0.0,0.0,0.0,300000.0,300000.0
2025-03-31,2025-03,2025,3300,0.0,0.0,-0.0,180000.0,180000.0
2025-03-31,2025-03,2025,4000,0.0,665624.51,665624.51,1080299.94,1745924.45
2025-03-31,2025-03,2025,4010,9800.0,214427.16,204627.16,339741.45,544368.61
2025-03-31,2025-03,2025,4020,0.0,175776.08,175776.08,378218.96,553995.04
2025-03-31,2025-03,2025,5000,298932.4,0.0,298932.4,709949.29,1008881.69
2025-03-31,2025-03,2025,5010,157379.27,0.0,157379.27,312463.12,469842.39
2025-03-31,2025-03,2025,5020,50675.65,0.0,50675.65,115522.56,166198.21
2025-03-31,2025-03,2025,5030,19776.51,0.0,19776.51,0.0,19776.51
2025-03-31,2025-03,2025,6000,112423.33,0.0,112423.33,229182.83,341606.16
2025-03-31,2025-03,2025,6020,1548.05,7094.59,-5546.54,72602.44,67055.9
2025-03-31,2025-03,2025,6030,7049.87,0.0,7049.87,13962.61,21012.48
2025-03-31,2025-03,2025,6040,46774.38,21283.77,25490.61,32211.05,57701.66
2025-03-31,2025-03,2025,6050,1537.76,9121.62,-7583.86,36554.02,28970.16
2025-03-31,2025-03,2025,6060,67979.65,13175.67,54803.98,97146.8,151950.78
2025-03-31,2025-03,2025,6070,0.0,0.0,0.0,61267.7,61267.7
2025-03-31,2025-03,2025,6080,0.0,2400.0,-2400.0,-1441.36,-3841.36
2025-03-31,2025-03,2025,6090,115270.74,0.0,115270.74,81574.43,196845.17
2025-03-31,2025-03,2025,6100,750.23,0.0,750.23,6740.26,7490.49
2025-03-31,2025-03,2025,6110,35957.06,0.0,35957.06,51688.81,87645.87
2025-03-31,2025-03,2025,6130,0.0,0.0,0.0,4022.68,4022.68
2025-03-31,2025-03,2025,6140,78731.74,0.0,78731.74,177316.5,256048.24
2025-03-31,2025-03,2025,6150,0.0,0.0,0.0,65879.87,65879.87
2025-03-31,2025-03,2025,6160,12807.58,0.0,12807.58,-0.0,12807.58
2025-03-31,2025-03,2025,6170,4462.98,0.0,4462.98,51782.25,56245.23
2025-03-31,2025-03,2025,6180,7434.36,0.0,7434.36,22352.46,29786.82
2025-03-31,2025-03,2025,6190,83519.44,0.0,83519.44,157337.81,240857.25
2025-03-31,2025-03,2025,6200,0.0,9970.37,9970.37,63615.14,73585.51
2025-03-31,2025-03,2025,7000,5437.42,0.0,5437.42,10079.89,15517.31
2025-03-31,2025-03,2025,8000,22423.94,0.0,22423.94,43689.5,66113.44
2025-04-30,2025-04,2025,1010,1308177.35,1287879.26,20298.09,444681.63,464979.72
2025-04-30,2025-04,2025,1020,0.0,0.0,0.0,3500.0,3500.0
2025-04-30,2025-04,2025,1100,1470243.57,1374398.74,95844.83,2910076.57,3005921.4
2025-04-30,2025-04,2025,1110,0.0,0.0,-0.0,119315.81,119315.81
2025-04-30,2025-04,2025,1120,19593.7,27073.26,-7479.56,-146900.44,-154380.0
2025-04-30,2025-04,2025,1200,0.0,0.0,0.0,512000.0,512000.0
2025-04-30,2025-04,2025,1210,0.0,0.0,0.0,168000.0,168000.0
2025-04-30,2025-04,2025,1220,0.0,0.0,0.0,396000.0,396000.0
2025-04-30,2025-04,2025,1230,0.0,0.0,-0.0,154976.65,154976.65
2025-04-30,2025-04,2025,1300,20862.18,0.0,20862.18,339076.45,359938.63
2025-04-30,2025-04,2025,1310,113814.38,111378.36,2436.02,91152.89,93588.91
2025-04-30,2025-04,2025,1400,0.0,0.0,0.0,2850000.0,2850000.0
2025-04-30,2025-04,2025,1410,0.0,0.0,0.0,640000.0,640000.0
2025-04-30,2025-04,2025,1420,0.0,0.0,0.0,210000.0,210000.0
2025-04-30,2025-04,2025,1430,0.0,0.0,0.0,480000.0,480000.0
2025-04-30,2025-04,2025,1440,0.0,6945.83,6945.83,1225026.84,1231972.67
2025-04-30,2025-04,2025,1450,0.0,0.0,-0.0,328000.0,328000.0
2025-04-30,2025-04,2025,1460,0.0,0.0,-0.0,96000.0,96000.0
2025-04-30,2025-04,2025,1500,0.0,0.0,0.0,850000.0,850000.0
2025-04-30,2025-04,2025,1600,0.0,0.0,0.0,55000.0,55000.0
2025-04-30,2025-04,2025,1990,15918.52,21500.0,-5581.48,-60236.41,-65817.89
2025-04-30,2025-04,2025,2000,802490.74,913299.48,110808.74,1862049.31,1972858.05
2025-04-30,2025-04,2025,2010,25254.08,20375.5,-4878.58,487183.36,482304.78
2025-04-30,2025-04,2025,2020,0.0,22936.11,22936.11,279506.63,302442.74
2025-04-30,2025-04,2025,2100,181774.1,190177.13,8403.03,149413.21,157816.24
2025-04-30,2025-04,2025,2110,71311.44,76552.9,5241.46,93667.56,98909.02
2025-04-30,2025-04,2025,2120,15658.12,16404.2,746.08,41257.64,42003.72
2025-04-30,2025-04,2025,2130,17953.35,20612.59,2659.24,383209.83,385869.07
2025-04-30,2025-04,2025,2300,0.0,0.0,-0.0,402000.0,402000.0
2025-04-30,2025-04,2025,2400,0.0,0.0,-0.0,168000.0,168000.0
2025-04-30,2025-04,2025,2500,0.0,0.0,-0.0,90000.0,90000.0
2025-04-30,2025-04,2025,3000,0.0,0.0,-0.0,1000000.0,1000000.0
2025-04-30,2025-04,2025,3100,0.0,0.0,-0.0,3494552.47,3494552.47
2025-04-30,2025-04,2025,3200,0.0,0.0,0.0,300000.0,300000.0
2025-04-30,2025-04,2025,3300,0.0,0.0,-0.0,180000.0,180000.0
2025-04-30,2025-04,2025,4000,0.0,699021.43,699021.43,1745924.45,2444945.88
2025-04-30,2025-04,2025,4010,27500.0,210007.29,182507.29,544368.61,726875.9
2025-04-30,2025-04,2025,4020,0.0,358818.56,358818.56,553995.04,912813.6
2025-04-30,2025-04,2025,5000,421068.74,0.0,421068.74,1008881.69,1429950.43
2025-04-30,2025-04,2025,5010,164510.71,0.0,164510.71,469842.39,634353.1
2025-04-30,2025-04,2025,5020,51249.8,0.0,51249.8,166198.21,217448.01
2025-04-30,2025-04,2025,5030,0.0,0.0,0.0,19776.51,19776.51
2025-04-30,2025-04,2025,6000,113873.14,0.0,113873.14,341606.16,455479.3
2025-04-30,2025-04,2025,6020,19624.26,7174.97,12449.29,67055.9,79505.19
2025-04-30,2025-04,2025,6030,6945.83,0.0,6945.83,21012.48,27958.31
2025-04-30,2025-04,2025,6040,51805.88,21524.92,30280.96,57701.66,87982.62
2025-04-30,2025-04,2025,6050,34797.3,9224.96,25572.34,28970.16,54542.5
2025-04-30,2025-04,2025,6060,3277.9,13324.95,-10047.05,151950.78,141903.73
2025-04-30,2025-04,2025,6070,0.0,0.0,0.0,61267.7,61267.7
2025-04-30,2025-04,2025,6080,43234.05,2400.0,40834.05,-3841.36,36992.69
2025-04-30,2025-04,2025,6090,82837.45,0.0,82837.45,196845.17,279682.62
2025-04-30,2025-04,2025,6100,19828.69,0.0,19828.69,7490.49,27319.18
2025-04-30,2025-04,2025,6110,42453.63,0.0,42453.63,87645.87,130099.5
2025-04-30,2025-04,2025,6130,0.0,0.0,0.0,4022.68,4022.68
2025-04-30,2025-04,2025,6140,118164.12,0.0,118164.12,256048.24,374212.36
2025-04-30,2025-04,2025,6150,5417.11,0.0,5417.11,65879.87,71296.98
2025-04-30,2025-04,2025,6160,0.0,0.0,0.0,12807.58,12807.58
2025-04-30,2025-04,2025,6170,3437.93,0.0,3437.93,56245.23,59683.16
2025-04-30,2025-04,2025,6180,4203.63,0.0,4203.63,29786.82,33990.45
2025-04-30,2025-04,2025,6190,117688.87,0.0,117688.87,240857.25,358546.12
2025-04-30,2025-04,2025,6200,0.0,12219.16,12219.16,73585.51,85804.67
2025-04-30,2025-04,2025,7000,7666.44,0.0,7666.44,15517.31,23183.75
2025-04-30,2025-04,2025,8000,20612.59,0.0,20612.59,66113.44,86726.03
2025-05-31,2025-05,2025,1010,1668363.94,1293390.55,374973.39,464979.72,839953.11
2025-05-31,2025-05,2025,1020,0.0,0.0,0.0,3500.0,3500.0
2025-05-31,2025-05,2025,1100,1832171.61,1684322.66,147848.95,3005921.4,3153770.35
2025-05-31,2025-05,2025,1110,0.0,0.0,-0.0,119315.81,119315.81
2025-05-31,2025-05,2025,1120,2649.16,25098.49,-22449.33,-154380.0,-176829.33
2025-05-31,2025-05,2025,1200,0.0,0.0,0.0,512000.0,512000.0
2025-05-31,2025-05,2025,1210,0.0,0.0,0.0,168000.0,168000.0
2025-05-31,2025-05,2025,1220,0.0,0.0,0.0,396000.0,396000.0
2025-05-31,2025-05,2025,1230,0.0,0.0,-0.0,154976.65,154976.65
2025-05-31,2025-05,2025,1300,2400.0,0.0,2400.0,359938.63,362338.63
2025-05-31,2025-05,2025,1310,106551.53,101534.84,5016.69,93588.91,98605.6
2025-05-31,2025-05,2025,1400,0.0,0.0,0.0,2850000.0,2850000.0
2025-05-31,2025-05,2025,1410,0.0,0.0,0.0,640000.0,640000.0
2025-05-31,2025-05,2025,1420,0.0,0.0,0.0,210000.0,210000.0
2025-05-31,2025-05,2025,1430,0.0,0.0,0.0,480000.0,480000.0
2025-05-31,2025-05,2025,1440,0.0,6966.14,6966.14,1231972.67,1238938.81
2025-05-31,2025-05,2025,1450,0.0,0.0,-0.0,328000.0,328000.0
2025-05-31,2025-05,2025,1460,0.0,0.0,-0.0,96000.0,96000.0
2025-05-31,2025-05,2025,1500,0.0,0.0,0.0,850000.0,850000.0
2025-05-31,2025-05,2025,1600,0.0,0.0,0.0,55000.0,55000.0
2025-05-31,2025-05,2025,1990,8776.21,7400.0,1376.21,-65817.89,-64441.68
2025-05-31,2025-05,2025,2000,775021.85,844490.93,69469.08,1972858.05,2042327.13
2025-05-31,2025-05,2025,2010,16017.99,20963.59,4945.6,482304.78,487250.38
2025-05-31,2025-05,2025,2020,0.0,3116.95,3116.95,302442.74,305559.69
2025-05-31,2025-05,2025,2100,224079.21,235074.25,10995.04,157816.24,168811.28
2025-05-31,2025-05,2025,2110,69636.21,74925.77,5289.56,98909.02,104198.58
2025-05-31,2025-05,2025,2120,15944.9,16055.52,110.62,42003.72,42114.34
2025-05-31,2025-05,2025,2130,0.0,23913.88,23913.88,385869.07,409782.95
2025-05-31,2025-05,2025,2300,0.0,0.0,-0.0,402000.0,402000.0
2025-05-31,2025-05,2025,2400,0.0,0.0,-0.0,168000.0,168000.0
2025-05-31,2025-05,2025,2500,0.0,0.0,-0.0,90000.0,90000.0
2025-05-31,2025-05,2025,3000,0.0,0.0,-0.0,1000000.0,1000000.0
2025-05-31,2025-05,2025,3100,0.0,0.0,-0.0,3494552.47,3494552.47
2025-05-31,2025-05,2025,3200,0.0,0.0,0.0,300000.0,300000.0
2025-05-31,2025-05,2025,3300,0.0,0.0,-0.0,180000.0,180000.0
2025-05-31,2025-05,2025,4000,0.0,946532.88,946532.88,2444945.88,3391478.76
2025-05-31,2025-05,2025,4010,9800.0,382310.78,372510.78,726875.9,1099386.68
2025-05-31,2025-05,2025,4020,0.0,238318.21,238318.21,912813.6,1151131.81
2025-05-31,2025-05,2025,5000,356709.29,0.0,356709.29,1429950.43,1786659.72
2025-05-31,2025-05,2025,5010,158227.92,0.0,158227.92,634353.1,792581.02
2025-05-31,2025-05,2025,5020,57189.61,0.0,57189.61,217448.01,274637.62
2025-05-31,2025-05,2025,5030,0.0,0.0,0.0,19776.51,19776.51
2025-05-31,2025-05,2025,6000,114127.83,0.0,114127.83,455479.3,569607.13
2025-05-31,2025-05,2025,6020,22209.44,8006.54,14202.9,79505.19,93708.09
2025-05-31,2025-05,2025,6030,6966.14,0.0,6966.14,27958.31,34924.45
2025-05-31,2025-05,2025,6040,69145.35,24019.64,45125.71,87982.62,133108.33
2025-05-31,2025-05,2025,6050,0.0,10294.13,-10294.13,54542.5,44248.37
2025-05-31,2025-05,2025,6060,0.0,14869.3,-14869.3,141903.73,127034.43
2025-05-31,2025-05,2025,6070,54025.57,0.0,54025.57,61267.7,115293.27
2025-05-31,2025-05,2025,6080,0.0,2400.0,-2400.0,36992.69,34592.69
2025-05-31,2025-05,2025,6090,186526.51,0.0,186526.51,279682.62,466209.13
2025-05-31,2025-05,2025,6100,3116.95,0.0,3116.95,27319.18,30436.13
2025-05-31,2025-05,2025,6110,8776.52,0.0,8776.52,130099.5,138876.02
2025-05-31,2025-05,2025,6120,21643.29,0.0,21643.29,-0.0,21643.29
2025-05-31,2025-05,2025,6130,0.0,0.0,0.0,4022.68,4022.68
2025-05-31,2025-05,2025,6140,63187.61,0.0,63187.61,374212.36,437399.97
2025-05-31,2025-05,2025,6150,13538.51,0.0,13538.51,71296.98,84835.49
2025-05-31,2025-05,2025,6160,0.0,0.0,0.0,12807.58,12807.58
2025-05-31,2025-05,2025,6170,21802.11,0.0,21802.11,59683.16,81485.27
2025-05-31,2025-05,2025,6180,1608.64,0.0,1608.64,33990.45,35599.09
2025-05-31,2025-05,2025,6190,75023.56,0.0,75023.56,358546.12,433569.68
2025-05-31,2025-05,2025,6200,0.0,29935.49,29935.49,85804.67,115740.16
2025-05-31,2025-05,2025,7000,4789.2,0.0,4789.2,23183.75,27972.95
2025-05-31,2025-05,2025,8000,23913.88,0.0,23913.88,86726.03,110639.91
2025-06-30,2025-06,2025,1010,975972.42,1170470.22,-194497.8,839953.11,645455.31
2025-06-30,2025-06,2025,1020,0.0,0.0,0.0,3500.0,3500.0
2025-06-30,2025-06,2025,1100,1114409.42,1014261.97,100147.45,3153770.35,3253917.8
2025-06-30,2025-06,2025,1110,0.0,12632.04,12632.04,119315.81,131947.85
2025-06-30,2025-06,2025,1120,0.0,5800.35,-5800.35,-176829.33,-182629.68
2025-06-30,2025-06,2025,1200,0.0,0.0,0.0,512000.0,512000.0
2025-06-30,2025-06,2025,1210,0.0,0.0,0.0,168000.0,168000.0
2025-06-30,2025-06,2025,1220,0.0,0.0,0.0,396000.0,396000.0
2025-06-30,2025-06,2025,1230,0.0,23751.1,23751.1,154976.65,178727.75
2025-06-30,2025-06,2025,1300,7530.12,0.0,7530.12,362338.63,369868.75
2025-06-30,2025-06,2025,1310,85817.95,86922.09,-1104.14,98605.6,97501.46
2025-06-30,2025-06,2025,1400,0.0,0.0,0.0,2850000.0,2850000.0
2025-06-30,2025-06,2025,1410,0.0,0.0,0.0,640000.0,640000.0
2025-06-30,2025-06,2025,1420,0.0,0.0,0.0,210000.0,210000.0
2025-06-30,2025-06,2025,1430,0.0,0.0,0.0,480000.0,480000.0
2025-06-30,2025-06,2025,1440,0.0,6996.66,6996.66,1238938.81,1245935.47
2025-06-30,2025-06,2025,1450,0.0,0.0,-0.0,328000.0,328000.0
2025-06-30,2025-06,2025,1460,0.0,0.0,-0.0,96000.0,96000.0
2025-06-30,2025-06,2025,1500,0.0,0.0,0.0,850000.0,850000.0
2025-06-30,2025-06,2025,1600,0.0,0.0,0.0,55000.0,55000.0
2025-06-30,2025-06,2025,1990,19355.37,21500.0,-2144.63,-64441.68,-66586.31
2025-06-30,2025-06,2025,2000,609594.17,682297.61,72703.44,2042327.13,2115030.57
2025-06-30,2025-06,2025,2010,3601.12,33061.65,29460.53,487250.38,516710.91
2025-06-30,2025-06,2025,2020,0.0,8006.82,8006.82,305559.69,313566.51
2025-06-30,2025-06,2025,2100,142194.39,139687.05,-2507.34,168811.28,166303.94
2025-06-30,2025-06,2025,2110,72162.14,75195.33,3033.19,104198.58,107231.77
2025-06-30,2025-06,2025,2120,15437.31,16113.3,675.99,42114.34,42790.33
2025-06-30,2025-06,2025,2130,28305.58,31124.49,2818.91,409782.95,412601.86
2025-06-30,2025-06,2025,2300,0.0,0.0,-0.0,402000.0,402000.0
2025-06-30,2025-06,2025,2400,0.0,0.0,-0.0,168000.0,168000.0
2025-06-30,2025-06,2025,2500,0.0,0.0,-0.0,90000.0,90000.0
2025-06-30,2025-06,2025,3000,0.0,0.0,-0.0,1000000.0,1000000.0
2025-06-30,2025-06,2025,3100,0.0,0.0,-0.0,3494552.47,3494552.47
2025-06-30,2025-06,2025,3200,120000.0,0.0,120000.0,300000.0,420000.0
2025-06-30,2025-06,2025,3300,0.0,0.0,-0.0,180000.0,180000.0
2025-06-30,2025-06,2025,4000,0.0,583651.1,583651.1,3391478.76,3975129.86
2025-06-30,2025-06,2025,4010,16400.0,112545.21,96145.21,1099386.68,1195531.89
2025-06-30,2025-06,2025,4020,0.0,235050.96,235050.96,1151131.81,1386182.77
2025-06-30,2025-06,2025,5000,347041.81,0.0,347041.81,1786659.72,2133701.53
2025-06-30,2025-06,2025,5010,159916.81,0.0,159916.81,792581.02,952497.83
2025-06-30,2025-06,2025,5020,58087.76,0.0,58087.76,274637.62,332725.38
2025-06-30,2025-06,2025,5030,23751.1,0.0,23751.1,19776.51,43527.61
2025-06-30,2025-06,2025,6000,115234.89,0.0,115234.89,569607.13,684842.02
2025-06-30,2025-06,2025,6020,52012.93,8132.28,43880.65,93708.09,137588.74
2025-06-30,2025-06,2025,6030,6996.66,0.0,6996.66,34924.45,41921.11
2025-06-30,2025-06,2025,6040,37958.56,24396.86,13561.7,133108.33,146670.03
2025-06-30,2025-06,2025,6050,0.0,10455.8,-10455.8,44248.37,33792.57
2025-06-30,2025-06,2025,6060,27641.42,15102.82,12538.6,127034.43,139573.03
2025-06-30,2025-06,2025,6070,0.0,0.0,0.0,115293.27,115293.27
2025-06-30,2025-06,2025,6080,3297.34,2400.0,897.34,34592.69,35490.03
2025-06-30,2025-06,2025,6090,62346.39,0.0,62346.39,466209.13,528555.52
2025-06-30,2025-06,2025,6100,23876.32,0.0,23876.32,30436.13,54312.45
2025-06-30,2025-06,2025,6110,26719.82,0.0,26719.82,138876.02,165595.84
2025-06-30,2025-06,2025,6120,0.0,0.0,0.0,21643.29,21643.29
2025-06-30,2025-06,2025,6130,0.0,0.0,0.0,4022.68,4022.68
2025-06-30,2025-06,2025,6140,63568.61,0.0,63568.61,437399.97,500968.58
2025-06-30,2025-06,2025,6150,7654.64,0.0,7654.64,84835.49,92490.13
2025-06-30,2025-06,2025,6160,12632.04,0.0,12632.04,12807.58,25439.62
2025-06-30,2025-06,2025,6170,0.0,0.0,0.0,81485.27,81485.27
2025-06-30,2025-06,2025,6180,0.0,0.0,0.0,35599.09,35599.09
2025-06-30,2025-06,2025,6190,88129.9,0.0,88129.9,433569.68,521699.58
2025-06-30,2025-06,2025,6200,0.0,43475.1,43475.1,115740.16,159215.26
2025-06-30,2025-06,2025,7000,4259.33,0.0,4259.33,27972.95,32232.28
2025-06-30,2025-06,2025,8000,31124.49,0.0,31124.49,110639.91,141764.4
2025-07-31,2025-07,2025,1010,1454788.43,1239039.82,215748.61,645455.31,861203.92
2025-07-31,2025-07,2025,1020,0.0,0.0,0.0,3500.0,3500.0
2025-07-31,2025-07,2025,1100,1710546.93,1487333.32,223213.61,3253917.8,3477131.41
2025-07-31,2025-07,2025,1110,0.0,0.0,-0.0,131947.85,131947.85
2025-07-31,2025-07,2025,1120,1234.92,20959.65,-19724.73,-182629.68,-202354.41
2025-07-31,2025-07,2025,1200,0.0,0.0,0.0,512000.0,512000.0
2025-07-31,2025-07,2025,1210,0.0,0.0,0.0,168000.0,168000.0
2025-07-31,2025-07,2025,1220,0.0,0.0,0.0,396000.0,396000.0
2025-07-31,2025-07,2025,1230,0.0,0.0,-0.0,178727.75,178727.75
2025-07-31,2025-07,2025,1300,23053.25,0.0,23053.25,369868.75,392922.0
2025-07-31,2025-07,2025,1310,98763.93,95893.94,2869.99,97501.46,100371.45
2025-07-31,2025-07,2025,1400,0.0,0.0,0.0,2850000.0,2850000.0
2025-07-31,2025-07,2025,1410,0.0,0.0,0.0,640000.0,640000.0
2025-07-31,2025-07,2025,1420,0.0,0.0,0.0,210000.0,210000.0
2025-07-31,2025-07,2025,1430,0.0,0.0,0.0,480000.0,480000.0
2025-07-31,2025-07,2025,1440,0.0,6989.05,6989.05,1245935.47,1252924.52
2025-07-31,2025-07,2025,1450,0.0,0.0,-0.0,328000.0,328000.0
2025-07-31,2025-07,2025,1460,0.0,0.0,-0.0,96000.0,96000.0
2025-07-31,2025-07,2025,1500,0.0,0.0,0.0,850000.0,850000.0
2025-07-31,2025-07,2025,1600,0.0,0.0,0.0,55000.0,55000.0
2025-07-31,2025-07,2025,1990,24056.07,12800.0,11256.07,-66586.31,-55330.24
2025-07-31,2025-07,2025,2000,690379.03,768042.85,77663.82,2115030.57,2192694.39
2025-07-31,2025-07,2025,2010,0.0,42211.95,42211.95,516710.91,558922.86
2025-07-31,2025-07,2025,2020,0.0,9870.18,9870.18,313566.51,323436.69
2025-07-31,2025-07,2025,2100,224065.71,220030.87,-4034.84,166303.94,162269.1
2025-07-31,2025-07,2025,2110,73606.61,73783.19,176.58,107231.77,107408.35
2025-07-31,2025-07,2025,2120,14680.06,15810.67,1130.61,42790.33,43920.94
2025-07-31,2025-07,2025,2130,0.0,22095.22,22095.22,412601.86,434697.08
2025-07-31,2025-07,2025,2300,0.0,0.0,-0.0,402000.0,402000.0
2025-07-31,2025-07,2025,2400,0.0,0.0,-0.0,168000.0,168000.0
2025-07-31,2025-07,2025,2500,0.0,0.0,-0.0,90000.0,90000.0
2025-07-31,2025-07,2025,3000,0.0,0.0,-0.0,1000000.0,1000000.0
2025-07-31,2025-07,2025,3100,0.0,0.0,-0.0,3494552.47,3494552.47
2025-07-31,2025-07,2025,3200,0.0,0.0,0.0,420000.0,420000.0
2025-07-31,2025-07,2025,3300,0.0,0.0,-0.0,180000.0,180000.0
2025-07-31,2025-07,2025,4000,0.0,950176.71,950176.71,3975129.86,4925306.57
2025-07-31,2025-07,2025,4010,0.0,254167.69,254167.69,1195531.89,1449699.58
2025-07-31,2025-07,2025,4020,0.0,262528.34,262528.34,1386182.77,1648711.11
2025-07-31,2025-07,2025,5000,345805.84,0.0,345805.84,2133701.53,2479507.37
2025-07-31,2025-07,2025,5010,156356.58,0.0,156356.58,952497.83,1108854.41
2025-07-31,2025-07,2025,5020,56053.2,0.0,56053.2,332725.38,388778.58
2025-07-31,2025-07,2025,5030,0.0,0.0,0.0,43527.61,43527.61
2025-07-31,2025-07,2025,6000,112775.07,0.0,112775.07,684842.02,797617.09
2025-07-31,2025-07,2025,6020,25907.27,7847.45,18059.82,137588.74,155648.56
2025-07-31,2025-07,2025,6030,6989.05,0.0,6989.05,41921.11,48910.16
2025-07-31,2025-07,2025,6040,14492.09,23542.34,-9050.25,146670.03,137619.78
2025-07-31,2025-07,2025,6050,105103.93,10089.58,95014.35,33792.57,128806.92
2025-07-31,2025-07,2025,6060,15175.72,14573.83,601.89,139573.03,140174.92
2025-07-31,2025-07,2025,6070,0.0,0.0,0.0,115293.27,115293.27
2025-07-31,2025-07,2025,6080,0.0,2400.0,-2400.0,35490.03,33090.03
2025-07-31,2025-07,2025,6090,92165.38,0.0,92165.38,528555.52,620720.9
2025-07-31,2025-07,2025,6100,36122.97,0.0,36122.97,54312.45,90435.42
2025-07-31,2025-07,2025,6110,0.0,0.0,0.0,165595.84,165595.84
2025-07-31,2025-07,2025,6120,6243.22,0.0,6243.22,21643.29,27886.51
2025-07-31,2025-07,2025,6130,0.0,0.0,0.0,4022.68,4022.68
2025-07-31,2025-07,2025,6140,131807.05,0.0,131807.05,500968.58,632775.63
2025-07-31,2025-07,2025,6150,16113.85,0.0,16113.85,92490.13,108603.98
2025-07-31,2025-07,2025,6160,0.0,0.0,0.0,25439.62,25439.62
2025-07-31,2025-07,2025,6170,22485.38,0.0,22485.38,81485.27,103970.65
2025-07-31,2025-07,2025,6180,849.84,0.0,849.84,35599.09,36448.93
2025-07-31,2025-07,2025,6190,76442.26,0.0,76442.26,521699.58,598141.84
2025-07-31,2025-07,2025,6200,0.0,23643.32,23643.32,159215.26,182858.58
2025-07-31,2025-07,2025,7000,5671.11,0.0,5671.11,32232.28,37903.39
2025-07-31,2025-07,2025,8000,22095.22,0.0,22095.22,141764.4,163859.62
2025-08-31,2025-08,2025,1010,1257719.18,1256486.95,1232.23,861203.92,862436.15
2025-08-31,2025-08,2025,1020,0.0,0.0,0.0,3500.0,3500.0
2025-08-31,2025-08,2025,1100,1426195.63,1288722.34,137473.29,3477131.41,3614604.7
2025-08-31,2025-08,2025,1110,0.0,0.0,-0.0,131947.85,131947.85
2025-08-31,2025-08,2025,1120,939.69,27024.52,-26084.83,-202354.41,-228439.24
2025-08-31,2025-08,2025,1200,0.0,0.0,0.0,512000.0,512000.0
2025-08-31,2025-08,2025,1210,0.0,0.0,0.0,168000.0,168000.0
2025-08-31,2025-08,2025,1220,0.0,0.0,0.0,396000.0,396000.0
2025-08-31,2025-08,2025,1230,0.0,0.0,-0.0,178727.75,178727.75
2025-08-31,2025-08,2025,1300,13291.59,0.0,13291.59,392922.0,406213.59
2025-08-31,2025-08,2025,1310,117021.64,117352.08,-330.44,100371.45,100041.01
2025-08-31,2025-08,2025,1400,0.0,0.0,0.0,2850000.0,2850000.0
2025-08-31,2025-08,2025,1410,0.0,0.0,0.0,640000.0,640000.0
2025-08-31,2025-08,2025,1420,0.0,0.0,0.0,210000.0,210000.0
2025-08-31,2025-08,2025,1430,0.0,0.0,0.0,480000.0,480000.0
2025-08-31,2025-08,2025,1440,0.0,6962.85,6962.85,1252924.52,1259887.37
2025-08-31,2025-08,2025,1450,0.0,0.0,-0.0,328000.0,328000.0
2025-08-31,2025-08,2025,1460,0.0,0.0,-0.0,96000.0,96000.0
2025-08-31,2025-08,2025,1500,0.0,0.0,0.0,850000.0,850000.0
2025-08-31,2025-08,2025,1600,0.0,0.0,0.0,55000.0,55000.0
2025-08-31,2025-08,2025,1990,16179.75,7400.0,8779.75,-55330.24,-46550.49
2025-08-31,2025-08,2025,2000,810559.88,909239.42,98679.54,2192694.39,2291373.93
2025-08-31,2025-08,2025,2010,0.0,21984.99,21984.99,558922.86,580907.85
2025-08-31,2025-08,2025,2020,0.0,13166.07,13166.07,323436.69,336602.76
2025-08-31,2025-08,2025,2100,184058.63,182941.27,-1117.36,162269.1,161151.74
2025-08-31,2025-08,2025,2110,73700.63,74330.79,630.16,107408.35,108038.51
2025-08-31,2025-08,2025,2120,15465.62,15928.03,462.41,43920.94,44383.35
2025-08-31,2025-08,2025,2130,0.0,26417.16,26417.16,434697.08,461114.24
2025-08-31,2025-08,2025,2300,0.0,0.0,-0.0,402000.0,402000.0
2025-08-31,2025-08,2025,2400,0.0,0.0,-0.0,168000.0,168000.0
2025-08-31,2025-08,2025,2500,0.0,0.0,-0.0,90000.0,90000.0
2025-08-31,2025-08,2025,3000,0.0,0.0,-0.0,1000000.0,1000000.0
2025-08-31,2025-08,2025,3100,0.0,0.0,-0.0,3494552.47,3494552.47
2025-08-31,2025-08,2025,3200,0.0,0.0,0.0,420000.0,420000.0
2025-08-31,2025-08,2025,3300,0.0,0.0,-0.0,180000.0,180000.0
2025-08-31,2025-08,2025,4000,0.0,764544.89,764544.89,4925306.57,5689851.46
2025-08-31,2025-08,2025,4010,0.0,212445.23,212445.23,1449699.58,1662144.81
2025-08-31,2025-08,2025,4020,0.0,242618.33,242618.33,1648711.11,1891329.44
2025-08-31,2025-08,2025,5000,455150.33,0.0,455150.33,2479507.37,2934657.7
2025-08-31,2025-08,2025,5010,157278.47,0.0,157278.47,1108854.41,1266132.88
2025-08-31,2025-08,2025,5020,57946.99,0.0,57946.99,388778.58,446725.57
2025-08-31,2025-08,2025,5030,0.0,0.0,0.0,43527.61,43527.61
2025-08-31,2025-08,2025,6000,115361.98,0.0,115361.98,797617.09,912979.07
2025-08-31,2025-08,2025,6020,37758.62,8112.57,29646.05,155648.56,185294.61
2025-08-31,2025-08,2025,6030,6962.85,0.0,6962.85,48910.16,55873.01
2025-08-31,2025-08,2025,6040,12073.68,24337.74,-12264.06,137619.78,125355.72
2025-08-31,2025-08,2025,6050,4094.05,10430.46,-6336.41,128806.92,122470.51
2025-08-31,2025-08,2025,6060,79749.59,15066.22,64683.37,140174.92,204858.29
2025-08-31,2025-08,2025,6070,0.0,0.0,0.0,115293.27,115293.27
2025-08-31,2025-08,2025,6080,0.0,2400.0,-2400.0,33090.03,30690.03
2025-08-31,2025-08,2025,6090,40557.18,0.0,40557.18,620720.9,661278.08
2025-08-31,2025-08,2025,6100,5456.7,0.0,5456.7,90435.42,95892.12
2025-08-31,2025-08,2025,6110,2037.72,0.0,2037.72,165595.84,167633.56
2025-08-31,2025-08,2025,6120,51139.66,0.0,51139.66,27886.51,79026.17
2025-08-31,2025-08,2025,6130,35522.09,0.0,35522.09,4022.68,39544.77
2025-08-31,2025-08,2025,6140,122499.59,0.0,122499.59,632775.63,755275.22
2025-08-31,2025-08,2025,6150,2219.66,0.0,2219.66,108603.98,110823.64
2025-08-31,2025-08,2025,6160,0.0,0.0,0.0,25439.62,25439.62
2025-08-31,2025-08,2025,6170,0.0,0.0,0.0,103970.65,103970.65
2025-08-31,2025-08,2025,6180,24178.63,0.0,24178.63,36448.93,60627.56
2025-08-31,2025-08,2025,6190,91321.14,0.0,91321.14,598141.84,689462.98
2025-08-31,2025-08,2025,6200,0.0,23645.91,23645.91,182858.58,206504.49
2025-08-31,2025-08,2025,7000,8699.49,0.0,8699.49,37903.39,46602.88
2025-08-31,2025-08,2025,8000,26417.16,0.0,26417.16,163859.62,190276.78
2025-09-30,2025-09,2025,1010,1054998.73,1128386.47,-73387.74,862436.15,789048.41
2025-09-30,2025-09,2025,1020,0.0,0.0,0.0,3500.0,3500.0
2025-09-30,2025-09,2025,1100,1246801.45,1071232.41,175569.04,3614604.7,3790173.74
2025-09-30,2025-09,2025,1110,0.0,17884.28,17884.28,131947.85,149832.13
2025-09-30,2025-09,2025,1120,24455.5,13445.72,11009.78,-228439.24,-217429.46
2025-09-30,2025-09,2025,1200,0.0,0.0,0.0,512000.0,512000.0
2025-09-30,2025-09,2025,1210,0.0,0.0,0.0,168000.0,168000.0
2025-09-30,2025-09,2025,1220,0.0,0.0,0.0,396000.0,396000.0
2025-09-30,2025-09,2025,1230,0.0,25929.42,25929.42,178727.75,204657.17
2025-09-30,2025-09,2025,1300,12424.71,0.0,12424.71,406213.59,418638.3
2025-09-30,2025-09,2025,1310,89259.91,88342.21,917.7,100041.01,100958.71
2025-09-30,2025-09,2025,1400,0.0,0.0,0.0,2850000.0,2850000.0
2025-09-30,2025-09,2025,1410,0.0,0.0,0.0,640000.0,640000.0
2025-09-30,2025-09,2025,1420,0.0,0.0,0.0,210000.0,210000.0
2025-09-30,2025-09,2025,1430,0.0,0.0,0.0,480000.0,480000.0
2025-09-30,2025-09,2025,1440,0.0,7069.79,7069.79,1259887.37,1266957.16
2025-09-30,2025-09,2025,1450,0.0,0.0,-0.0,328000.0,328000.0
2025-09-30,2025-09,2025,1460,0.0,0.0,-0.0,96000.0,96000.0
2025-09-30,2025-09,2025,1500,0.0,0.0,0.0,850000.0,850000.0
2025-09-30,2025-09,2025,1600,0.0,0.0,0.0,55000.0,55000.0
2025-09-30,2025-09,2025,1990,16991.62,21500.0,-4508.38,-46550.49,-51058.87
2025-09-30,2025-09,2025,2000,618867.6,701114.65,82247.05,2291373.93,2373620.98
2025-09-30,2025-09,2025,2010,731.6,14743.19,14011.59,580907.85,594919.44
2025-09-30,2025-09,2025,2020,0.0,15082.84,15082.84,336602.76,351685.6
2025-09-30,2025-09,2025,2100,155217.84,153572.43,-1645.41,161151.74,159506.33
2025-09-30,2025-09,2025,2110,73255.77,76136.81,2881.04,108038.51,110919.55
2025-09-30,2025-09,2025,2120,15421.4,16315.02,893.62,44383.35,45276.97
2025-09-30,2025-09,2025,2130,31508.14,31163.91,-344.23,461114.24,460770.01
2025-09-30,2025-09,2025,2300,0.0,0.0,-0.0,402000.0,402000.0
2025-09-30,2025-09,2025,2400,0.0,0.0,-0.0,168000.0,168000.0
2025-09-30,2025-09,2025,2500,0.0,0.0,-0.0,90000.0,90000.0
2025-09-30,2025-09,2025,3000,0.0,0.0,-0.0,1000000.0,1000000.0
2025-09-30,2025-09,2025,3100,0.0,0.0,-0.0,3494552.47,3494552.47
2025-09-30,2025-09,2025,3200,0.0,0.0,0.0,420000.0,420000.0
2025-09-30,2025-09,2025,3300,0.0,0.0,-0.0,180000.0,180000.0
2025-09-30,2025-09,2025,4000,0.0,592449.64,592449.64,5689851.46,6282301.1
2025-09-30,2025-09,2025,4010,0.0,229003.5,229003.5,1662144.81,1891148.31
2025-09-30,2025-09,2025,4020,0.0,202363.24,202363.24,1891329.44,2093692.68
2025-09-30,2025-09,2025,5000,282871.01,0.0,282871.01,2934657.7,3217528.71
2025-09-30,2025-09,2025,5010,160186.64,0.0,160186.64,1266132.88,1426319.52
2025-09-30,2025-09,2025,5020,56560.83,0.0,56560.83,446725.57,503286.4
2025-09-30,2025-09,2025,5030,25929.42,0.0,25929.42,43527.61,69457.03
2025-09-30,2025-09,2025,6000,112586.63,0.0,112586.63,912979.07,1025565.7
2025-09-30,2025-09,2025,6020,45767.43,7918.51,37848.92,185294.61,223143.53
2025-09-30,2025-09,2025,6030,7069.79,0.0,7069.79,55873.01,62942.8
2025-09-30,2025-09,2025,6040,28373.66,23755.55,4618.11,125355.72,129973.83
2025-09-30,2025-09,2025,6050,8461.1,10180.95,-1719.85,122470.51,120750.66
2025-09-30,2025-09,2025,6060,45542.23,14705.82,30836.41,204858.29,235694.7
2025-09-30,2025-09,2025,6070,0.0,0.0,0.0,115293.27,115293.27
2025-09-30,2025-09,2025,6080,33136.53,2400.0,30736.53,30690.03,61426.56
2025-09-30,2025-09,2025,6090,98644.51,0.0,98644.51,661278.08,759922.59
2025-09-30,2025-09,2025,6100,7603.29,0.0,7603.29,95892.12,103495.41
2025-09-30,2025-09,2025,6110,20058.44,0.0,20058.44,167633.56,187692.0
2025-09-30,2025-09,2025,6120,0.0,0.0,0.0,79026.17,79026.17
2025-09-30,2025-09,2025,6130,35666.7,0.0,35666.7,39544.77,75211.47
2025-09-30,2025-09,2025,6140,84759.48,0.0,84759.48,755275.22,840034.7
2025-09-30,2025-09,2025,6150,0.0,0.0,0.0,110823.64,110823.64
2025-09-30,2025-09,2025,6160,17884.28,0.0,17884.28,25439.62,43323.9
2025-09-30,2025-09,2025,6170,7865.28,0.0,7865.28,103970.65,111835.93
2025-09-30,2025-09,2025,6180,8048.9,0.0,8048.9,60627.56,68676.46
2025-09-30,2025-09,2025,6190,71691.01,0.0,71691.01,689462.98,761153.99
2025-09-30,2025-09,2025,6200,0.0,69412.64,69412.64,206504.49,275917.13
2025-09-30,2025-09,2025,7000,4303.66,0.0,4303.66,46602.88,50906.54
2025-09-30,2025-09,2025,8000,31163.91,0.0,31163.91,190276.78,221440.69
