Period,Month,ConsultantID,ConsultantName,Grade,AvailableHours,WorkedHours,BillableHours,UtilisationPct,StandardRateUSD,RealisedRateUSD
2023-01,2023-01-01,MX-C01,T. Makuvaza,Partner,168,137.3,94.9,56.5,80,78.65
2023-01,2023-01-01,MX-C02,S. Moyo,Senior Manager,168,118.8,97.2,57.9,120,94.61
2023-01,2023-01-01,MX-C03,J. Marufu,Manager,168,146.1,131.4,78.2,160,159.28
2023-01,2023-01-01,MX-C04,R. Chikafu,Senior Consultant,168,121.7,100.7,60.0,200,201.13
2023-01,2023-01-01,MX-C05,N. Zhou,Consultant,168,130.6,117.1,69.7,240,200.16
2023-01,2023-01-01,MX-C06,K. Dube,Data Analyst,168,131.1,114.6,68.2,200,174.27
2023-01,2023-01-01,MX-C07,P. Gumbo,Consultant,168,113.4,101.3,60.3,240,242.51
2023-01,2023-01-01,MX-C08,A. Banda,ML Engineer,168,117.6,106.7,63.5,160,125.04
2023-01,2023-01-01,MX-C09,L. Sibanda,Director,168,97.3,68.3,40.7,80,65.18
2023-01,2023-01-01,MX-C10,B. Ncube,Consultant,168,129.1,107.9,64.2,280,263.81
2023-02,2023-02-01,MX-C01,T. Makuvaza,Partner,168,119.8,96.0,57.1,80,81.54
2023-02,2023-02-01,MX-C02,S. Moyo,Senior Manager,168,117.7,102.1,60.8,120,118.57
2023-02,2023-02-01,MX-C03,J. Marufu,Manager,168,108.1,85.1,50.6,160,131.85
2023-02,2023-02-01,MX-C04,R. Chikafu,Senior Consultant,168,133.5,103.8,61.8,200,193.81
2023-02,2023-02-01,MX-C05,N. Zhou,Consultant,168,139.5,105.5,62.8,240,217.99
2023-02,2023-02-01,MX-C06,K. Dube,Data Analyst,168,137.3,89.7,53.4,200,167.78
2023-02,2023-02-01,MX-C07,P. Gumbo,Consultant,168,134.6,87.5,52.1,240,206.71
2023-02,2023-02-01,MX-C08,A. Banda,ML Engineer,168,121.1,82.5,49.1,160,144.81
2023-02,2023-02-01,MX-C09,L. Sibanda,Director,168,130.4,99.3,59.1,80,70.99
2023-02,2023-02-01,MX-C10,B. Ncube,Consultant,168,134.0,90.4,53.8,280,264.23
2023-03,2023-03-01,MX-C01,T. Makuvaza,Partner,168,137.0,90.1,53.6,80,74.98
2023-03,2023-03-01,MX-C02,S. Moyo,Senior Manager,168,125.8,102.9,61.3,120,86.69
2023-03,2023-03-01,MX-C03,J. Marufu,Manager,168,114.0,99.6,59.3,160,146.97
2023-03,2023-03-01,MX-C04,R. Chikafu,Senior Consultant,168,122.9,99.4,59.2,200,174.54
2023-03,2023-03-01,MX-C05,N. Zhou,Consultant,168,128.5,90.4,53.8,240,209.39
2023-03,2023-03-01,MX-C06,K. Dube,Data Analyst,168,114.7,101.6,60.5,200,148.2
2023-03,2023-03-01,MX-C07,P. Gumbo,Consultant,168,131.8,109.3,65.0,240,195.74
2023-03,2023-03-01,MX-C08,A. Banda,ML Engineer,168,130.6,84.4,50.2,160,128.05
2023-03,2023-03-01,MX-C09,L. Sibanda,Director,168,142.8,102.2,60.9,80,63.65
2023-03,2023-03-01,MX-C10,B. Ncube,Consultant,168,129.7,97.0,57.8,280,248.25
2023-04,2023-04-01,MX-C01,T. Makuvaza,Partner,168,76.7,66.6,39.6,80,67.73
2023-04,2023-04-01,MX-C02,S. Moyo,Senior Manager,168,113.6,92.9,55.3,120,93.57
2023-04,2023-04-01,MX-C03,J. Marufu,Manager,168,107.0,86.5,51.5,160,150.94
2023-04,2023-04-01,MX-C04,R. Chikafu,Senior Consultant,168,126.3,98.2,58.4,200,165.28
2023-04,2023-04-01,MX-C05,N. Zhou,Consultant,168,122.1,97.7,58.1,240,203.34
2023-04,2023-04-01,MX-C06,K. Dube,Data Analyst,168,94.7,65.0,38.7,200,147.16
2023-04,2023-04-01,MX-C07,P. Gumbo,Consultant,168,149.2,132.5,78.9,240,198.18
2023-04,2023-04-01,MX-C08,A. Banda,ML Engineer,168,99.5,85.9,51.1,160,158.62
2023-04,2023-04-01,MX-C09,L. Sibanda,Director,168,95.1,59.6,35.5,80,61.0
2023-04,2023-04-01,MX-C10,B. Ncube,Consultant,168,121.8,84.3,50.2,280,265.57
2023-05,2023-05-01,MX-C01,T. Makuvaza,Partner,168,104.4,86.5,51.5,80,80.6
2023-05,2023-05-01,MX-C02,S. Moyo,Senior Manager,168,114.5,85.0,50.6,120,89.66
2023-05,2023-05-01,MX-C03,J. Marufu,Manager,168,98.6,85.7,51.0,160,117.38
2023-05,2023-05-01,MX-C04,R. Chikafu,Senior Consultant,168,116.0,74.8,44.5,200,158.84
2023-05,2023-05-01,MX-C05,N. Zhou,Consultant,168,129.8,112.8,67.1,240,175.65
2023-05,2023-05-01,MX-C06,K. Dube,Data Analyst,168,109.1,78.9,47.0,200,166.24
2023-05,2023-05-01,MX-C07,P. Gumbo,Consultant,168,110.1,75.5,44.9,240,217.86
2023-05,2023-05-01,MX-C08,A. Banda,ML Engineer,168,127.4,95.5,56.8,160,132.03
2023-05,2023-05-01,MX-C09,L. Sibanda,Director,168,129.6,88.4,52.6,80,63.77
2023-05,2023-05-01,MX-C10,B. Ncube,Consultant,168,126.7,103.1,61.4,280,224.6
2023-06,2023-06-01,MX-C01,T. Makuvaza,Partner,168,126.8,93.6,55.7,80,77.88
2023-06,2023-06-01,MX-C02,S. Moyo,Senior Manager,168,107.2,91.2,54.3,120,116.61
2023-06,2023-06-01,MX-C03,J. Marufu,Manager,168,122.0,102.8,61.2,160,160.06
2023-06,2023-06-01,MX-C04,R. Chikafu,Senior Consultant,168,93.5,77.4,46.1,200,189.2
2023-06,2023-06-01,MX-C05,N. Zhou,Consultant,168,124.7,95.5,56.8,240,211.86
2023-06,2023-06-01,MX-C06,K. Dube,Data Analyst,168,123.6,95.2,56.7,200,182.36
2023-06,2023-06-01,MX-C07,P. Gumbo,Consultant,168,142.1,112.5,66.9,240,201.88
2023-06,2023-06-01,MX-C08,A. Banda,ML Engineer,168,106.7,72.6,43.2,160,122.46
2023-06,2023-06-01,MX-C09,L. Sibanda,Director,168,114.3,89.9,53.5,80,81.29
2023-06,2023-06-01,MX-C10,B. Ncube,Consultant,168,109.6,82.9,49.4,280,203.1
2023-07,2023-07-01,MX-C01,T. Makuvaza,Partner,168,133.6,101.9,60.7,80,72.97
2023-07,2023-07-01,MX-C02,S. Moyo,Senior Manager,168,119.8,79.4,47.3,120,122.21
2023-07,2023-07-01,MX-C03,J. Marufu,Manager,168,108.0,70.7,42.1,160,138.24
2023-07,2023-07-01,MX-C04,R. Chikafu,Senior Consultant,168,130.6,95.2,56.6,200,199.46
2023-07,2023-07-01,MX-C05,N. Zhou,Consultant,168,130.6,119.1,70.9,240,195.96
2023-07,2023-07-01,MX-C06,K. Dube,Data Analyst,168,121.4,79.1,47.1,200,163.45
2023-07,2023-07-01,MX-C07,P. Gumbo,Consultant,168,122.4,107.6,64.0,240,209.58
2023-07,2023-07-01,MX-C08,A. Banda,ML Engineer,168,109.5,78.4,46.7,160,149.0
2023-07,2023-07-01,MX-C09,L. Sibanda,Director,168,85.4,63.9,38.1,80,69.0
2023-07,2023-07-01,MX-C10,B. Ncube,Consultant,168,140.8,120.9,71.9,280,216.11
2023-08,2023-08-01,MX-C01,T. Makuvaza,Partner,168,118.4,101.4,60.4,80,66.56
2023-08,2023-08-01,MX-C02,S. Moyo,Senior Manager,168,131.0,97.0,57.8,120,89.06
2023-08,2023-08-01,MX-C03,J. Marufu,Manager,168,117.4,79.4,47.2,160,160.36
2023-08,2023-08-01,MX-C04,R. Chikafu,Senior Consultant,168,131.2,83.3,49.6,200,157.6
2023-08,2023-08-01,MX-C05,N. Zhou,Consultant,168,121.4,88.6,52.7,240,230.13
2023-08,2023-08-01,MX-C06,K. Dube,Data Analyst,168,104.9,92.3,54.9,200,157.81
2023-08,2023-08-01,MX-C07,P. Gumbo,Consultant,168,139.6,122.7,73.0,240,227.25
2023-08,2023-08-01,MX-C08,A. Banda,ML Engineer,168,138.5,108.4,64.5,160,126.42
2023-08,2023-08-01,MX-C09,L. Sibanda,Director,168,89.8,73.0,43.5,80,77.22
2023-08,2023-08-01,MX-C10,B. Ncube,Consultant,168,150.3,94.1,56.0,280,262.14
2023-09,2023-09-01,MX-C01,T. Makuvaza,Partner,168,135.5,123.1,73.3,80,78.9
2023-09,2023-09-01,MX-C02,S. Moyo,Senior Manager,168,135.7,121.1,72.1,120,103.69
2023-09,2023-09-01,MX-C03,J. Marufu,Manager,168,113.4,76.5,45.5,160,126.3
2023-09,2023-09-01,MX-C04,R. Chikafu,Senior Consultant,168,125.0,109.7,65.3,200,172.63
2023-09,2023-09-01,MX-C05,N. Zhou,Consultant,168,135.7,96.9,57.7,240,179.16
2023-09,2023-09-01,MX-C06,K. Dube,Data Analyst,168,117.6,83.9,49.9,200,151.59
2023-09,2023-09-01,MX-C07,P. Gumbo,Consultant,168,104.3,65.6,39.1,240,237.19
2023-09,2023-09-01,MX-C08,A. Banda,ML Engineer,168,135.9,118.3,70.4,160,131.64
2023-09,2023-09-01,MX-C09,L. Sibanda,Director,168,131.0,108.8,64.8,80,76.17
2023-09,2023-09-01,MX-C10,B. Ncube,Consultant,168,129.3,108.1,64.3,280,267.43
2023-10,2023-10-01,MX-C01,T. Makuvaza,Partner,168,119.9,85.0,50.6,80,69.54
2023-10,2023-10-01,MX-C02,S. Moyo,Senior Manager,168,110.3,69.4,41.3,120,118.19
2023-10,2023-10-01,MX-C03,J. Marufu,Manager,168,120.1,77.9,46.4,160,145.29
2023-10,2023-10-01,MX-C04,R. Chikafu,Senior Consultant,168,127.6,114.5,68.2,200,187.47
2023-10,2023-10-01,MX-C05,N. Zhou,Consultant,168,99.2,79.1,47.1,240,232.87
2023-10,2023-10-01,MX-C06,K. Dube,Data Analyst,168,91.6,80.6,48.0,200,146.25
2023-10,2023-10-01,MX-C07,P. Gumbo,Consultant,168,123.9,112.4,66.9,240,219.19
2023-10,2023-10-01,MX-C08,A. Banda,ML Engineer,168,154.5,142.0,84.5,160,118.36
2023-10,2023-10-01,MX-C09,L. Sibanda,Director,168,101.8,81.0,48.2,80,73.27
2023-10,2023-10-01,MX-C10,B. Ncube,Consultant,168,106.9,86.6,51.5,280,231.16
2023-11,2023-11-01,MX-C01,T. Makuvaza,Partner,168,132.1,115.4,68.7,80,70.16
2023-11,2023-11-01,MX-C02,S. Moyo,Senior Manager,168,109.3,69.5,41.4,120,121.18
2023-11,2023-11-01,MX-C03,J. Marufu,Manager,168,116.9,102.3,60.9,160,141.91
2023-11,2023-11-01,MX-C04,R. Chikafu,Senior Consultant,168,116.5,79.4,47.2,200,194.63
2023-11,2023-11-01,MX-C05,N. Zhou,Consultant,168,121.2,85.7,51.0,240,210.89
2023-11,2023-11-01,MX-C06,K. Dube,Data Analyst,168,113.9,97.0,57.7,200,167.36
2023-11,2023-11-01,MX-C07,P. Gumbo,Consultant,168,128.9,96.3,57.3,240,239.13
2023-11,2023-11-01,MX-C08,A. Banda,ML Engineer,168,109.0,97.4,58.0,160,140.88
2023-11,2023-11-01,MX-C09,L. Sibanda,Director,168,125.6,104.8,62.4,80,69.98
2023-11,2023-11-01,MX-C10,B. Ncube,Consultant,168,150.8,137.7,82.0,280,274.23
2023-12,2023-12-01,MX-C01,T. Makuvaza,Partner,168,139.8,107.6,64.0,80,63.44
2023-12,2023-12-01,MX-C02,S. Moyo,Senior Manager,168,138.9,93.8,55.8,120,111.7
2023-12,2023-12-01,MX-C03,J. Marufu,Manager,168,120.1,81.3,48.4,160,160.28
2023-12,2023-12-01,MX-C04,R. Chikafu,Senior Consultant,168,95.2,68.2,40.6,200,155.37
2023-12,2023-12-01,MX-C05,N. Zhou,Consultant,168,119.6,109.1,65.0,240,216.75
2023-12,2023-12-01,MX-C06,K. Dube,Data Analyst,168,113.8,80.1,47.7,200,201.17
2023-12,2023-12-01,MX-C07,P. Gumbo,Consultant,168,107.2,70.4,41.9,240,176.52
2023-12,2023-12-01,MX-C08,A. Banda,ML Engineer,168,118.4,75.4,44.9,160,130.18
2023-12,2023-12-01,MX-C09,L. Sibanda,Director,168,128.8,110.9,66.0,80,59.6
2023-12,2023-12-01,MX-C10,B. Ncube,Consultant,168,98.5,72.1,42.9,280,232.18
2024-01,2024-01-01,MX-C01,T. Makuvaza,Partner,168,160.2,115.7,68.9,80,60.71
2024-01,2024-01-01,MX-C02,S. Moyo,Senior Manager,168,120.2,89.2,53.1,120,106.92
2024-01,2024-01-01,MX-C03,J. Marufu,Manager,168,111.5,92.3,55.0,160,158.68
2024-01,2024-01-01,MX-C04,R. Chikafu,Senior Consultant,168,116.0,80.1,47.7,200,176.82
2024-01,2024-01-01,MX-C05,N. Zhou,Consultant,168,105.4,80.8,48.1,240,218.37
2024-01,2024-01-01,MX-C06,K. Dube,Data Analyst,168,106.0,70.7,42.1,200,148.42
2024-01,2024-01-01,MX-C07,P. Gumbo,Consultant,168,126.8,79.5,47.3,240,235.49
2024-01,2024-01-01,MX-C08,A. Banda,ML Engineer,168,118.0,77.4,46.0,160,136.71
2024-01,2024-01-01,MX-C09,L. Sibanda,Director,168,140.2,103.4,61.5,80,70.97
2024-01,2024-01-01,MX-C10,B. Ncube,Consultant,168,116.8,82.5,49.1,280,232.34
2024-02,2024-02-01,MX-C01,T. Makuvaza,Partner,168,100.1,69.4,41.3,80,79.8
2024-02,2024-02-01,MX-C02,S. Moyo,Senior Manager,168,104.7,85.1,50.7,120,90.78
2024-02,2024-02-01,MX-C03,J. Marufu,Manager,168,113.6,81.2,48.3,160,136.75
2024-02,2024-02-01,MX-C04,R. Chikafu,Senior Consultant,168,101.9,75.3,44.8,200,175.19
2024-02,2024-02-01,MX-C05,N. Zhou,Consultant,168,105.3,79.3,47.2,240,203.52
2024-02,2024-02-01,MX-C06,K. Dube,Data Analyst,168,145.8,122.7,73.0,200,189.14
2024-02,2024-02-01,MX-C07,P. Gumbo,Consultant,168,101.9,82.0,48.8,240,199.08
2024-02,2024-02-01,MX-C08,A. Banda,ML Engineer,168,141.9,95.0,56.6,160,129.08
2024-02,2024-02-01,MX-C09,L. Sibanda,Director,168,118.2,88.6,52.7,80,69.31
2024-02,2024-02-01,MX-C10,B. Ncube,Consultant,168,145.5,92.0,54.8,280,230.08
2024-03,2024-03-01,MX-C01,T. Makuvaza,Partner,168,129.2,103.0,61.3,80,71.02
2024-03,2024-03-01,MX-C02,S. Moyo,Senior Manager,168,148.2,121.4,72.2,120,107.19
2024-03,2024-03-01,MX-C03,J. Marufu,Manager,168,136.5,109.5,65.2,160,137.34
2024-03,2024-03-01,MX-C04,R. Chikafu,Senior Consultant,168,95.4,81.9,48.7,200,182.68
2024-03,2024-03-01,MX-C05,N. Zhou,Consultant,168,136.8,100.6,59.9,240,176.5
2024-03,2024-03-01,MX-C06,K. Dube,Data Analyst,168,129.5,88.3,52.6,200,202.73
2024-03,2024-03-01,MX-C07,P. Gumbo,Consultant,168,109.5,93.9,55.9,240,200.5
2024-03,2024-03-01,MX-C08,A. Banda,ML Engineer,168,146.7,117.4,69.9,160,123.01
2024-03,2024-03-01,MX-C09,L. Sibanda,Director,168,126.6,107.8,64.2,80,66.59
2024-03,2024-03-01,MX-C10,B. Ncube,Consultant,168,115.4,92.4,55.0,280,254.86
2024-04,2024-04-01,MX-C01,T. Makuvaza,Partner,168,113.9,94.0,55.9,80,73.29
2024-04,2024-04-01,MX-C02,S. Moyo,Senior Manager,168,129.6,94.3,56.1,120,109.8
2024-04,2024-04-01,MX-C03,J. Marufu,Manager,168,118.3,101.5,60.4,160,147.68
2024-04,2024-04-01,MX-C04,R. Chikafu,Senior Consultant,168,135.3,95.1,56.6,200,164.14
2024-04,2024-04-01,MX-C05,N. Zhou,Consultant,168,98.7,68.4,40.7,240,191.99
2024-04,2024-04-01,MX-C06,K. Dube,Data Analyst,168,125.6,110.0,65.5,200,163.51
2024-04,2024-04-01,MX-C07,P. Gumbo,Consultant,168,149.7,116.4,69.3,240,222.12
2024-04,2024-04-01,MX-C08,A. Banda,ML Engineer,168,114.6,100.5,59.8,160,139.58
2024-04,2024-04-01,MX-C09,L. Sibanda,Director,168,109.4,78.6,46.8,80,72.1
2024-04,2024-04-01,MX-C10,B. Ncube,Consultant,168,114.5,71.2,42.4,280,281.76
2024-05,2024-05-01,MX-C01,T. Makuvaza,Partner,168,110.7,95.7,57.0,80,71.99
2024-05,2024-05-01,MX-C02,S. Moyo,Senior Manager,168,142.9,122.7,73.0,120,107.12
2024-05,2024-05-01,MX-C03,J. Marufu,Manager,168,117.0,88.9,52.9,160,156.96
2024-05,2024-05-01,MX-C04,R. Chikafu,Senior Consultant,168,137.0,112.9,67.2,200,151.75
2024-05,2024-05-01,MX-C05,N. Zhou,Consultant,168,131.1,119.9,71.4,240,237.92
2024-05,2024-05-01,MX-C06,K. Dube,Data Analyst,168,106.9,85.8,51.1,200,154.18
2024-05,2024-05-01,MX-C07,P. Gumbo,Consultant,168,94.2,60.3,35.9,240,217.74
2024-05,2024-05-01,MX-C08,A. Banda,ML Engineer,168,93.3,59.2,35.2,160,120.33
2024-05,2024-05-01,MX-C09,L. Sibanda,Director,168,97.3,86.6,51.6,80,62.37
2024-05,2024-05-01,MX-C10,B. Ncube,Consultant,168,127.2,94.8,56.4,280,264.17
2024-06,2024-06-01,MX-C01,T. Makuvaza,Partner,168,109.7,100.1,59.6,80,69.48
2024-06,2024-06-01,MX-C02,S. Moyo,Senior Manager,168,117.5,93.9,55.9,120,90.8
2024-06,2024-06-01,MX-C03,J. Marufu,Manager,168,127.7,112.5,67.0,160,120.26
2024-06,2024-06-01,MX-C04,R. Chikafu,Senior Consultant,168,112.7,77.1,45.9,200,146.25
2024-06,2024-06-01,MX-C05,N. Zhou,Consultant,168,110.1,95.4,56.8,240,182.88
2024-06,2024-06-01,MX-C06,K. Dube,Data Analyst,168,133.6,86.3,51.4,200,190.4
2024-06,2024-06-01,MX-C07,P. Gumbo,Consultant,168,127.2,101.1,60.2,240,177.58
2024-06,2024-06-01,MX-C08,A. Banda,ML Engineer,168,104.6,91.9,54.7,160,133.01
2024-06,2024-06-01,MX-C09,L. Sibanda,Director,168,132.0,113.0,67.2,80,72.16
2024-06,2024-06-01,MX-C10,B. Ncube,Consultant,168,94.1,69.3,41.2,280,267.0
2024-07,2024-07-01,MX-C01,T. Makuvaza,Partner,168,140.9,99.9,59.5,80,72.64
2024-07,2024-07-01,MX-C02,S. Moyo,Senior Manager,168,128.6,105.2,62.6,120,103.14
2024-07,2024-07-01,MX-C03,J. Marufu,Manager,168,121.1,97.1,57.8,160,136.44
2024-07,2024-07-01,MX-C04,R. Chikafu,Senior Consultant,168,103.0,73.7,43.9,200,195.51
2024-07,2024-07-01,MX-C05,N. Zhou,Consultant,168,131.5,97.8,58.2,240,223.16
2024-07,2024-07-01,MX-C06,K. Dube,Data Analyst,168,102.5,89.4,53.2,200,170.52
2024-07,2024-07-01,MX-C07,P. Gumbo,Consultant,168,107.4,97.9,58.3,240,200.92
2024-07,2024-07-01,MX-C08,A. Banda,ML Engineer,168,119.9,94.2,56.0,160,153.35
2024-07,2024-07-01,MX-C09,L. Sibanda,Director,168,88.7,68.9,41.0,80,69.18
2024-07,2024-07-01,MX-C10,B. Ncube,Consultant,168,130.3,100.4,59.8,280,250.29
2024-08,2024-08-01,MX-C01,T. Makuvaza,Partner,168,116.3,101.0,60.1,80,62.02
2024-08,2024-08-01,MX-C02,S. Moyo,Senior Manager,168,128.5,91.3,54.4,120,90.46
2024-08,2024-08-01,MX-C03,J. Marufu,Manager,168,95.3,63.0,37.5,160,146.42
2024-08,2024-08-01,MX-C04,R. Chikafu,Senior Consultant,168,107.8,94.8,56.4,200,163.75
2024-08,2024-08-01,MX-C05,N. Zhou,Consultant,168,118.7,96.2,57.2,240,238.58
2024-08,2024-08-01,MX-C06,K. Dube,Data Analyst,168,123.6,93.6,55.7,200,178.43
2024-08,2024-08-01,MX-C07,P. Gumbo,Consultant,168,113.6,78.6,46.8,240,224.18
2024-08,2024-08-01,MX-C08,A. Banda,ML Engineer,168,116.9,90.3,53.7,160,154.22
2024-08,2024-08-01,MX-C09,L. Sibanda,Director,168,121.6,90.3,53.7,80,77.61
2024-08,2024-08-01,MX-C10,B. Ncube,Consultant,168,139.3,105.3,62.7,280,276.04
2024-09,2024-09-01,MX-C01,T. Makuvaza,Partner,168,113.4,80.0,47.6,80,72.94
2024-09,2024-09-01,MX-C02,S. Moyo,Senior Manager,168,128.8,111.3,66.3,120,104.01
2024-09,2024-09-01,MX-C03,J. Marufu,Manager,168,149.1,129.6,77.1,160,129.63
2024-09,2024-09-01,MX-C04,R. Chikafu,Senior Consultant,168,96.1,73.6,43.8,200,197.39
2024-09,2024-09-01,MX-C05,N. Zhou,Consultant,168,130.7,99.2,59.1,240,194.46
2024-09,2024-09-01,MX-C06,K. Dube,Data Analyst,168,151.1,95.8,57.0,200,188.26
2024-09,2024-09-01,MX-C07,P. Gumbo,Consultant,168,131.9,116.8,69.5,240,183.27
2024-09,2024-09-01,MX-C08,A. Banda,ML Engineer,168,113.9,94.1,56.0,160,119.18
2024-09,2024-09-01,MX-C09,L. Sibanda,Director,168,122.5,77.9,46.3,80,75.53
2024-09,2024-09-01,MX-C10,B. Ncube,Consultant,168,110.5,84.3,50.2,280,246.19
2024-10,2024-10-01,MX-C01,T. Makuvaza,Partner,168,128.2,82.3,49.0,80,63.02
2024-10,2024-10-01,MX-C02,S. Moyo,Senior Manager,168,128.3,112.6,67.0,120,118.27
2024-10,2024-10-01,MX-C03,J. Marufu,Manager,168,111.4,101.0,60.1,160,161.61
2024-10,2024-10-01,MX-C04,R. Chikafu,Senior Consultant,168,141.4,92.6,55.1,200,167.11
2024-10,2024-10-01,MX-C05,N. Zhou,Consultant,168,133.6,91.8,54.7,240,187.05
2024-10,2024-10-01,MX-C06,K. Dube,Data Analyst,168,117.0,75.5,44.9,200,167.22
2024-10,2024-10-01,MX-C07,P. Gumbo,Consultant,168,119.5,88.3,52.5,240,176.75
2024-10,2024-10-01,MX-C08,A. Banda,ML Engineer,168,126.4,89.3,53.2,160,143.57
2024-10,2024-10-01,MX-C09,L. Sibanda,Director,168,131.3,111.0,66.1,80,75.44
2024-10,2024-10-01,MX-C10,B. Ncube,Consultant,168,124.8,95.9,57.1,280,239.93
2024-11,2024-11-01,MX-C01,T. Makuvaza,Partner,168,102.7,89.5,53.3,80,79.96
2024-11,2024-11-01,MX-C02,S. Moyo,Senior Manager,168,126.0,112.6,67.0,120,120.4
2024-11,2024-11-01,MX-C03,J. Marufu,Manager,168,118.6,82.5,49.1,160,136.85
2024-11,2024-11-01,MX-C04,R. Chikafu,Senior Consultant,168,135.5,97.6,58.1,200,198.11
2024-11,2024-11-01,MX-C05,N. Zhou,Consultant,168,128.8,81.3,48.4,240,180.88
2024-11,2024-11-01,MX-C06,K. Dube,Data Analyst,168,98.4,64.2,38.2,200,161.87
2024-11,2024-11-01,MX-C07,P. Gumbo,Consultant,168,87.7,67.6,40.2,240,177.08
2024-11,2024-11-01,MX-C08,A. Banda,ML Engineer,168,122.0,110.0,65.5,160,137.89
2024-11,2024-11-01,MX-C09,L. Sibanda,Director,168,136.7,98.4,58.6,80,79.55
2024-11,2024-11-01,MX-C10,B. Ncube,Consultant,168,73.1,67.0,39.9,280,209.24
2024-12,2024-12-01,MX-C01,T. Makuvaza,Partner,168,147.5,117.1,69.7,80,64.62
2024-12,2024-12-01,MX-C02,S. Moyo,Senior Manager,168,114.2,82.9,49.3,120,99.58
2024-12,2024-12-01,MX-C03,J. Marufu,Manager,168,136.4,98.3,58.5,160,119.69
2024-12,2024-12-01,MX-C04,R. Chikafu,Senior Consultant,168,113.3,91.7,54.6,200,183.23
2024-12,2024-12-01,MX-C05,N. Zhou,Consultant,168,123.7,86.8,51.6,240,181.64
2024-12,2024-12-01,MX-C06,K. Dube,Data Analyst,168,99.6,66.2,39.4,200,202.67
2024-12,2024-12-01,MX-C07,P. Gumbo,Consultant,168,150.3,103.2,61.4,240,230.38
2024-12,2024-12-01,MX-C08,A. Banda,ML Engineer,168,120.5,91.8,54.6,160,143.68
2024-12,2024-12-01,MX-C09,L. Sibanda,Director,168,152.9,129.8,77.3,80,80.42
2024-12,2024-12-01,MX-C10,B. Ncube,Consultant,168,141.0,102.0,60.7,280,249.63
2025-01,2025-01-01,MX-C01,T. Makuvaza,Partner,168,141.6,129.7,77.2,80,68.82
2025-01,2025-01-01,MX-C02,S. Moyo,Senior Manager,168,133.4,103.2,61.4,120,103.99
2025-01,2025-01-01,MX-C03,J. Marufu,Manager,168,104.4,88.9,52.9,160,147.18
2025-01,2025-01-01,MX-C04,R. Chikafu,Senior Consultant,168,153.4,96.4,57.4,200,154.17
2025-01,2025-01-01,MX-C05,N. Zhou,Consultant,168,154.9,102.9,61.2,240,224.99
2025-01,2025-01-01,MX-C06,K. Dube,Data Analyst,168,142.7,115.7,68.8,200,147.39
2025-01,2025-01-01,MX-C07,P. Gumbo,Consultant,168,118.4,101.5,60.4,240,213.98
2025-01,2025-01-01,MX-C08,A. Banda,ML Engineer,168,117.1,78.9,47.0,160,154.51
2025-01,2025-01-01,MX-C09,L. Sibanda,Director,168,124.6,78.7,46.8,80,72.43
2025-01,2025-01-01,MX-C10,B. Ncube,Consultant,168,106.0,69.4,41.3,280,262.53
2025-02,2025-02-01,MX-C01,T. Makuvaza,Partner,168,104.0,81.8,48.7,80,70.67
2025-02,2025-02-01,MX-C02,S. Moyo,Senior Manager,168,138.1,89.8,53.4,120,99.1
2025-02,2025-02-01,MX-C03,J. Marufu,Manager,168,128.7,112.4,66.9,160,130.32
2025-02,2025-02-01,MX-C04,R. Chikafu,Senior Consultant,168,135.6,122.5,72.9,200,167.65
2025-02,2025-02-01,MX-C05,N. Zhou,Consultant,168,95.0,61.9,36.8,240,214.14
2025-02,2025-02-01,MX-C06,K. Dube,Data Analyst,168,115.5,101.4,60.3,200,154.83
2025-02,2025-02-01,MX-C07,P. Gumbo,Consultant,168,129.8,106.2,63.2,240,182.01
2025-02,2025-02-01,MX-C08,A. Banda,ML Engineer,168,138.6,107.4,63.9,160,121.66
2025-02,2025-02-01,MX-C09,L. Sibanda,Director,168,129.9,116.3,69.2,80,57.89
2025-02,2025-02-01,MX-C10,B. Ncube,Consultant,168,97.1,74.0,44.1,280,250.25
2025-03,2025-03-01,MX-C01,T. Makuvaza,Partner,168,111.0,90.3,53.8,80,67.03
2025-03,2025-03-01,MX-C02,S. Moyo,Senior Manager,168,130.1,117.1,69.7,120,90.08
2025-03,2025-03-01,MX-C03,J. Marufu,Manager,168,124.0,87.8,52.3,160,139.3
2025-03,2025-03-01,MX-C04,R. Chikafu,Senior Consultant,168,119.5,79.4,47.2,200,198.1
2025-03,2025-03-01,MX-C05,N. Zhou,Consultant,168,125.3,86.7,51.6,240,233.58
2025-03,2025-03-01,MX-C06,K. Dube,Data Analyst,168,126.7,115.8,68.9,200,148.95
2025-03,2025-03-01,MX-C07,P. Gumbo,Consultant,168,131.9,87.5,52.1,240,205.81
2025-03,2025-03-01,MX-C08,A. Banda,ML Engineer,168,89.2,66.2,39.4,160,137.9
2025-03,2025-03-01,MX-C09,L. Sibanda,Director,168,103.6,71.0,42.2,80,78.55
2025-03,2025-03-01,MX-C10,B. Ncube,Consultant,168,107.0,73.0,43.4,280,264.98
2025-04,2025-04-01,MX-C01,T. Makuvaza,Partner,168,102.3,73.9,44.0,80,69.21
2025-04,2025-04-01,MX-C02,S. Moyo,Senior Manager,168,107.3,96.3,57.3,120,97.49
2025-04,2025-04-01,MX-C03,J. Marufu,Manager,168,125.8,90.0,53.6,160,129.53
2025-04,2025-04-01,MX-C04,R. Chikafu,Senior Consultant,168,127.4,91.0,54.2,200,159.52
2025-04,2025-04-01,MX-C05,N. Zhou,Consultant,168,147.4,100.7,60.0,240,183.09
2025-04,2025-04-01,MX-C06,K. Dube,Data Analyst,168,121.1,109.8,65.4,200,173.3
2025-04,2025-04-01,MX-C07,P. Gumbo,Consultant,168,125.5,101.7,60.5,240,224.55
2025-04,2025-04-01,MX-C08,A. Banda,ML Engineer,168,106.9,83.7,49.8,160,116.2
2025-04,2025-04-01,MX-C09,L. Sibanda,Director,168,136.3,118.0,70.2,80,63.19
2025-04,2025-04-01,MX-C10,B. Ncube,Consultant,168,130.4,112.4,66.9,280,255.09
2025-05,2025-05-01,MX-C01,T. Makuvaza,Partner,168,108.9,97.7,58.1,80,75.92
2025-05,2025-05-01,MX-C02,S. Moyo,Senior Manager,168,111.1,89.6,53.3,120,96.92
2025-05,2025-05-01,MX-C03,J. Marufu,Manager,168,133.3,92.4,55.0,160,145.81
2025-05,2025-05-01,MX-C04,R. Chikafu,Senior Consultant,168,115.7,81.2,48.4,200,201.89
2025-05,2025-05-01,MX-C05,N. Zhou,Consultant,168,113.1,100.6,59.9,240,197.89
2025-05,2025-05-01,MX-C06,K. Dube,Data Analyst,168,138.4,105.2,62.6,200,173.68
2025-05,2025-05-01,MX-C07,P. Gumbo,Consultant,168,102.5,89.7,53.4,240,188.52
2025-05,2025-05-01,MX-C08,A. Banda,ML Engineer,168,99.2,63.1,37.6,160,150.67
2025-05,2025-05-01,MX-C09,L. Sibanda,Director,168,139.5,101.9,60.7,80,63.2
2025-05,2025-05-01,MX-C10,B. Ncube,Consultant,168,117.1,105.6,62.9,280,265.14
2025-06,2025-06-01,MX-C01,T. Makuvaza,Partner,168,102.6,79.1,47.1,80,62.21
2025-06,2025-06-01,MX-C02,S. Moyo,Senior Manager,168,114.2,94.2,56.1,120,105.51
2025-06,2025-06-01,MX-C03,J. Marufu,Manager,168,102.1,71.5,42.5,160,150.42
2025-06,2025-06-01,MX-C04,R. Chikafu,Senior Consultant,168,103.8,73.7,43.9,200,194.32
2025-06,2025-06-01,MX-C05,N. Zhou,Consultant,168,105.0,74.2,44.1,240,190.46
2025-06,2025-06-01,MX-C06,K. Dube,Data Analyst,168,110.8,81.5,48.5,200,148.57
2025-06,2025-06-01,MX-C07,P. Gumbo,Consultant,168,124.3,95.0,56.5,240,209.61
2025-06,2025-06-01,MX-C08,A. Banda,ML Engineer,168,134.7,88.2,52.5,160,151.06
2025-06,2025-06-01,MX-C09,L. Sibanda,Director,168,121.5,109.1,65.0,80,66.24
2025-06,2025-06-01,MX-C10,B. Ncube,Consultant,168,120.1,98.5,58.6,280,252.06
2025-07,2025-07-01,MX-C01,T. Makuvaza,Partner,168,88.1,61.7,36.7,80,80.58
2025-07,2025-07-01,MX-C02,S. Moyo,Senior Manager,168,134.2,116.4,69.3,120,121.09
2025-07,2025-07-01,MX-C03,J. Marufu,Manager,168,125.3,113.5,67.6,160,122.79
2025-07,2025-07-01,MX-C04,R. Chikafu,Senior Consultant,168,118.4,101.8,60.6,200,161.07
2025-07,2025-07-01,MX-C05,N. Zhou,Consultant,168,127.5,103.4,61.5,240,208.14
2025-07,2025-07-01,MX-C06,K. Dube,Data Analyst,168,122.9,79.4,47.2,200,157.46
2025-07,2025-07-01,MX-C07,P. Gumbo,Consultant,168,136.4,110.1,65.6,240,201.0
2025-07,2025-07-01,MX-C08,A. Banda,ML Engineer,168,108.2,75.2,44.8,160,151.67
2025-07,2025-07-01,MX-C09,L. Sibanda,Director,168,115.8,103.2,61.4,80,79.77
2025-07,2025-07-01,MX-C10,B. Ncube,Consultant,168,125.4,99.1,59.0,280,213.73
2025-08,2025-08-01,MX-C01,T. Makuvaza,Partner,168,138.9,86.7,51.6,80,80.5
2025-08,2025-08-01,MX-C02,S. Moyo,Senior Manager,168,101.0,84.2,50.1,120,94.37
2025-08,2025-08-01,MX-C03,J. Marufu,Manager,168,135.4,122.3,72.8,160,141.64
2025-08,2025-08-01,MX-C04,R. Chikafu,Senior Consultant,168,102.0,93.7,55.8,200,154.83
2025-08,2025-08-01,MX-C05,N. Zhou,Consultant,168,84.5,57.0,33.9,240,177.77
2025-08,2025-08-01,MX-C06,K. Dube,Data Analyst,168,151.0,109.2,65.0,200,166.06
2025-08,2025-08-01,MX-C07,P. Gumbo,Consultant,168,111.9,95.8,57.0,240,215.07
2025-08,2025-08-01,MX-C08,A. Banda,ML Engineer,168,101.5,90.2,53.7,160,127.07
2025-08,2025-08-01,MX-C09,L. Sibanda,Director,168,122.2,92.1,54.8,80,69.69
2025-08,2025-08-01,MX-C10,B. Ncube,Consultant,168,118.4,88.8,52.9,280,234.51
2025-09,2025-09-01,MX-C01,T. Makuvaza,Partner,168,113.2,89.2,53.1,80,69.63
2025-09,2025-09-01,MX-C02,S. Moyo,Senior Manager,168,113.8,80.4,47.8,120,94.73
2025-09,2025-09-01,MX-C03,J. Marufu,Manager,168,141.1,104.1,61.9,160,138.56
2025-09,2025-09-01,MX-C04,R. Chikafu,Senior Consultant,168,101.5,65.9,39.2,200,174.5
2025-09,2025-09-01,MX-C05,N. Zhou,Consultant,168,128.3,81.9,48.7,240,202.96
2025-09,2025-09-01,MX-C06,K. Dube,Data Analyst,168,134.6,112.3,66.8,200,196.76
2025-09,2025-09-01,MX-C07,P. Gumbo,Consultant,168,131.6,96.7,57.6,240,191.9
2025-09,2025-09-01,MX-C08,A. Banda,ML Engineer,168,141.2,126.6,75.4,160,145.38
2025-09,2025-09-01,MX-C09,L. Sibanda,Director,168,122.3,100.4,59.8,80,72.68
2025-09,2025-09-01,MX-C10,B. Ncube,Consultant,168,100.1,71.2,42.4,280,271.49
