Item,Type,Est_Hours,Status,Date_Started,Date_Completed,Lab_Done,Score_Out_Of_100,Notes
"00 — Environment setup (install, sign in, test report)",Setup,1,Not started,,,No,,
"01 — Getting Started with Power BI",Module,4,Not started,,,No,,
"02 — Connecting & Shaping Data (Power Query)",Module,6,Not started,,,No,,
"03 — Data Modelling & the Star Schema",Module,8,Not started,,,No,,
"04 — DAX Fundamentals",Module,8,Not started,,,No,,
"05 — Advanced DAX: Time, Balance & Context",Module,10,Not started,,,No,,
"06 — Financial Statement Design",Module,10,Not started,,,No,,
"07 — Visualisation & Dashboard Design",Module,8,Not started,,,No,,
"08 — Analytics, KPIs & Discovery",Module,8,Not started,,,No,,
"09 — Forensic Accounting Analytics",Module,12,Not started,,,No,,
"10 — Fraud Investigation Project",Module,10,Not started,,,No,,
"11 — Machine Learning & AI in Power BI",Module,12,Not started,,,No,,
"12 — The Advisory Practice",Module,6,Not started,,,No,,
"Capstone 1 — Forensic Investigation",Capstone,8,Not started,,,No,,
"Capstone 2 — Financial Reporting Pack",Capstone,8,Not started,,,No,,
"Capstone 3 — Data Analytics Engagement",Capstone,8,Not started,,,No,,
"Capstone 4 — AI & Advisory Service",Capstone,8,Not started,,,No,,
"Practical Exam 1 — Modelling & DAX (4 hrs)",Assessment,4,Not started,,,No,,
"Practical Exam 2 — Forensic Analytics (5 hrs)",Assessment,5,Not started,,,No,,
"Practical Exam 3 — Advisory Proposal (2 hrs)",Assessment,2,Not started,,,No,,
"Quizzes 1-12 (60 questions)",Assessment,4,Not started,,,No,,
"Self-assessment checklist signed off",Milestone,1,Not started,,,No,,
"Portfolio: 3 artefacts written up for clients/prospects",Milestone,4,Not started,,,No,,
"PL-300 exam booked (optional certification)",Milestone,1,Not started,,,No,,
